 RAW,4.000,1,684,540,996,369,281,492,383.0,313.9,485.9,0
 RAW,4.125,0,553,431,525,553,431,525,425.5,343.1,495.7,0
 RAW,4.250,1,80,91,82,369,281,177,411.3,327.6,416.0,0
 RAW,4.375,0,531,448,995,531,431,525,441.3,353.5,443.3,0
 RAW,4.500,1,707,548,836,553,448,836,469.2,377.1,541.5,0
 RAW,4.625,0,193,161,52,531,431,525,484.6,390.6,537.3,0
 RAW,4.750,1,279,259,520,279,259,520,433.2,357.7,533.0,0
 RAW,4.875,0,773,595,974,531,448,836,457.7,380.3,608.8,0
 RAW,5.000,1,344,263,144,344,263,520,429.3,350.9,586.6,0
 RAW,5.125,0,111,125,188,279,259,188,391.7,328.0,486.9,0
 RAW,5.250,1,692,541,994,344,263,520,379.8,311.7,495.2,0
 RAW,5.375,0,537,415,486,537,415,486,419.1,337.5,492.9,0
 RAW,5.500,1,76,88,89,344,263,188,400.3,318.9,416.7,0
 RAW,5.625,0,551,459,997,537,415,486,434.5,342.9,434.0,0
 RAW,5.750,1,717,548,814,551,459,814,463.6,371.9,529.0,0
 RAW,5.875,0,188,150,56,537,415,486,482.0,382.7,518.3,0
 RAW,6.000,1,298,270,546,298,270,546,436.0,354.5,525.2,0
 RAW,6.125,0,775,587,970,551,459,814,464.7,380.6,597.4,0
 RAW,6.250,1,340,255,154,340,270,546,433.5,353.0,584.5,0
 RAW,6.375,0,112,130,195,298,255,195,399.7,328.5,487.2,0
 RAW,6.500,1,718,562,995,340,270,546,384.7,313.9,501.9,0
 RAW,6.625,0,609,647,287,609,562,287,440.8,375.9,448.2,0
 PROC,6.625,0,56,62,0.9032,1.2333,1.0000,+0.00,+0.00,0.1017,-0.1978,474
 RAW,6.750,1,57,66,50,340,255,195,415.6,345.7,384.9,0
 RAW,6.875,0,914,720,1021,609,562,287,464.0,399.8,360.4,1
 PROC,6.875,0,48,54,0.8889,1.1644,1.0000,+0.00,+0.00,0.1176,-0.1347,372
 RAW,7.000,1,912,899,841,718,647,841,527.5,461.6,480.5,0
 RAW,7.125,0,48,64,27,609,647,287,547.8,507.9,432.2,0
 PROC,7.125,0,20,46,0.4348,1.0185,1.0000,+0.00,+0.00,0.8327,0.0587,456
 RAW,7.250,1,466,429,824,466,429,824,527.4,488.2,530.1,0
 RAW,7.375,0,989,973,989,912,720,841,623.5,546.1,607.8,0
 PROC,7.375,0,96,58,1.6552,1.1458,1.0000,+0.00,+0.00,-0.4935,-0.0517,568
 RAW,7.500,1,142,293,40,466,429,824,584.2,516.9,661.9,0
 RAW,7.625,0,94,114,173,142,293,173,473.6,460.9,539.7,0
 PROC,7.625,0,111,56,1.9821,1.3131,1.0000,+0.00,+0.00,-0.6587,-0.1731,600
 RAW,7.750,1,987,982,1019,466,429,824,471.7,452.9,610.7,1
 RAW,7.875,0,468,521,71,468,521,173,470.8,469.9,501.3,0
 RAW,8.000,1,49,67,74,142,293,74,388.6,425.7,394.5,0
 RAW,8.125,0,982,789,1019,468,521,173,408.4,449.5,339.1,1
 RAW,8.250,1,864,854,744,864,789,744,522.3,534.4,440.3,0
 RAW,8.375,0,53,58,28,468,521,74,508.7,531.0,348.8,0
 RAW,8.500,1,556,512,990,556,512,744,520.6,526.3,447.6,0
 RAW,8.625,0,983,966,978,864,789,978,606.4,592.0,580.2,0
 PROC,8.625,0,86,65,1.3231,1.3151,1.0000,+0.00,+0.00,-0.2781,-0.1941,513
 RAW,8.750,1,84,256,40,556,512,744,593.8,572.0,621.1,0
 RAW,8.875,0,127,143,236,127,256,236,477.1,493.0,524.8,0
 PROC,8.875,0,116,79,1.4684,1.3457,1.0000,+0.00,+0.00,-0.3795,-0.2312,572
 RAW,9.000,1,986,978,1015,556,512,978,496.8,497.7,638.1,1
 RAW,9.125,0,455,513,55,455,513,236,486.4,501.6,537.6,0
 RAW,9.250,1,47,68,70,127,256,70,396.5,440.2,420.7,0
 RAW,9.375,0,980,792,1020,455,513,236,411.1,458.4,374.5,1
 RAW,9.500,1,866,857,738,866,792,738,524.9,541.8,465.4,0
 RAW,9.625,0,54,59,30,455,513,70,507.4,534.6,366.5,0
 RAW,9.750,1,546,499,977,546,499,738,517.0,525.7,459.4,0
 RAW,9.875,0,986,965,978,866,792,977,604.3,592.3,588.8,0
 PROC,9.875,0,87,67,1.2985,1.3363,1.0000,+0.00,+0.00,-0.2597,-0.2369,523
 RAW,10.000,1,71,240,41,546,499,738,589.7,568.9,626.1,0
 RAW,10.125,0,129,149,242,129,240,242,474.5,486.7,530.1,0
 PROC,10.125,0,115,82,1.4024,1.3495,1.0000,+0.00,+0.00,-0.3350,-0.2565,578
 RAW,10.250,1,990,984,1018,546,499,977,492.4,489.8,641.8,1
 RAW,10.375,0,456,513,60,456,513,242,483.3,495.6,541.9,0
 RAW,10.500,1,49,67,68,129,240,68,394.7,431.7,423.4,0
 RAW,10.625,0,981,797,1021,456,513,242,410.0,452.0,378.0,1
 RAW,10.750,1,873,857,752,873,797,752,525.8,538.3,471.5,0
 RAW,10.875,0,53,54,29,456,513,68,508.3,531.9,370.7,0
 RAW,11.000,1,531,496,943,531,496,752,514.0,523.0,466.0,0
 RAW,11.125,0,984,968,980,873,797,943,603.8,591.5,585.2,0
 PROC,11.125,0,89,69,1.2899,1.3376,1.0000,+0.00,+0.00,-0.2532,-0.2559,525
 RAW,11.250,1,71,242,39,531,496,752,585.6,567.6,626.9,0
 RAW,11.375,0,118,141,222,118,242,222,468.7,486.2,525.7,0
 PROC,11.375,0,117,81,1.4444,1.3590,1.0000,+0.00,+0.00,-0.3636,-0.2774,575
 RAW,11.500,1,988,984,1018,531,496,943,484.3,488.7,630.0,1
 RAW,11.625,0,473,527,72,473,527,222,481.4,498.2,528.0,0
 RAW,11.750,1,50,61,61,118,242,72,390.6,434.2,414.0,0
 RAW,11.875,0,982,796,1020,473,527,222,411.2,457.4,366.0,1
 RAW,12.000,1,874,864,764,874,796,764,526.9,542.0,465.5,0
 RAW,12.125,0,53,62,29,473,527,72,513.4,538.3,367.1,0
 RAW,12.250,1,522,481,938,522,481,764,515.6,524.0,466.3,0
 RAW,12.375,0,987,978,974,874,796,938,605.2,592.0,584.3,0
 PROC,12.375,0,90,68,1.3235,1.3519,1.0000,+0.00,+0.00,-0.2785,-0.2776,525
 RAW,12.500,1,95,267,38,522,481,764,584.4,564.2,629.2,0
 RAW,12.625,0,124,146,226,124,267,226,469.3,489.9,528.4,0
 PROC,12.625,0,115,75,1.5333,1.3882,1.0000,+0.00,+0.00,-0.4211,-0.3063,578
 RAW,12.750,1,988,976,1016,522,481,938,482.5,487.7,630.8,1
 RAW,12.875,0,479,535,89,479,535,226,481.6,499.5,529.6,0
 RAW,13.000,1,48,64,67,124,267,89,392.2,441.4,419.4,0
 RAW,13.125,0,977,770,1021,479,535,226,413.9,464.8,371.1,1
 RAW,13.250,1,870,861,756,870,770,756,527.9,541.1,467.3,0
 RAW,13.375,0,51,78,32,479,535,89,515.7,539.6,372.7,0
 RAW,13.500,1,510,466,913,510,466,756,514.3,521.2,468.6,0
 RAW,13.625,0,988,967,985,870,770,913,603.2,583.4,579.7,0
 PROC,13.625,0,89,62,1.4355,1.3976,1.0000,+0.00,+0.00,-0.3576,-0.3166,523
 RAW,13.750,1,167,320,41,510,466,756,579.9,554.0,623.7,0
 RAW,13.875,0,83,110,163,167,320,163,476.7,495.5,508.6,0
 PROC,13.875,0,103,59,1.7458,1.4673,1.0000,+0.00,+0.00,-0.5432,-0.3619,565
 RAW,14.000,1,988,978,1020,510,466,913,485.0,488.1,609.7,1
 RAW,14.125,0,573,617,258,573,617,258,507.0,520.4,521.8,0
 RAW,14.250,1,57,65,57,167,320,163,422.0,470.3,432.1,0
 RAW,14.375,0,929,757,1022,573,617,258,459.8,507.0,388.5,1
 RAW,14.500,1,923,911,846,923,757,846,575.6,569.5,502.9,0
 RAW,14.625,0,53,50,27,573,617,258,574.9,581.3,441.7,0
 RAW,14.750,1,441,411,764,441,411,764,541.4,538.8,522.3,0
 RAW,14.875,0,992,974,993,923,757,846,636.8,593.3,603.2,0
 PROC,14.875,0,95,55,1.7273,1.5193,1.0000,+0.00,+0.00,-0.5333,-0.3962,562
 RAW,15.000,1,142,273,38,441,411,764,587.9,547.7,643.4,0
 RAW,15.125,0,87,103,157,142,273,157,476.4,479.1,521.8,0
 PROC,15.125,0,111,68,1.6324,1.5419,1.0000,+0.00,+0.00,-0.4804,-0.4130,582
 RAW,15.250,1,987,986,1021,441,411,764,467.6,462.0,582.3,1
 RAW,15.375,0,560,604,260,560,604,260,490.7,497.5,501.8,0
 RAW,15.500,1,51,55,53,142,273,157,403.5,441.4,415.6,0
 RAW,15.625,0,931,778,1022,560,604,260,442.6,482.0,376.7,1
 PROC,15.625,0,39,41,0.9512,1.4237,1.0000,+0.00,+0.00,0.0500,-0.3204,395
 RAW,15.750,1,925,912,858,925,778,858,563.2,556.0,497.0,0
 RAW,15.875,0,52,51,23,560,604,260,562.4,568.0,437.8,0
 RAW,16.000,1,429,400,749,429,400,749,529.1,526.0,515.6,0
 RAW,16.125,0,996,975,994,925,778,858,628.0,589.0,601.2,0
 PROC,16.125,0,99,63,1.5714,1.4533,1.0000,+0.00,+0.00,-0.4444,-0.3452,558
 RAW,16.250,1,158,281,36,429,400,749,578.3,541.8,638.1,0
 RAW,16.375,0,85,102,153,158,281,153,473.2,476.6,516.8,0
 PROC,16.375,0,105,65,1.6154,1.4857,1.0000,+0.00,+0.00,-0.4706,-0.3703,577
 RAW,16.500,1,983,985,1021,429,400,749,462.2,457.4,574.9,1
 RAW,16.625,0,568,608,272,568,608,272,488.6,495.1,499.2,0
 RAW,16.750,1,51,59,54,158,281,153,406.0,441.6,412.6,0
 RAW,16.875,0,926,772,1022,568,608,272,446.5,483.2,377.5,1
 PROC,16.875,0,41,42,0.9762,1.3838,1.0000,+0.00,+0.00,0.0241,-0.2914,394
 RAW,17.000,1,925,913,864,925,772,864,566.1,555.4,499.1,0
 RAW,17.125,0,53,49,26,568,608,272,566.6,568.5,442.3,0
 RAW,17.250,1,435,407,758,435,407,758,533.7,528.1,521.2,0
 RAW,17.375,0,993,977,993,925,772,864,631.5,589.1,606.9,0
 PROC,17.375,0,98,61,1.6066,1.4284,1.0000,+0.00,+0.00,-0.4654,-0.3262,563
 RAW,17.500,1,158,282,35,435,407,758,582.4,543.6,644.7,0
 RAW,17.625,0,91,108,150,158,282,150,476.3,478.2,521.0,0
 PROC,17.625,0,106,65,1.6308,1.4688,1.0000,+0.00,+0.00,-0.4795,-0.3569,582
 RAW,17.750,1,985,985,1021,435,407,758,466.0,460.4,580.3,1
 RAW,17.875,0,575,614,283,575,614,283,493.2,498.8,506.0,0
 RAW,18.000,1,51,58,50,158,282,150,409.4,444.6,417.0,0
 RAW,18.125,0,918,761,1023,575,614,283,450.8,486.9,383.5,1
 PROC,18.125,0,41,42,0.9762,1.3703,1.0000,+0.00,+0.00,0.0241,-0.2807,399
 RAW,18.250,1,930,913,853,918,761,853,567.6,555.5,500.9,0
 RAW,18.375,0,54,51,26,575,614,283,569.5,570.1,446.4,0
 RAW,18.500,1,416,388,722,416,388,722,531.1,524.6,515.3,0
 RAW,18.625,0,992,977,997,918,761,853,627.8,583.7,599.7,0
 PROC,18.625,0,96,59,1.6271,1.4217,1.0000,+0.00,+0.00,-0.4774,-0.3200,557
 RAW,18.750,1,173,293,32,416,388,722,574.9,534.8,630.3,0
 RAW,18.875,0,76,102,143,173,293,143,474.4,474.3,508.5,0
 PROC,18.875,0,100,60,1.6667,1.4707,1.0000,+0.00,+0.00,-0.5000,-0.3560,569
 RAW,19.000,1,986,982,1020,416,388,722,459.8,452.7,561.9,1
 RAW,19.125,0,589,622,298,589,622,298,492.1,495.1,495.9,0
 PROC,19.125,0,33,43,0.7674,1.3300,1.0000,+0.00,+0.00,0.2632,-0.2322,528
 RAW,19.250,1,52,57,46,173,293,143,412.3,444.5,407.7,0
 RAW,19.375,0,907,754,1023,589,622,298,456.5,488.9,380.2,1
 PROC,19.375,0,44,44,1.0000,1.2640,1.0000,+0.00,+0.00,-0.0000,-0.1858,393
 RAW,19.500,1,926,919,871,907,754,871,569.1,555.2,502.9,0
 RAW,19.625,0,52,57,26,589,622,298,574.1,571.9,451.7,0
 RAW,19.750,1,410,387,717,410,387,717,533.1,525.7,518.0,0
 RAW,19.875,0,993,976,999,907,754,871,626.6,582.7,606.3,0
 PROC,19.875,0,93,57,1.6316,1.3375,1.0000,+0.00,+0.00,-0.4800,-0.2446,562
 RAW,20.000,1,178,299,37,410,387,717,572.4,533.8,634.0,0
 RAW,20.125,0,80,103,154,178,299,154,473.8,475.1,514.0,0
 PROC,20.125,0,99,58,1.7069,1.4114,1.0000,+0.00,+0.00,-0.5223,-0.3001,573
 RAW,20.250,1,985,982,1018,410,387,717,457.9,453.1,564.7,1
 RAW,20.375,0,593,628,308,593,628,308,491.6,496.8,500.5,0
 PROC,20.375,0,34,43,0.7907,1.2873,1.0000,+0.00,+0.00,0.2338,-0.1934,532
 RAW,20.500,1,49,57,48,178,299,154,413.2,447.4,413.9,0
 RAW,20.625,0,888,745,1023,593,628,308,458.2,492.5,387.4,1
 PROC,20.625,0,45,45,1.0000,1.2298,1.0000,+0.00,+0.00,-0.0000,-0.1547,400
 RAW,20.750,1,929,918,869,888,745,869,565.6,555.6,507.8,0
 RAW,20.875,0,54,55,29,593,628,308,572.5,573.7,457.9,0
 RAW,21.000,1,397,373,683,397,373,683,528.6,523.5,514.2,0
 RAW,21.125,0,991,977,1000,888,745,869,618.5,578.9,602.9,0
 PROC,21.125,0,90,55,1.6364,1.3111,1.0000,+0.00,+0.00,-0.4828,-0.2203,558
 RAW,21.250,1,236,370,38,397,373,683,563.1,527.4,622.9,0
 RAW,21.375,0,87,111,128,236,370,128,481.3,488.1,499.2,0
 RAW,21.500,1,980,736,1014,397,373,683,460.2,459.3,545.1,0
 RAW,21.625,0,666,566,383,666,566,383,511.7,486.0,504.6,0
 RAW,21.750,1,59,89,59,236,370,128,442.8,457.0,410.4,0
 RAW,21.875,0,684,498,1008,666,498,383,498.6,467.2,403.6,0
 RAW,22.000,1,922,733,868,684,566,868,544.9,491.9,519.7,0
 RAW,22.125,0,190,165,51,666,498,383,575.2,493.4,485.5,0
 RAW,22.250,1,307,275,573,307,275,573,508.1,438.8,507.4,0
 RAW,22.375,0,988,781,1000,684,498,868,552.1,453.6,597.5,0
 RAW,22.500,1,383,274,46,383,275,573,509.8,409.0,591.4,0
 RAW,22.625,0,87,113,165,307,274,165,459.1,375.2,484.8,0
 RAW,22.750,1,910,568,998,383,275,573,440.1,350.2,506.9,0
 RAW,22.875,0,697,468,501,697,468,501,504.3,379.6,505.4,0
 RAW,23.000,1,69,79,64,383,274,165,474.0,353.2,420.3,0
 RAW,23.125,0,636,485,1005,636,468,501,514.5,381.9,440.5,0
 RAW,23.250,1,941,749,914,697,485,914,560.1,407.7,558.9,0
 RAW,23.375,0,161,235,35,636,468,501,579.1,422.8,544.4,0
 RAW,23.500,1,243,215,450,243,235,450,495.1,375.8,520.8,0
 RAW,23.625,0,982,675,999,636,485,914,530.3,403.1,619.1,0
 RAW,23.750,1,439,320,43,439,320,450,507.5,382.3,576.8,0
 RAW,23.875,0,73,92,115,243,235,115,441.4,345.5,461.4,0
 RAW,24.000,1,939,607,1013,439,320,450,440.8,339.1,458.5,0
 RAW,24.125,0,777,547,584,777,547,584,524.8,391.1,489.9,0
 PROC,24.125,0,84,52,1.6154,1.3720,1.0000,+0.00,+0.00,-0.4706,-0.2704,473
 RAW,24.250,1,67,87,76,439,320,115,503.4,373.3,396.2,0
 RAW,24.375,0,581,448,974,581,448,584,522.8,392.0,443.1,0
 RAW,24.500,1,910,550,849,777,547,849,586.3,430.7,544.6,0
 RAW,24.625,0,268,175,60,581,448,584,585.0,435.1,554.4,0
 RAW,24.750,1,260,227,443,268,227,443,505.7,383.0,526.6,0
 RAW,24.875,0,937,590,980,581,448,849,524.6,399.3,607.2,0
 RAW,25.000,1,471,278,159,471,278,443,511.2,369.0,566.1,0
 RAW,25.125,0,105,110,163,268,227,163,450.4,333.5,465.4,0
 RAW,25.250,1,787,547,999,471,278,443,455.5,319.6,459.8,0
 RAW,25.375,0,712,433,579,712,433,579,519.7,348.0,489.6,0
 RAW,25.500,1,99,89,64,471,278,163,507.5,330.5,407.9,0
 RAW,25.625,0,514,386,823,514,386,579,509.1,344.3,450.7,0
 RAW,25.750,1,871,545,864,712,433,823,559.8,366.5,543.8,0
 RAW,25.875,0,279,178,68,514,386,579,548.4,371.4,552.6,0
 RAW,26.000,1,227,200,380,279,200,380,481.0,328.5,509.4,0
 RAW,26.125,0,864,569,984,514,386,823,489.3,342.9,587.8,0
 RAW,26.250,1,481,299,274,481,299,380,487.2,331.9,535.9,0
 RAW,26.375,0,92,112,158,279,200,274,435.2,298.9,470.4,0
 RAW,26.500,1,743,505,1003,481,299,380,446.6,299.0,447.8,0
 RAW,26.625,0,741,461,634,741,461,634,520.2,339.5,494.4,0
 PROC,26.625,0,74,41,1.8049,1.4586,1.0000,+0.00,+0.00,-0.5739,-0.3311,470
 RAW,26.750,1,124,100,67,481,299,274,510.4,329.4,439.3,0
 RAW,26.875,0,478,374,840,478,374,634,502.3,340.5,487.9,0
 RAW,27.000,1,927,583,903,741,461,840,562.0,370.6,576.0,0
 RAW,27.125,0,259,241,49,478,374,634,541.0,371.5,590.5,0
 RAW,27.250,1,159,167,311,259,241,311,470.5,338.9,520.6,0
 RAW,27.375,0,988,743,1004,478,374,840,472.4,347.6,600.5,0
 RAW,27.500,1,507,441,45,507,441,311,481.0,371.0,528.1,0
 RAW,27.625,0,62,89,98,259,241,98,425.5,338.5,420.6,0
 RAW,27.750,1,895,676,1020,507,441,311,445.9,364.1,393.2,1
 RAW,27.875,0,848,843,705,848,676,705,546.4,442.1,471.1,0
 PROC,27.875,0,101,78,1.2949,1.4258,1.0000,+0.00,+0.00,-0.2570,-0.3163,432
 RAW,28.000,1,56,145,32,507,441,98,536.6,441.8,377.8,0
 RAW,28.125,0,475,423,931,475,423,705,521.2,437.1,459.6,0
 RAW,28.250,1,985,929,987,848,676,931,602.9,496.8,577.5,0
 RAW,28.375,0,287,380,49,475,423,705,570.9,478.4,609.4,0
 RAW,28.500,1,98,124,182,287,380,182,499.9,453.8,502.5,0
 RAW,28.625,0,986,734,1018,475,423,931,493.7,446.1,609.6,1
 RAW,28.750,1,635,539,231,635,539,231,529.0,469.3,515.0,0
 RAW,28.875,0,59,78,59,287,380,182,468.5,447.0,431.7,0
 RAW,29.000,1,667,516,1011,635,516,231,510.1,464.2,381.6,0
 RAW,29.125,0,919,705,848,667,539,848,549.4,482.9,498.2,0
 RAW,29.250,1,129,152,33,635,516,231,570.8,491.2,431.4,0
 RAW,29.375,0,334,314,694,334,314,694,511.6,446.9,497.0,0
 PROC,29.375,0,59,45,1.3111,1.4029,1.0000,+0.00,+0.00,-0.2692,-0.3068,464
 RAW,29.500,1,987,780,998,667,516,848,550.4,464.2,584.8,0
 RAW,29.625,0,389,358,39,389,358,694,510.1,437.6,612.1,0
 RAW,29.750,1,84,107,143,334,314,143,466.1,406.7,494.8,0
 RAW,29.875,0,836,649,1014,389,358,694,446.8,394.5,544.6,0
 RAW,30.000,1,731,551,393,731,551,393,517.8,433.7,506.7,0
 RAW,30.125,0,55,106,44,389,358,143,485.6,414.7,415.8,0
 RAW,30.250,1,584,503,1011,584,503,393,510.2,436.8,410.1,0
 RAW,30.375,0,950,767,940,731,551,940,565.4,465.4,542.6,0
 RAW,30.500,1,268,247,31,584,503,393,570.1,474.8,505.2,0
 RAW,30.625,0,240,246,525,268,247,525,494.5,417.8,510.1,0
 PROC,30.625,0,76,57,1.3333,1.3890,1.0000,+0.00,+0.00,-0.2857,-0.3026,507
 RAW,30.750,1,992,748,998,584,503,940,516.9,439.1,617.6,0
 RAW,30.875,0,460,379,46,460,379,525,502.7,424.1,594.4,0
 RAW,31.000,1,59,108,148,268,247,148,444.0,379.8,482.8,0
 RAW,31.125,0,865,613,1007,460,379,525,448.0,379.6,493.4,0
 RAW,31.250,1,737,528,434,737,528,434,520.3,416.7,478.5,0
 RAW,31.375,0,60,106,35,460,379,148,505.2,407.3,395.9,0
 RAW,31.500,1,562,468,1002,562,468,434,519.4,422.5,405.4,0
 RAW,31.625,0,925,641,861,737,528,861,573.8,448.8,519.3,0
 RAW,31.750,1,303,218,46,562,468,434,570.8,453.6,498.0,0
 RAW,31.875,0,226,211,448,303,218,448,503.9,394.7,485.5,0
 PROC,31.875,0,67,59,1.1356,1.3383,1.0000,+0.00,+0.00,-0.1270,-0.2675,491
 RAW,32.000,1,943,655,1000,562,468,861,518.4,413.0,579.4,0
 RAW,32.125,0,495,331,53,495,331,448,512.6,392.5,546.5,0
 RAW,32.250,1,80,95,134,303,218,134,460.2,348.9,443.4,0
 RAW,32.375,0,736,542,1005,495,331,448,468.9,344.4,444.5,0
 RAW,32.500,1,766,517,606,736,517,606,535.7,387.6,484.9,0
 RAW,32.625,0,146,165,65,495,331,134,525.5,373.4,397.2,0
 RAW,32.750,1,448,384,882,448,384,606,506.1,376.1,449.4,0
 RAW,32.875,0,899,622,916,736,517,882,563.6,411.3,557.5,0
 RAW,33.000,1,324,227,59,448,384,606,534.7,404.5,569.7,0
 RAW,33.125,0,155,159,315,324,227,315,482.0,360.1,506.0,0
 PROC,33.125,0,52,44,1.1818,1.3070,1.0000,+0.00,+0.00,-0.1667,-0.2473,537
 RAW,33.250,1,836,585,995,448,384,882,473.5,366.1,600.0,0
 RAW,33.375,0,516,225,191,516,227,315,484.1,331.3,528.7,0
 RAW,33.500,1,54,73,94,324,225,191,444.1,304.7,444.3,0
 RAW,33.625,0,613,463,989,516,225,315,462.1,284.8,412.0,0
 RAW,33.750,1,780,513,718,613,463,718,499.8,329.3,488.5,0
 RAW,33.875,0,209,165,53,516,225,191,503.9,303.3,414.1,0
 RAW,34.000,1,339,292,681,339,292,681,462.6,300.4,480.8,0
 RAW,34.125,0,849,549,949,613,463,718,500.2,341.1,540.1,0
 PROC,34.125,0,38,41,0.9268,1.2310,1.0000,+0.00,+0.00,0.0759,-0.1827,510
 RAW,34.250,1,341,193,49,341,292,681,460.4,328.8,575.3,0
 RAW,34.375,0,130,156,236,339,193,236,430.1,294.9,490.5,0
 RAW,34.500,1,792,563,989,341,292,681,407.8,294.1,538.1,0
 RAW,34.625,0,588,481,364,588,481,364,452.9,340.9,494.6,0
 PROC,34.625,0,45,46,0.9783,1.1804,1.0000,+0.00,+0.00,0.0220,-0.1417,516
 RAW,34.750,1,62,112,85,341,193,236,424.9,303.9,429.9,0
 RAW,34.875,0,574,475,996,574,475,364,462.2,346.7,413.5,0
 PROC,34.875,0,38,43,0.8837,1.1211,1.0000,+0.00,+0.00,0.1235,-0.0887,421
 RAW,35.000,1,805,562,789,588,481,789,493.6,380.3,507.3,0
 RAW,35.125,0,214,171,59,574,475,364,513.7,403.9,471.5,0
 RAW,35.250,1,282,269,576,282,269,576,455.8,370.2,497.6,0
 RAW,35.375,0,842,598,972,574,475,789,485.3,396.4,570.5,0
 RAW,35.500,1,417,266,57,417,269,576,468.3,364.6,571.9,0
 RAW,35.625,0,102,130,210,282,266,210,421.7,339.9,481.4,0
 RAW,35.750,1,943,635,996,417,269,576,420.5,322.2,505.0,0
 RAW,35.875,0,663,485,397,663,485,397,481.1,362.9,478.0,0
 PROC,35.875,0,61,40,1.5250,1.2019,1.0000,+0.00,+0.00,-0.4158,-0.1541,491
 RAW,36.000,1,58,84,79,417,266,210,465.1,338.7,411.0,0
 RAW,36.125,0,667,502,996,663,485,397,514.6,375.3,407.5,0
 RAW,36.250,1,906,655,826,667,502,826,552.7,406.9,512.1,0
 RAW,36.375,0,158,181,59,663,485,397,580.3,426.5,483.4,0
 RAW,36.500,1,274,261,517,274,261,517,503.7,385.1,491.8,0
 RAW,36.625,0,988,712,995,667,502,826,544.5,414.3,575.3,0
 RAW,36.750,1,392,348,56,392,348,517,506.4,397.7,560.7,0
 RAW,36.875,0,81,106,170,274,261,170,448.3,363.6,463.1,0
 RAW,37.000,1,921,612,1003,392,348,517,434.2,359.7,476.5,0
 RAW,37.125,0,714,521,474,714,521,474,504.2,400.0,475.9,0
 PROC,37.125,0,70,40,1.7500,1.3115,1.0000,+0.00,+0.00,-0.5455,-0.2324,475
 RAW,37.250,1,62,95,60,392,348,170,476.1,387.0,399.4,0
 RAW,37.375,0,609,463,992,609,463,474,509.3,406.0,418.1,0
 RAW,37.500,1,931,628,869,714,521,869,560.5,434.7,530.8,0
 RAW,37.625,0,223,186,54,609,463,474,572.6,441.8,516.6,0
 RAW,37.750,1,207,210,412,223,210,412,485.2,383.9,490.5,0
 RAW,37.875,0,980,624,977,609,463,869,516.2,403.6,585.1,0
 RAW,38.000,1,472,303,64,472,303,412,505.1,378.5,541.8,0
 RAW,38.125,0,68,95,128,223,210,128,434.6,336.4,438.4,0
 PROC,38.125,0,71,42,1.6905,1.3873,1.0000,+0.00,+0.00,-0.5133,-0.2886,489
 RAW,38.250,1,792,540,1001,472,303,412,443.9,328.0,431.8,0
 RAW,38.375,0,809,527,646,792,527,646,531.0,377.8,485.3,0
 PROC,38.375,0,87,49,1.7755,1.4649,1.0000,+0.00,+0.00,-0.5588,-0.3426,458
 RAW,38.500,1,97,106,67,472,303,128,516.2,359.1,396.0,0
 RAW,38.625,0,467,371,806,467,371,646,503.9,362.1,458.5,0
 RAW,38.750,1,958,612,919,792,527,806,575.9,403.3,545.4,0
 RAW,38.875,0,326,220,69,467,371,646,548.7,395.2,570.5,0
 RAW,39.000,1,164,164,287,326,220,287,493.0,351.4,499.6,0
 RAW,39.125,0,926,596,988,467,371,806,486.5,356.3,576.2,0
 RAW,39.250,1,572,367,280,572,367,287,507.9,359.0,503.9,0
 RAW,39.375,0,59,84,126,326,220,280,462.4,324.2,447.9,0
 RAW,39.500,1,694,501,989,572,367,287,489.8,334.9,407.7,0
 RAW,39.625,0,843,542,718,694,501,718,540.9,376.4,485.3,0
 PROC,39.625,0,51,42,1.2143,1.4148,1.0000,+0.00,+0.00,-0.1935,-0.3128,446
 RAW,39.750,1,169,131,65,572,367,280,548.6,374.1,434.0,0
 RAW,39.875,0,400,323,679,400,323,679,511.5,361.3,495.2,0
 RAW,40.000,1,965,631,947,694,501,718,557.1,396.2,550.9,0
 RAW,40.125,0,357,239,60,400,323,679,517.8,377.9,582.9,0
 RAW,40.250,1,138,149,261,357,239,261,477.6,343.2,502.5,0
 RAW,40.375,0,879,581,988,400,323,679,458.2,338.1,546.6,0
 RAW,40.500,1,616,405,356,616,405,356,497.7,354.9,498.9,0
 RAW,40.625,0,67,89,98,357,239,261,462.5,325.9,439.5,0
 RAW,40.750,1,668,490,994,616,405,356,500.9,345.7,418.6,0
 RAW,40.875,0,869,579,758,668,490,758,542.7,381.8,503.4,0
 RAW,41.000,1,196,160,64,616,405,356,561.0,387.6,466.6,0
 RAW,41.125,0,353,295,606,353,295,606,509.0,364.4,501.4,0
 RAW,41.250,1,975,631,968,668,490,758,548.7,395.8,565.6,0
 RAW,41.375,0,402,262,55,402,295,606,512.1,370.6,575.7,0
 RAW,41.500,1,115,129,214,353,262,214,472.3,343.5,485.3,0
 RAW,41.625,0,861,573,988,402,295,606,454.7,331.3,515.4,0
 RAW,41.750,1,670,443,434,670,443,434,508.5,359.3,495.1,0
 RAW,41.875,0,62,87,88,402,262,214,481.9,334.9,424.8,0
 RAW,42.000,1,611,460,985,611,443,434,514.2,362.0,427.1,0
 RAW,42.125,0,898,578,801,670,460,801,553.1,386.5,520.6,0
 RAW,42.250,1,239,178,58,611,443,434,567.6,400.6,498.9,0
 RAW,42.375,0,290,253,506,290,253,506,498.2,363.7,500.7,0
 RAW,42.500,1,978,628,973,611,460,801,526.4,387.8,575.8,0
 RAW,42.625,0,439,295,100,439,295,506,504.6,364.6,558.3,0
 RAW,42.750,1,100,120,183,290,253,183,450.9,336.7,464.5,0
 RAW,42.875,0,816,555,990,439,295,506,447.9,326.3,474.9,0
 RAW,43.000,1,729,481,547,729,481,547,518.2,364.9,492.9,0
 RAW,43.125,0,91,94,69,439,295,183,498.4,347.5,415.4,0
 RAW,43.250,1,610,478,981,610,478,547,526.3,380.1,448.3,0
 RAW,43.375,0,915,607,839,729,481,839,577.0,405.3,546.0,0
 RAW,43.500,1,262,190,61,610,478,547,585.2,423.5,546.2,0
 RAW,43.625,0,250,236,469,262,236,469,504.4,376.6,526.9,0
 PROC,43.625,0,81,47,1.7234,1.4765,1.0000,+0.00,+0.00,-0.5312,-0.3565,536
 RAW,43.750,1,975,690,990,610,478,839,530.8,402.0,604.9,0
 RAW,43.875,0,452,315,59,452,315,469,511.1,380.2,571.0,0
 RAW,44.000,1,89,111,154,262,236,154,448.8,344.2,466.7,0
 RAW,44.125,0,812,580,1000,452,315,469,449.6,336.9,467.3,0
 RAW,44.250,1,744,524,524,744,524,524,523.2,383.7,481.5,0
 RAW,44.375,0,66,80,64,452,315,154,505.4,366.5,399.6,0
 RAW,44.500,1,574,449,988,574,449,524,522.6,387.1,430.7,0
 RAW,44.625,0,938,693,871,744,524,871,577.9,421.3,540.8,0
 RAW,44.750,1,226,201,54,574,449,524,576.9,428.3,536.6,0
 RAW,44.875,0,212,208,419,226,208,419,489.2,373.2,507.2,0
 PROC,44.875,0,87,55,1.5818,1.4976,1.0000,+0.00,+0.00,-0.4507,-0.3753,521
 RAW,45.000,1,982,685,979,574,449,871,510.4,392.1,598.1,0
 RAW,45.125,0,438,337,56,438,337,419,492.3,378.4,553.4,0
 RAW,45.250,1,64,91,132,226,208,132,425.7,335.8,448.0,0
 RAW,45.375,0,817,572,1000,438,337,419,428.8,336.1,440.8,0
 RAW,45.500,1,792,575,601,792,572,601,519.6,395.1,480.8,0
 RAW,45.625,0,58,106,60,438,337,132,499.2,380.5,393.6,0
 RAW,45.750,1,525,427,963,525,427,601,505.6,392.2,445.5,0
 RAW,45.875,0,957,697,910,792,572,910,577.2,437.1,561.6,0
 PROC,45.875,0,72,45,1.6000,1.5181,1.0000,+0.00,+0.00,-0.4615,-0.3926,503
 RAW,46.000,1,257,242,58,525,427,601,564.2,434.6,571.4,0
 RAW,46.125,0,181,177,348,257,242,348,487.4,386.4,515.6,0
 PROC,46.125,0,77,48,1.6042,1.5353,1.0000,+0.00,+0.00,-0.4640,-0.4069,543
 RAW,46.250,1,981,677,995,525,427,910,496.8,396.6,614.2,0
 RAW,46.375,0,491,357,99,491,357,348,495.3,386.7,547.6,0
 RAW,46.500,1,63,86,112,257,242,112,435.8,350.5,438.7,0
 RAW,46.625,0,791,565,1000,491,357,348,449.6,352.1,416.0,0
 RAW,46.750,1,816,614,641,791,565,641,534.9,405.4,472.3,0
 RAW,46.875,0,67,130,51,491,357,112,523.9,393.3,382.2,0
 RAW,47.000,1,487,398,905,487,398,641,514.7,394.4,446.9,0
 RAW,47.125,0,960,701,930,791,565,905,583.8,437.1,561.4,0
 PROC,47.125,0,69,43,1.6047,1.5492,1.0000,+0.00,+0.00,-0.4643,-0.4183,503
 RAW,47.250,1,279,251,65,487,398,641,559.6,427.3,581.3,0
 RAW,47.375,0,164,165,325,279,251,325,489.4,383.2,517.2,0
 PROC,47.375,0,70,44,1.5909,1.5575,1.0000,+0.00,+0.00,-0.4561,-0.4259,549
 RAW,47.500,1,973,659,991,487,398,905,488.8,386.9,614.2,0
 RAW,47.625,0,517,398,161,517,398,325,495.9,389.7,541.9,0
 RAW,47.750,1,61,77,103,279,251,161,441.7,355.0,446.7,0
 RAW,47.875,0,802,565,999,517,398,325,460.5,365.8,416.2,0
 RAW,48.000,1,816,624,644,802,565,644,545.9,415.6,473.2,0
 RAW,48.125,0,61,133,54,517,398,161,538.7,411.2,395.1,0
 RAW,48.250,1,509,423,919,509,423,644,531.2,414.1,457.4,0
 RAW,48.375,0,969,765,935,802,565,919,598.9,451.9,572.8,0
 RAW,48.500,1,235,262,60,509,423,644,576.4,444.6,590.6,0
 RAW,48.625,0,169,171,327,235,262,327,491.1,399.0,524.7,0
 PROC,48.625,0,85,46,1.8478,1.6156,1.0000,+0.00,+0.00,-0.5954,-0.4598,557
 RAW,48.750,1,984,719,1000,509,423,919,495.6,405.0,623.3,0
 RAW,48.875,0,495,416,104,495,416,327,495.4,407.7,549.2,0
 RAW,49.000,1,56,80,109,235,262,109,430.3,371.3,439.1,0
 RAW,49.125,0,843,611,1003,495,416,327,446.5,382.5,411.1,0
 RAW,49.250,1,827,677,652,827,611,652,541.6,439.6,471.3,0
 RAW,49.375,0,59,142,52,495,416,109,530.0,433.7,380.7,0
 RAW,49.500,1,508,433,916,508,433,652,524.5,433.5,448.6,0
 RAW,49.625,0,967,796,938,827,611,916,600.1,477.9,565.4,0
 PROC,49.625,0,76,44,1.7273,1.6379,1.0000,+0.00,+0.00,-0.5333,-0.4745,506
 RAW,49.750,1,211,261,57,508,433,652,577.1,466.7,587.1,0
 RAW,49.875,0,167,173,325,211,261,325,485.6,415.3,521.5,0
 PROC,49.875,0,92,51,1.8039,1.6711,1.0000,+0.00,+0.00,-0.5734,-0.4943,554
 RAW,50.000,1,981,687,998,508,433,916,491.2,419.7,620.2,0
 RAW,50.125,0,506,365,117,506,365,325,494.9,406.0,546.4,0
 RAW,50.250,1,58,91,104,211,261,117,423.9,369.8,439.0,0
 RAW,50.375,0,793,559,999,506,365,325,444.4,368.6,410.5,0
 RAW,50.500,1,836,578,673,793,559,673,531.6,416.2,476.1,0
 RAW,50.625,0,92,126,57,506,365,117,525.2,403.4,386.4,0
 RAW,50.750,1,431,354,770,431,354,673,501.6,391.0,458.0,0
 RAW,50.875,0,964,652,945,793,559,770,574.5,433.0,536.0,0
 PROC,50.875,0,73,42,1.7381,1.6845,1.0000,+0.00,+0.00,-0.5391,-0.5033,497
 RAW,51.000,1,326,242,62,431,354,673,538.6,413.3,570.3,0
 RAW,51.125,0,141,149,271,326,242,271,485.5,370.5,495.4,0
 PROC,51.125,0,53,43,1.2326,1.5941,1.0000,+0.00,+0.00,-0.2083,-0.4443,532
 RAW,51.250,1,904,585,991,431,354,770,471.8,366.3,564.1,0
 RAW,51.375,0,608,396,337,608,396,337,505.9,373.8,507.3,0
 RAW,51.500,1,67,84,101,326,242,271,460.9,340.8,448.2,0
 RAW,51.625,0,661,482,985,608,396,337,497.7,354.6,420.4,0
 RAW,51.750,1,842,546,751,661,482,751,538.5,386.5,503.1,0
 RAW,51.875,0,193,146,62,608,396,337,555.9,388.8,461.6,0
 RAW,52.000,1,382,310,623,382,310,623,512.4,369.1,501.9,0
 RAW,52.125,0,937,592,936,661,482,751,549.6,397.3,564.2,0
 RAW,52.250,1,364,229,70,382,310,623,507.7,375.5,578.9,0
 RAW,52.375,0,135,145,250,364,229,250,471.8,338.9,496.7,0
 RAW,52.500,1,845,549,982,382,310,623,449.3,331.7,528.3,0
 RAW,52.625,0,598,370,365,598,370,365,486.5,341.2,487.4,0
 RAW,52.750,1,69,90,105,364,229,250,455.9,313.2,428.1,0
 RAW,52.875,0,684,484,988,598,370,365,491.4,327.4,412.3,0
 RAW,53.000,1,832,523,720,684,484,720,539.5,366.5,489.2,0
 RAW,53.125,0,132,124,56,598,370,365,554.2,367.4,458.2,0
 RAW,53.250,1,439,346,797,439,346,720,525.4,362.1,523.6,0
 RAW,53.375,0,961,611,933,684,484,797,565.0,392.5,592.0,0
 RAW,53.500,1,330,214,64,439,346,720,533.5,380.9,624.0,0
 RAW,53.625,0,165,158,307,330,214,307,482.6,339.2,544.7,0
 PROC,53.625,0,51,41,1.2439,1.5241,1.0000,+0.00,+0.00,-0.2174,-0.3989,583
 RAW,53.750,1,929,568,987,439,346,797,471.7,340.9,607.8,0
 RAW,53.875,0,567,343,252,567,343,307,495.5,341.4,532.6,0
 RAW,54.000,1,66,100,117,330,214,252,454.2,309.6,462.5,0
 RAW,54.125,0,715,483,992,567,343,307,482.4,317.9,423.6,0
 RAW,54.250,1,811,495,700,715,483,700,540.5,359.2,492.7,0
 RAW,54.375,0,149,120,61,567,343,252,547.1,355.1,432.5,0
 RAW,54.500,1,439,346,777,439,346,700,520.1,352.9,499.4,0
 RAW,54.625,0,950,578,921,715,483,777,568.8,385.4,568.8,0
 RAW,54.750,1,327,210,67,439,346,700,536.4,375.5,601.6,0
 RAW,54.875,0,167,168,316,327,210,316,484.0,334.2,530.2,0
 PROC,54.875,0,52,41,1.2683,1.4729,1.0000,+0.00,+0.00,-0.2366,-0.3664,565
 RAW,55.000,1,937,562,984,439,346,777,472.8,337.1,591.9,0
 RAW,55.125,0,530,314,169,530,314,316,487.1,331.3,522.9,0
 RAW,55.250,1,81,82,122,327,210,169,447.1,301.0,434.4,0
 RAW,55.375,0,754,497,997,530,314,316,467.8,304.3,404.8,0
 RAW,55.500,1,815,502,641,754,497,641,539.3,352.4,463.9,0
 RAW,55.625,0,97,106,56,530,314,169,537.0,342.8,390.2,0
 RAW,55.750,1,493,373,890,493,373,641,526.0,350.4,452.9,0
 RAW,55.875,0,946,579,900,754,497,890,583.0,387.0,562.1,0
 RAW,56.000,1,308,199,54,493,373,641,560.5,383.5,581.9,0
 RAW,56.125,0,179,173,342,308,199,342,497.4,337.4,521.9,0
 PROC,56.125,0,63,46,1.3696,1.4522,1.0000,+0.00,+0.00,-0.3119,-0.3555,551
 RAW,56.250,1,959,576,979,493,373,890,496.3,346.3,613.9,0
 RAW,56.375,0,510,307,131,510,307,342,499.7,336.5,545.9,0
 RAW,56.500,1,67,86,134,308,199,134,451.8,302.1,443.0,0
 RAW,56.625,0,777,500,993,510,307,342,466.3,303.3,417.7,0
 RAW,56.750,1,798,483,611,777,483,611,544.0,348.2,466.0,0
 RAW,56.875,0,91,103,74,510,307,134,535.5,337.9,383.0,0
 RAW,57.000,1,521,390,919,521,390,611,531.9,351.0,440.0,0
 RAW,57.125,0,938,573,891,777,483,891,593.2,384.0,552.8,0
 RAW,57.250,1,292,196,57,521,390,611,575.1,385.5,567.3,0
 RAW,57.375,0,196,194,384,292,196,384,504.3,338.1,521.5,0
 PROC,57.375,0,71,47,1.5106,1.4639,1.0000,+0.00,+0.00,-0.4068,-0.3658,544
 RAW,57.500,1,960,586,973,521,390,891,508.5,351.1,613.9,0
 RAW,57.625,0,487,288,110,487,288,384,503.1,335.3,556.4,0
 RAW,57.750,1,94,109,136,292,196,136,450.3,300.5,451.3,0
 RAW,57.875,0,775,497,993,487,288,384,459.5,297.4,434.5,0
 RAW,58.000,1,774,489,586,774,489,586,538.1,345.3,472.4,0
 RAW,58.125,0,102,100,67,487,288,136,525.3,331.0,388.3,0
 RAW,58.250,1,524,392,890,524,392,586,525.0,346.2,437.7,0
 RAW,58.375,0,928,558,867,774,489,867,587.3,381.9,545.0,0
 RAW,58.500,1,286,183,59,524,392,586,571.4,384.4,555.3,0
 RAW,58.625,0,222,203,407,286,203,407,500.1,339.1,518.2,0
 PROC,58.625,0,71,45,1.5778,1.4867,1.0000,+0.00,+0.00,-0.4483,-0.3823,536
 RAW,58.750,1,941,570,983,524,392,867,506.1,352.3,605.4,0
 RAW,58.875,0,480,279,134,480,279,407,499.5,334.0,555.8,0
 RAW,59.000,1,82,111,157,286,203,157,446.2,301.2,456.1,0
 RAW,59.125,0,806,525,992,480,279,407,454.6,295.7,443.8,0
 RAW,59.250,1,747,467,550,747,467,550,527.7,338.5,470.4,0
 RAW,59.375,0,61,88,61,480,279,157,515.8,323.6,392.0,0
 RAW,59.500,1,630,525,999,630,467,550,544.3,359.5,431.5,0
 RAW,59.625,0,975,934,924,747,525,924,595.0,400.9,554.6,0
 PROC,59.625,0,51,41,1.2439,1.4381,1.0000,+0.00,+0.00,-0.2174,-0.3493,492
 RAW,59.750,1,55,199,41,630,467,550,603.8,417.4,553.5,0
 RAW,59.875,0,207,205,370,207,205,370,504.6,364.3,507.6,0
 PROC,59.875,0,99,53,1.8679,1.5241,1.0000,+0.00,+0.00,-0.6053,-0.4005,530
 RAW,60.000,1,990,985,1010,630,525,924,535.9,404.5,611.7,0
 RAW,60.125,0,341,436,51,341,436,370,487.2,412.4,551.3,0
 RAW,60.250,1,61,82,121,207,205,121,417.1,360.5,443.7,0
 RAW,60.375,0,981,883,1015,341,436,370,398.1,379.4,425.3,1
 RAW,60.500,1,767,790,592,767,790,592,490.3,482.0,467.0,0
 RAW,60.625,0,47,50,37,341,436,121,453.0,470.5,380.5,0
 RAW,60.750,1,705,601,1006,705,601,592,516.0,503.1,433.4,0
 RAW,60.875,0,957,931,919,767,790,919,578.7,574.9,554.8,0
 PROC,60.875,0,63,71,0.8873,1.3967,1.0000,+0.00,+0.00,0.1194,-0.2965,493
 RAW,61.000,1,56,158,41,705,601,592,610.3,581.4,564.1,0
 RAW,61.125,0,226,222,410,226,222,410,514.2,491.5,525.6,0
 PROC,61.125,0,96,90,1.0667,1.3307,1.0000,+0.00,+0.00,-0.0645,-0.2501,544
 RAW,61.250,1,996,983,1008,705,601,919,561.9,518.9,623.9,0
 RAW,61.375,0,320,422,53,320,422,410,501.4,494.7,570.4,0
 RAW,61.500,1,64,83,118,226,222,118,432.6,426.5,457.3,0
 RAW,61.625,0,981,901,1015,320,422,410,404.4,425.4,445.5,1
 RAW,61.750,1,748,764,547,748,764,547,490.3,510.0,470.9,0
 RAW,61.875,0,53,51,41,320,422,118,447.7,488.0,382.7,0
 RAW,62.000,1,736,615,1006,736,615,547,519.8,519.8,423.7,0
 RAW,62.125,0,953,936,909,748,764,909,576.9,580.8,545.1,0
 PROC,62.125,0,57,61,0.9344,1.2515,1.0000,+0.00,+0.00,0.0678,-0.1865,484
 RAW,62.250,1,56,150,34,736,615,547,616.6,589.4,545.5,0
 RAW,62.375,0,251,249,454,251,249,454,525.2,504.3,522.7,0
 PROC,62.375,0,91,85,1.0706,1.2153,1.0000,+0.00,+0.00,-0.0682,-0.1629,533
 RAW,62.500,1,993,978,1002,736,615,909,577.9,532.0,619.2,0
 RAW,62.625,0,302,409,52,302,409,454,508.9,501.2,577.9,0
 RAW,62.750,1,68,87,124,251,249,124,444.5,438.2,464.4,0
 RAW,62.875,0,982,911,1011,302,409,454,408.8,430.9,461.8,0
 RAW,63.000,1,717,741,501,717,741,501,485.9,508.4,471.6,0
 RAW,63.125,0,54,56,48,302,409,124,439.9,483.6,384.7,0
 RAW,63.250,1,750,623,1010,717,623,501,509.2,518.4,413.8,0
 RAW,63.375,0,948,926,905,750,741,905,569.4,574.1,536.6,0
 PROC,63.375,0,60,56,1.0714,1.1865,1.0000,+0.00,+0.00,-0.0690,-0.1441,474
 RAW,63.500,1,53,145,38,717,623,501,606.3,586.3,527.7,0
 RAW,63.625,0,271,268,506,271,268,506,522.5,506.7,522.3,0
 PROC,63.625,0,84,80,1.0500,1.1592,1.0000,+0.00,+0.00,-0.0488,-0.1250,524
 RAW,63.750,1,990,976,997,750,623,905,579.4,535.8,618.0,0
 RAW,63.875,0,289,400,51,289,400,506,506.8,501.8,590.0,0
 RAW,64.000,1,66,89,132,271,268,132,447.8,443.4,475.5,0
 RAW,64.125,0,984,922,1015,289,400,506,408.1,432.5,483.1,1
 RAW,64.250,1,695,727,471,695,727,471,479.8,506.2,480.1,0
 RAW,64.375,0,55,58,52,289,400,132,432.1,479.6,393.1,0
 RAW,64.500,1,762,633,1012,695,633,471,497.8,518.0,412.5,0
 RAW,64.625,0,939,923,894,762,727,894,563.9,570.2,532.9,0
 PROC,64.625,0,66,53,1.2453,1.1764,1.0000,+0.00,+0.00,-0.2185,-0.1437,472
 RAW,64.750,1,53,129,38,695,633,471,596.7,585.9,517.4,0
 RAW,64.875,0,288,279,527,288,279,527,519.5,509.2,519.8,0
 PROC,64.875,0,77,76,1.0132,1.1438,1.0000,+0.00,+0.00,-0.0131,-0.1176,518
 RAW,65.000,1,991,978,997,762,633,894,580.1,540.1,613.4,0
 RAW,65.125,0,277,388,47,288,388,527,507.1,502.1,591.8,0
 RAW,65.250,1,69,91,139,277,279,139,449.6,446.3,478.6,0
 RAW,65.375,0,984,925,1012,288,388,527,409.2,431.7,490.7,0
 RAW,65.500,1,692,721,464,692,721,464,479.9,504.1,484.0,0
 RAW,65.625,0,54,56,49,277,388,139,429.2,475.0,397.8,0
 RAW,65.750,1,772,640,1014,692,640,464,494.9,516.3,414.3,0
 RAW,65.875,0,935,926,885,772,721,885,564.2,567.5,532.0,0
 PROC,65.875,0,70,51,1.3725,1.1895,1.0000,+0.00,+0.00,-0.3140,-0.1569,472
 RAW,66.000,1,53,129,37,692,640,464,596.1,585.6,515.0,0
 RAW,66.125,0,292,282,530,292,282,530,520.1,509.7,518.7,0
 PROC,66.125,0,76,76,1.0000,1.1516,1.0000,+0.00,+0.00,-0.0000,-0.1255,516
 RAW,66.250,1,991,976,1000,772,640,885,583.1,542.3,610.3,0
 RAW,66.375,0,275,386,48,292,386,530,510.3,503.2,590.2,0
 RAW,66.500,1,72,88,135,275,282,135,451.5,447.9,476.4,0
 RAW,66.625,0,983,925,1015,292,386,530,411.6,432.4,489.8,1
 RAW,66.750,1,691,721,464,691,721,464,481.5,504.6,483.4,0
 RAW,66.875,0,56,56,51,275,386,135,429.8,474.9,396.3,0
 RAW,67.000,1,781,646,1013,691,646,464,495.1,517.7,413.2,0
 RAW,67.125,0,946,925,892,781,721,892,566.6,568.5,532.9,0
 PROC,67.125,0,71,51,1.3922,1.1997,1.0000,+0.00,+0.00,-0.3279,-0.1660,472
 RAW,67.250,1,55,132,32,691,646,464,597.7,587.9,515.7,0
 RAW,67.375,0,279,271,508,279,271,508,518.0,508.7,513.8,0
 PROC,67.375,0,79,79,1.0000,1.1598,1.0000,+0.00,+0.00,-0.0000,-0.1328,514
 RAW,67.500,1,994,976,999,781,646,892,583.8,543.0,608.3,0
 RAW,67.625,0,290,398,50,290,398,508,510.3,506.8,583.2,0
 RAW,67.750,1,64,87,130,279,271,130,452.5,447.8,469.9,0
 RAW,67.875,0,982,914,1017,290,398,508,411.9,435.4,479.4,1
 RAW,68.000,1,723,744,503,723,744,503,489.7,512.5,485.3,0
 RAW,68.125,0,54,56,49,290,398,130,439.7,483.9,396.5,0
 RAW,68.250,1,743,622,1009,723,622,503,510.6,518.4,423.1,0
 RAW,68.375,0,949,929,905,743,744,905,568.7,574.8,543.6,0
 PROC,68.375,1,58,56,1.0357,1.1350,1.3582,+0.00,+0.00,0.2694,-0.0523,483
 RAW,68.500,1,53,151,38,723,622,503,607.2,586.6,533.4,0
 RAW,68.625,0,254,248,465,254,248,465,518.9,502.0,516.3,0
 PROC,68.625,1,89,85,1.0471,1.1174,1.3582,-22.91,-4.58,0.2587,0.0099,524
 RAW,68.750,1,993,977,999,743,622,905,575.0,532.0,613.5,0
 RAW,68.875,0,304,416,55,304,416,465,507.2,503.0,576.4,0
 RAW,69.000,1,62,86,124,254,248,124,443.9,439.2,463.3,0
 RAW,69.125,0,982,886,1013,304,416,465,408.9,433.4,463.7,0
 RAW,69.250,1,738,755,537,738,755,537,491.2,513.8,482.0,0
 RAW,69.375,0,53,53,42,304,416,124,444.4,489.4,392.5,0
 RAW,69.500,1,720,603,1003,720,603,537,513.3,517.8,428.6,0
 RAW,69.625,0,954,935,909,738,755,909,569.5,577.1,548.7,0
 PROC,69.625,1,56,60,0.9333,1.0806,1.3582,-31.28,-9.92,0.3708,0.0821,488
 RAW,69.750,1,57,173,42,720,603,537,607.1,583.6,545.8,0
 RAW,69.875,0,231,221,408,231,221,408,513.1,492.9,511.3,0
 PROC,69.875,1,94,91,1.0330,1.0711,1.3582,-23.95,-12.73,0.2720,0.1201,528
 RAW,70.000,1,995,981,1009,720,603,909,564.8,520.4,610.8,0
 RAW,70.125,0,338,436,56,338,436,408,508.1,499.3,560.1,0
 RAW,70.250,1,65,87,110,231,221,110,438.8,429.7,447.6,0
 RAW,70.375,0,980,878,1011,338,436,408,413.6,431.3,437.7,0
 RAW,70.500,1,783,792,605,783,792,605,506.0,521.5,479.5,0
 RAW,70.625,0,50,46,35,338,436,110,464.0,500.1,387.1,0
 RAW,70.750,1,674,578,1005,674,578,605,516.5,519.6,441.6,0
 RAW,70.875,0,969,942,928,783,792,928,583.1,587.7,563.2,0
 PROC,70.875,1,67,68,0.9853,1.0539,1.3582,-27.46,-15.67,0.3182,0.1597,502
 RAW,71.000,1,54,182,38,674,578,605,605.8,585.3,573.6,0
 RAW,71.125,0,182,192,349,182,192,349,499.9,486.9,517.5,0
 PROC,71.125,1,106,99,1.0707,1.0573,1.3582,-21.17,-16.77,0.2367,0.1751,545
 RAW,71.250,1,991,981,1010,674,578,928,543.4,509.7,620.1,0
 RAW,71.375,0,373,458,54,373,458,349,500.8,496.8,552.3,0
 RAW,71.500,1,54,82,105,182,192,105,421.1,420.6,440.5,0
 RAW,71.625,0,983,851,1019,373,458,349,409.1,429.9,417.6,1
 RAW,71.750,1,836,835,671,836,835,671,515.8,531.2,481.0,0
 RAW,71.875,0,54,55,44,373,458,105,480.1,512.9,387.0,0
 RAW,72.000,1,618,541,995,618,541,671,514.6,519.9,458.0,0
 RAW,72.125,0,981,940,947,836,835,947,594.9,598.7,580.2,0
 PROC,72.125,1,80,79,1.0127,1.0483,1.3582,-25.44,-18.51,0.2915,0.1984,518
 RAW,72.250,1,58,220,42,618,541,671,600.7,584.3,602.9,0
 RAW,72.375,0,122,138,247,122,220,247,481.0,493.2,513.9,0
 PROC,72.375,1,119,91,1.3077,1.1002,1.3582,-3.72,-15.55,0.0379,0.1663,557
 RAW,72.500,1,987,981,1006,618,541,947,515.3,505.2,622.2,0
 RAW,72.625,0,443,513,95,443,513,247,497.2,507.1,528.4,0
 RAW,72.750,1,51,67,87,122,220,95,403.4,435.3,420.1,0
 RAW,72.875,0,981,804,1016,443,513,247,413.3,454.8,376.8,1
 RAW,73.000,1,888,871,773,888,804,773,532.0,542.1,475.8,0
 RAW,73.125,0,52,48,33,443,513,95,509.7,534.8,380.6,0
 RAW,73.250,1,504,451,861,504,451,773,508.3,513.8,478.7,0
 RAW,73.375,0,981,963,971,888,804,861,603.2,586.4,574.3,0
 PROC,73.375,1,95,73,1.3014,1.1404,1.3582,-4.18,-13.28,0.0427,0.1416,526
 RAW,73.500,1,117,273,51,504,451,773,578.4,552.5,624.0,0
 RAW,73.625,0,119,133,213,119,273,213,463.6,482.7,521.2,0
 PROC,73.625,1,115,70,1.6429,1.2409,1.3582,+20.96,-6.43,-0.1897,0.0753,572
 RAW,73.750,1,986,984,1010,504,451,861,473.7,474.7,606.2,0
 RAW,73.875,0,538,595,239,538,595,239,489.8,504.8,514.4,0
 RAW,74.000,1,55,64,71,119,273,213,397.1,446.9,439.0,0
 RAW,74.125,0,913,739,1016,538,595,239,432.3,483.9,389.0,1
 RAW,74.250,1,919,904,839,913,739,839,552.5,547.7,501.5,0
 RAW,74.375,0,54,71,34,538,595,239,548.9,559.5,435.9,0
 RAW,74.500,1,398,366,689,398,366,689,511.1,511.1,499.2,0
 RAW,74.625,0,990,972,987,913,739,839,611.6,568.1,584.1,0
 PROC,74.625,1,100,57,1.7544,1.3436,1.3582,+29.17,+0.69,-0.2546,0.0093,541
 RAW,74.750,1,201,332,38,398,366,689,558.2,517.6,610.3,0
 RAW,74.875,0,103,116,179,201,332,179,468.9,471.2,502.5,0
 PROC,74.875,1,90,46,1.9565,1.4662,1.3582,+44.05,+9.36,-0.3610,-0.0647,556
 RAW,75.000,1,984,964,1014,398,366,689,451.2,444.9,549.1,0
 RAW,75.125,0,629,673,380,629,673,380,495.6,501.9,506.8,0
 PROC,75.125,1,44,57,0.7719,1.3273,1.3582,-43.17,-1.14,0.5505,0.0583,527
 RAW,75.250,1,54,58,55,201,332,179,422.0,459.4,424.9,0
 RAW,75.375,0,809,670,1015,629,670,380,473.7,512.1,413.7,1
 PROC,75.375,1,52,53,0.9811,1.2581,1.3582,-27.76,-6.47,0.3224,0.1111,418
 RAW,75.500,1,933,918,875,809,673,875,557.5,552.3,529.0,0
 RAW,75.625,0,53,121,37,629,670,380,575.4,581.7,491.7,0
 RAW,75.750,1,285,279,521,285,279,521,502.8,506.0,499.1,0
 RAW,75.875,0,992,975,1000,809,670,875,579.4,547.0,593.0,0
 PROC,75.875,1,77,41,1.8780,1.3821,1.3582,+38.27,+2.48,-0.3213,0.0246,546
 RAW,76.000,1,294,401,51,294,401,521,508.0,510.5,575.0,0
 RAW,76.125,0,66,90,122,285,279,122,452.3,452.6,461.8,0
 PROC,76.125,1,56,58,0.9655,1.2988,1.3582,-28.91,-3.80,0.3380,0.0873,518
 RAW,76.250,1,982,913,1013,294,401,521,412.7,439.7,476.6,0
 RAW,76.375,0,738,754,538,738,754,538,494.0,518.3,491.9,0
 PROC,76.375,1,82,79,1.0380,1.2466,1.3582,-23.58,-7.75,0.2673,0.1233,483
 RAW,76.500,1,55,50,48,294,401,122,444.0,489.0,399.5,0
 RAW,76.625,0,720,608,1006,720,608,538,513.0,518.7,434.1,0
 RAW,76.750,1,959,939,919,738,754,919,569.3,577.5,555.3,0
 RAW,76.875,0,57,163,36,720,608,538,606.9,585.2,551.0,0
 RAW,77.000,1,214,216,397,214,216,397,508.7,492.9,512.5,0
 RAW,77.125,0,995,984,1012,720,608,919,561.5,521.7,614.1,0
 RAW,77.250,1,362,452,53,362,452,397,511.6,504.2,559.8,0
 RAW,77.375,0,57,76,106,214,216,106,437.2,432.2,446.4,0
 PROC,77.375,1,74,72,1.0278,1.2028,1.3582,-24.33,-11.07,0.2770,0.1540,502
 RAW,77.500,1,986,857,1020,362,452,397,418.4,437.1,434.0,1
 RAW,77.625,0,833,828,669,833,828,669,522.1,534.9,492.8,0
 PROC,77.625,1,104,97,1.0722,1.1767,1.3582,-21.06,-13.07,0.2354,0.1703,463
 RAW,77.750,1,58,56,40,362,452,106,482.1,514.1,396.1,0
 RAW,77.875,0,611,536,996,611,536,669,514.3,519.6,464.3,0
 RAW,78.000,1,978,956,952,833,828,952,594.0,596.7,586.2,0
 RAW,78.125,0,67,226,43,611,536,669,598.2,581.5,606.9,0
 RAW,78.250,1,116,136,239,116,226,239,477.7,492.6,514.9,0
 RAW,78.375,0,988,983,1008,611,536,952,511.0,503.5,624.2,0
 RAW,78.500,1,458,527,114,458,527,239,497.8,509.4,527.9,0
 RAW,78.625,0,54,68,82,116,226,114,402.3,438.5,424.4,0
 PROC,78.625,1,95,71,1.3380,1.2090,1.3582,-1.49,-10.75,0.0150,0.1392,475
 RAW,78.750,1,978,795,1016,458,527,239,416.2,460.6,378.1,1
 RAW,78.875,0,887,868,782,887,795,782,533.9,544.2,479.1,0
 PROC,78.875,1,117,84,1.3929,1.2458,1.3582,+2.55,-8.09,-0.0252,0.1064,428
 RAW,79.000,1,56,51,35,458,527,114,514.9,539.9,387.8,0
 RAW,79.125,0,486,438,824,486,438,782,507.7,514.4,486.3,0
 RAW,79.250,1,987,968,977,887,795,824,602.5,584.6,570.8,0
 RAW,79.375,0,129,280,51,486,438,782,573.4,547.9,623.6,0
 RAW,79.500,1,94,112,190,129,280,190,462.3,481.0,515.2,0
 RAW,79.625,0,988,983,1014,486,438,824,468.2,470.2,592.4,0
 RAW,79.750,1,556,608,264,556,608,264,490.2,504.7,510.3,0
 RAW,79.875,0,51,62,69,129,280,190,399.9,448.5,430.2,0
 PROC,79.875,1,91,56,1.6250,1.3216,1.3582,+19.64,-2.54,-0.1789,0.0493,470
 RAW,80.000,1,889,727,1017,556,608,264,438.9,488.4,388.7,1
 RAW,80.125,0,917,906,842,889,727,842,551.4,548.0,502.0,0
 PROC,80.125,1,113,60,1.8833,1.4339,1.3582,+38.66,+5.70,-0.3240,-0.0254,444
 RAW,80.250,1,53,80,34,556,608,264,552.6,563.0,442.5,0
 RAW,80.375,0,396,360,667,396,360,667,513.4,512.3,498.6,0
 PROC,80.375,1,39,51,0.7647,1.3001,1.3582,-43.70,-4.18,0.5591,0.0915,470
 RAW,80.500,1,992,973,994,889,727,842,607.3,565.9,584.5,0
 RAW,80.625,0,220,347,40,396,360,667,554.5,514.5,605.1,0
 PROC,80.625,1,53,51,1.0392,1.2479,1.3582,-23.49,-8.04,0.2661,0.1265,594
 RAW,80.750,1,73,93,143,220,347,143,470.9,472.6,489.6,0
 RAW,80.875,0,982,961,1012,396,360,667,452.2,444.4,533.9,0
 RAW,81.000,1,647,679,392,647,679,392,500.9,503.1,498.4,0
 RAW,81.125,0,54,56,50,220,347,143,430.6,464.1,409.6,0
 RAW,81.250,1,802,664,1014,647,664,392,484.7,514.0,405.2,0
 RAW,81.375,0,943,920,883,802,679,883,564.1,555.3,524.6,0
 PROC,81.375,1,80,41,1.9512,1.3886,1.3582,+43.66,+2.30,-0.3584,0.0295,464
 RAW,81.500,1,55,124,37,647,664,392,584.8,582.5,491.5,0
 RAW,81.625,0,287,277,521,287,277,521,510.3,506.1,498.9,0
 PROC,81.625,1,74,76,0.9737,1.3056,1.3582,-28.31,-3.82,0.3298,0.0895,494
 RAW,81.750,1,992,975,996,802,664,883,583.3,545.6,594.9,0
 RAW,81.875,0,290,399,51,290,399,521,509.9,508.9,576.4,0
 RAW,82.000,1,68,90,127,287,277,127,454.2,450.9,464.1,0
 RAW,82.125,0,984,910,1016,290,399,521,413.2,438.0,478.3,1
 RAW,82.250,1,740,756,538,740,756,538,494.9,517.5,493.2,0
 RAW,82.375,0,51,50,40,290,399,127,443.6,487.9,401.7,0
 RAW,82.500,1,718,606,1006,718,606,538,512.2,517.4,435.8,0
 RAW,82.625,0,961,938,913,740,756,913,569.2,577.0,555.1,0
 PROC,82.625,1,57,60,0.9500,1.2345,1.3582,-30.05,-9.07,0.3537,0.1424,495
 RAW,82.750,1,57,170,41,718,606,538,606.4,584.3,550.8,0
 RAW,82.875,0,215,217,395,215,217,395,508.5,492.5,511.8,0
 PROC,82.875,1,98,92,1.0652,1.2006,1.3582,-21.57,-11.57,0.2418,0.1623,530
 RAW,83.000,1,993,985,1015,718,606,913,560.9,520.8,612.1,1
 RAW,83.125,0,356,446,49,356,446,395,509.7,502.1,557.9,0
 RAW,83.250,1,62,75,101,215,217,101,436.0,430.9,443.6,0
 RAW,83.375,0,983,865,1016,356,446,395,416.0,434.6,431.5,1
 RAW,83.500,1,816,816,651,816,816,651,516.0,530.0,486.4,0
 RAW,83.625,0,56,53,33,356,446,101,476.0,509.0,390.0,0
 RAW,83.750,1,638,553,999,638,553,651,516.5,520.0,455.3,0
 RAW,83.875,0,960,952,947,816,816,947,591.4,594.0,578.2,0
 PROC,83.875,1,75,74,1.0135,1.1632,1.3582,-25.38,-14.33,0.2907,0.1879,516
 RAW,84.000,1,57,213,39,638,553,651,603.0,583.7,596.4,0
 RAW,84.125,0,138,151,282,138,213,282,486.8,491.1,517.8,0
 PROC,84.125,1,117,92,1.2717,1.1849,1.3582,-6.37,-12.74,0.0658,0.1635,556
 RAW,84.250,1,986,977,1002,638,553,947,524.6,506.5,625.1,0
 RAW,84.375,0,419,494,62,419,494,282,498.2,503.4,539.3,0
 RAW,84.500,1,50,70,90,138,213,90,408.1,430.8,427.0,0
 RAW,84.625,0,983,810,1014,419,494,282,410.9,446.6,390.7,0
 RAW,84.750,1,871,864,756,871,810,756,525.9,537.5,482.1,0
 RAW,84.875,0,49,50,34,419,494,90,499.2,526.6,384.0,0
 RAW,85.000,1,535,479,908,535,479,756,508.1,514.7,477.0,0
 RAW,85.125,0,980,963,969,871,810,908,598.8,588.5,584.8,0
 PROC,85.125,1,90,74,1.2162,1.1912,1.3582,-10.45,-12.28,0.1103,0.1529,530
 RAW,85.250,1,107,264,46,535,479,756,582.9,561.1,627.6,0
 RAW,85.375,0,100,118,201,107,264,201,463.9,486.9,520.9,0
 PROC,85.375,1,119,75,1.5867,1.2703,1.3582,+16.82,-6.46,-0.1552,0.0913,573
 RAW,85.500,1,987,984,1010,535,479,908,481.7,484.9,617.7,0
 RAW,85.625,0,519,580,210,519,580,210,491.0,508.7,515.8,0
 RAW,85.750,1,52,63,67,107,264,201,395.0,447.5,437.1,0
 RAW,85.875,0,941,759,1013,519,580,210,426.0,480.6,380.3,0
 RAW,86.000,1,912,900,817,912,759,817,547.5,550.2,489.5,0
 RAW,86.125,0,52,56,32,519,580,210,540.4,557.7,419.6,0
 RAW,86.250,1,426,388,735,426,388,735,511.8,515.2,498.5,0
 RAW,86.375,0,989,970,985,912,759,817,611.8,576.2,578.1,0
 PROC,86.375,1,100,61,1.6393,1.3441,1.3582,+20.70,-1.03,-0.1876,0.0355,538
 RAW,86.500,1,175,314,43,426,388,735,565.4,529.1,617.3,0
 RAW,86.625,0,77,100,160,175,314,160,467.8,475.4,503.0,0
 PROC,86.625,1,98,54,1.8148,1.4382,1.3582,+33.62,+5.90,-0.2878,-0.0292,559
 RAW,86.750,1,984,973,1012,426,388,735,457.3,453.5,561.0,0
 RAW,86.875,0,599,650,337,599,650,337,492.8,502.6,505.0,0
 PROC,86.875,1,35,49,0.7143,1.2934,1.3582,-47.41,-4.76,0.6214,0.1009,532
 RAW,87.000,1,51,58,56,175,314,160,413.3,455.5,418.7,0
 RAW,87.125,0,829,683,1017,599,650,337,459.7,504.1,398.3,1
 PROC,87.125,1,46,49,0.9388,1.2225,1.3582,-30.88,-9.99,0.3652,0.1538,408
 RAW,87.250,1,934,918,874,829,683,874,552.1,548.8,517.2,0
 RAW,87.375,0,51,111,38,599,650,337,563.8,574.1,472.2,0
 RAW,87.500,1,308,295,554,308,295,554,499.8,504.3,492.6,0
 RAW,87.625,0,992,977,996,829,683,874,582.1,549.0,588.0,0
 PROC,87.625,1,83,45,1.8444,1.3469,1.3582,+35.80,-0.83,-0.3037,0.0623,539
 RAW,87.750,1,284,395,49,308,395,554,513.6,510.5,579.5,0
 RAW,87.875,0,72,88,125,284,295,125,456.2,456.6,465.9,0
 PROC,87.875,1,57,54,1.0556,1.2886,1.3582,-22.28,-5.12,0.2508,0.1000,522
 RAW,88.000,1,981,912,1014,308,395,554,419.1,441.2,487.9,0
 RAW,88.125,0,745,762,536,745,762,536,500.6,521.4,499.9,0
 PROC,88.125,1,81,80,1.0125,1.2334,1.3582,-25.45,-9.19,0.2916,0.1383,493
 RAW,88.250,1,52,51,41,284,395,125,446.5,489.8,406.2,0
 RAW,88.375,0,715,604,1007,715,604,536,513.6,518.4,438.6,0
 RAW,88.500,1,963,939,924,745,762,924,571.4,579.3,560.0,0
 RAW,88.625,0,54,179,40,715,604,536,607.3,585.5,554.0,0
 RAW,88.750,1,199,193,370,199,193,370,505.3,487.3,508.0,0
 RAW,88.875,0,990,981,1014,715,604,924,557.7,516.5,612.0,0
 RAW,89.000,1,380,466,54,380,466,370,513.3,503.9,551.5,0
 RAW,89.125,0,51,74,98,199,193,98,434.7,426.2,438.1,0
 PROC,89.125,1,79,77,1.0260,1.1919,1.3582,-24.46,-12.24,0.2787,0.1664,494
 RAW,89.250,1,983,831,1019,380,466,370,421.0,436.1,421.1,1
 RAW,89.375,0,858,853,722,858,831,722,530.3,534.8,496.3,0
 PROC,89.375,1,109,98,1.1122,1.1760,1.3582,-18.11,-13.41,0.1991,0.1729,458
 RAW,89.500,1,51,52,40,380,466,98,492.7,517.6,396.7,0
 RAW,89.625,0,554,493,935,554,493,722,508.0,511.5,478.1,0
 RAW,89.750,1,971,953,969,858,831,935,595.5,591.4,592.3,0
 RAW,89.875,0,96,254,46,554,493,722,585.1,566.8,624.7,0
 RAW,90.000,1,107,120,204,107,254,204,465.6,488.6,519.5,0
 RAW,90.125,0,987,983,1013,554,493,935,487.7,489.7,623.4,0
 RAW,90.250,1,519,574,202,519,574,204,495.5,510.8,518.6,0
 RAW,90.375,0,59,69,73,107,254,202,398.4,446.6,439.4,0
 PROC,90.375,1,97,64,1.5156,1.2439,1.3582,+11.59,-8.41,-0.1096,0.1164,478
 RAW,90.500,1,942,758,1012,519,574,204,428.5,478.4,380.6,0
 RAW,90.625,0,915,904,825,915,758,825,550.2,548.3,491.7,0
 PROC,90.625,1,122,70,1.7429,1.3437,1.3582,+28.32,-1.07,-0.2481,0.0435,435
 RAW,90.750,1,53,71,33,519,574,202,542.4,554.7,419.3,0
 RAW,90.875,0,397,361,685,397,361,685,506.0,506.3,485.7,0
 PROC,90.875,1,36,48,0.7500,1.2250,1.3582,-44.78,-9.81,0.5770,0.1502,452
 RAW,91.000,1,988,971,990,915,758,825,608.3,569.2,570.5,0
 RAW,91.125,0,259,388,43,397,388,685,555.5,523.9,599.1,0
 PROC,91.125,1,53,46,1.1522,1.2104,1.3582,-15.17,-10.88,0.1641,0.1530,584
 RAW,91.250,1,72,91,141,259,361,141,481.3,483.2,484.6,0
 RAW,91.375,0,977,851,1011,397,388,685,460.3,459.4,534.7,0
 RAW,91.500,1,698,719,435,698,719,435,519.7,524.3,509.8,0
 RAW,91.625,0,60,59,51,259,388,141,454.5,490.2,417.6,0
 RAW,91.750,1,573,551,1007,573,551,435,484.1,505.4,421.9,0
 RAW,91.875,0,935,922,893,698,719,893,537.6,558.8,539.7,0
 PROC,91.875,1,53,53,1.0000,1.1683,1.3582,-26.37,-13.98,0.3038,0.1832,480
 RAW,92.000,1,345,325,43,573,551,435,546.5,556.9,513.5,0
 RAW,92.125,0,176,206,379,345,325,379,496.1,498.9,479.9,0
 PROC,92.125,1,50,58,0.8621,1.1071,1.3582,-36.53,-18.49,0.4469,0.2359,496
 RAW,92.250,1,947,908,1002,573,551,893,515.3,511.9,583.2,0
 RAW,92.375,0,565,546,83,565,546,379,527.7,520.4,532.1,0
 RAW,92.500,1,60,75,110,345,325,110,482.1,471.6,426.6,0
 RAW,92.625,0,669,686,1011,565,546,379,502.8,490.2,414.7,0
 RAW,92.750,1,782,781,632,669,686,632,544.3,539.1,469.0,0
 RAW,92.875,0,203,177,48,565,546,110,549.5,540.9,379.3,0
 RAW,93.000,1,325,364,692,325,364,632,493.4,496.6,442.5,0
 RAW,93.125,0,897,881,946,669,686,692,537.3,544.0,504.8,0
 PROC,93.125,1,44,47,0.9362,1.0729,1.3582,-31.07,-21.01,0.3679,0.2623,473
 RAW,93.250,1,431,409,48,431,409,632,510.7,510.2,536.6,0
 RAW,93.375,0,128,139,186,325,364,186,464.3,473.7,449.0,0
 RAW,93.500,1,752,765,1009,431,409,692,456.0,457.5,509.7,0
 RAW,93.625,0,638,621,417,638,621,417,501.5,498.4,486.5,0
 PROC,93.625,1,46,41,1.1220,1.0827,1.3582,-17.39,-20.28,0.1905,0.2479,497
 RAW,93.750,1,84,88,110,431,409,186,483.9,476.0,411.4,0
 RAW,93.875,0,593,611,999,593,611,417,511.1,509.8,412.8,0
 RAW,94.000,1,918,902,838,638,621,838,542.9,537.6,519.1,0
 RAW,94.125,0,55,153,45,593,611,417,555.4,555.9,493.6,0
 RAW,94.250,1,352,343,622,352,343,622,504.5,502.7,525.7,0
 RAW,94.375,0,986,969,976,593,611,838,526.7,529.8,603.8,0
 RAW,94.500,1,243,358,44,352,358,622,483.0,486.8,608.3,0
 RAW,94.625,0,75,103,155,243,343,155,423.0,450.9,495.0,0
 RAW,94.750,1,983,937,1008,352,358,622,405.2,427.7,526.7,0
 RAW,94.875,0,649,674,436,649,674,436,466.2,489.2,504.1,0
 PROC,94.875,1,61,62,0.9839,1.0629,1.3582,-27.56,-21.74,0.3197,0.2623,515
 RAW,95.000,1,55,60,58,243,358,155,410.4,456.4,416.8,0
 RAW,95.125,0,778,671,1010,649,671,436,470.0,510.1,421.6,0
 PROC,95.125,1,60,54,1.1111,1.0726,1.3582,-18.19,-21.03,0.2001,0.2499,418
 RAW,95.250,1,946,922,897,778,674,897,547.0,551.1,540.4,0
 RAW,95.375,0,55,131,41,649,671,436,572.5,581.0,514.3,0
 RAW,95.500,1,242,248,427,242,248,427,489.9,497.8,492.5,0
 RAW,95.625,0,992,979,999,778,671,897,561.9,541.1,593.6,0
 PROC,95.625,1,72,44,1.6364,1.1853,1.3582,+20.48,-12.73,-0.1858,0.1627,542
 RAW,95.750,1,338,416,58,338,416,427,505.9,509.8,552.0,0
 RAW,95.875,0,59,85,122,242,248,122,440.0,444.4,444.5,0
 PROC,95.875,1,66,65,1.0154,1.1513,1.3582,-25.24,-15.23,0.2889,0.1880,497
 RAW,96.000,1,985,884,1013,338,416,427,414.5,437.3,440.1,0
 RAW,96.125,0,814,803,661,814,803,661,514.3,528.7,495.3,0
 PROC,96.125,1,100,91,1.0989,1.1409,1.3582,-19.09,-16.00,0.2111,0.1926,467
 RAW,96.250,1,57,54,42,338,416,122,470.3,500.5,402.0,0
 RAW,96.375,0,608,550,946,608,550,661,504.7,512.9,466.7,0
 RAW,96.500,1,974,942,945,814,803,945,582.0,585.4,586.3,0
 RAW,96.625,0,68,211,47,608,550,661,588.5,576.6,605.0,0
 RAW,96.750,1,118,141,242,118,211,242,470.9,485.2,514.2,0
 RAW,96.875,0,987,982,1006,608,550,945,505.2,501.4,621.9,0
 RAW,97.000,1,486,533,208,486,533,242,500.4,509.3,526.9,0
 RAW,97.125,0,54,68,82,118,211,208,404.8,434.7,447.2,0
 PROC,97.125,1,96,75,1.2800,1.1687,1.3582,-5.76,-13.95,0.0593,0.1659,486
 RAW,97.250,1,962,797,1011,486,533,242,425.1,459.3,395.9,0
 RAW,97.375,0,901,887,813,901,797,813,544.1,543.7,500.2,0
 PROC,97.375,1,119,84,1.4167,1.2183,1.3582,+4.30,-10.30,-0.0421,0.1243,447
 RAW,97.500,1,54,52,42,486,533,208,529.5,541.0,427.1,0
 RAW,97.625,0,427,397,690,427,397,690,503.9,505.0,492.9,0
 RAW,97.750,1,985,965,980,901,797,813,603.2,578.0,572.9,0
 RAW,97.875,0,263,399,54,427,399,690,559.1,533.3,602.2,0
 PROC,97.875,1,44,45,0.9778,1.1702,1.3582,-28.01,-13.84,0.3257,0.1646,587
 RAW,98.000,1,79,106,158,263,397,158,485.1,499.2,491.1,0
 RAW,98.125,0,977,750,1005,427,399,690,470.6,474.1,540.8,0
 RAW,98.250,1,701,635,503,701,635,503,528.2,514.4,531.4,0
 RAW,98.375,0,63,91,72,263,399,158,461.9,485.5,438.0,0
 RAW,98.500,1,632,506,994,632,506,503,504.4,490.6,454.3,0
 RAW,98.625,0,906,661,850,701,635,850,553.6,526.7,553.2,0
 RAW,98.750,1,196,197,50,632,506,503,573.2,521.5,540.7,0
 RAW,98.875,0,208,208,375,208,208,375,481.9,443.2,499.2,0
 PROC,98.875,1,92,78,1.1795,1.1720,1.3582,-13.16,-13.71,0.1408,0.1598,519
 RAW,99.000,1,976,755,993,632,506,850,519.4,458.9,586.9,0
 RAW,99.125,0,512,417,235,512,417,375,517.6,448.4,533.9,0
 RAW,99.250,1,74,95,128,208,208,235,440.2,388.3,459.2,0
 RAW,99.375,0,790,584,999,512,417,375,458.1,395.5,438.2,0
 RAW,99.500,1,765,567,630,765,567,630,534.8,438.4,486.1,0
 RAW,99.625,0,60,102,51,512,417,235,529.1,433.0,423.3,0
 RAW,99.750,1,503,411,749,503,411,630,522.6,427.5,475.0,0
 RAW,99.875,0,934,701,923,765,567,749,583.2,462.4,543.5,0
 RAW,100.000,1,257,237,48,503,411,630,563.1,449.5,565.1,0
 RAW,100.125,0,164,181,312,257,237,312,486.6,396.4,501.8,0
 PROC,100.125,1,77,53,1.4528,1.2282,1.3582,+6.97,-9.57,-0.0673,0.1144,533
 RAW,100.250,1,980,696,991,503,411,749,490.7,400.1,563.6,0
 RAW,100.375,0,543,426,267,543,426,312,503.8,406.5,500.7,0
 RAW,100.500,1,77,93,109,257,237,267,442.1,364.2,442.3,0
 RAW,100.625,0,792,536,1004,543,426,312,467.3,379.6,409.7,0
 RAW,100.750,1,840,523,75,792,523,267,548.5,415.5,374.0,0
 RAW,100.875,0,83,134,6,543,426,109,547.1,418.1,307.8,1
 RAW,101.000,1,348,251,20,348,251,75,497.3,376.3,249.6,0
 RAW,101.125,0,948,673,982,792,523,75,571.0,413.0,205.9,0
 RAW,101.250,1,375,304,56,375,304,56,522.0,385.7,168.5,0
 RAW,101.375,0,96,119,139,348,251,56,478.5,352.1,140.3,0
 RAW,101.500,1,962,620,999,375,304,139,452.6,340.0,140.0,0
 RAW,101.625,0,651,407,382,651,407,382,502.2,356.8,200.5,0
 RAW,101.750,1,71,87,75,375,304,139,470.4,343.6,185.1,0
 RAW,101.875,0,610,449,1000,610,407,382,505.3,359.4,234.3,0
 RAW,102.000,1,859,534,792,651,449,792,541.7,381.8,373.8,0
 RAW,102.125,0,233,156,51,610,407,382,558.8,388.1,375.8,0
 RAW,102.250,1,301,257,538,301,257,538,494.3,355.3,416.4,0
 RAW,102.375,0,944,601,979,610,449,792,523.3,378.8,510.3,0
 RAW,102.500,1,455,272,72,455,272,538,506.2,352.1,517.2,0
 RAW,102.625,0,115,121,158,301,257,158,454.9,328.3,427.4,0
 RAW,102.750,1,802,534,993,455,272,538,454.9,314.2,455.1,0
 RAW,102.875,0,725,454,525,725,454,525,522.4,349.2,472.5,0
 RAW,103.000,1,104,92,63,455,272,158,505.6,329.9,393.9,0
 RAW,103.125,0,526,399,934,526,399,525,510.7,347.2,426.7,0
 RAW,103.250,1,917,563,864,725,454,864,564.3,373.9,536.0,0
 RAW,103.375,0,316,195,52,526,399,525,554.7,380.2,533.3,0
 RAW,103.500,1,195,187,369,316,195,369,495.0,333.9,492.2,0
 RAW,103.625,0,896,582,976,526,399,864,502.8,350.1,585.1,0
 RAW,103.750,1,536,328,206,536,328,369,511.1,344.6,531.1,0
 RAW,103.875,0,78,92,104,316,195,206,462.3,307.2,449.8,0
 RAW,104.000,1,699,491,996,536,328,369,480.7,312.4,429.6,0
 RAW,104.125,0,810,498,694,699,491,694,535.3,357.1,495.7,0
 PROC,104.125,1,55,45,1.2222,1.2270,1.3582,-10.01,-9.66,0.1054,0.1126,462
 RAW,104.250,1,162,117,56,536,328,206,535.5,349.8,423.3,0
 RAW,104.375,0,401,326,739,401,326,694,501.9,343.8,491.0,0
 RAW,104.500,1,919,577,928,699,491,739,551.1,380.6,553.0,0
 RAW,104.625,0,362,218,64,401,326,694,513.6,367.0,588.2,0
 RAW,104.750,1,143,148,247,362,218,247,475.7,329.7,502.9,0
 RAW,104.875,0,834,538,989,401,326,739,457.0,328.8,561.9,0
 RAW,105.000,1,600,363,361,600,363,361,492.8,337.3,511.7,0
 RAW,105.125,0,73,90,77,362,218,247,460.1,307.5,445.5,0
 RAW,105.250,1,619,450,998,600,363,361,495.1,321.4,424.4,0
 RAW,105.375,0,841,506,765,619,450,765,526.0,353.5,509.5,0
 RAW,105.500,1,222,150,53,600,363,361,544.5,355.9,472.4,0
 RAW,105.625,0,307,266,564,307,266,564,485.1,333.4,495.3,0
 RAW,105.750,1,919,574,975,619,450,765,518.6,362.6,562.7,0
 RAW,105.875,0,433,243,54,433,266,564,497.2,338.4,563.0,0
 RAW,106.000,1,101,122,180,307,243,180,449.7,314.6,467.3,0
 RAW,106.125,0,768,510,990,433,266,564,445.5,302.4,491.5,0
 RAW,106.250,1,712,410,524,712,410,524,512.1,329.3,499.6,0
 RAW,106.375,0,82,87,47,433,243,180,492.3,307.7,419.7,0
 RAW,106.500,1,504,367,935,504,367,524,495.3,322.6,445.8,0
 RAW,106.625,0,936,533,921,712,410,921,549.4,344.4,564.6,0
 RAW,106.750,1,317,206,37,504,367,524,538.1,350.1,554.4,0
 RAW,106.875,0,156,133,281,317,206,281,482.8,314.0,486.1,0
 RAW,107.000,1,948,512,994,504,367,921,488.1,327.3,594.8,0
 RAW,107.125,0,591,291,218,591,291,281,513.8,318.2,516.4,0
 RAW,107.250,1,63,92,72,317,206,218,464.6,290.2,441.8,0
 RAW,107.375,0,706,434,1004,591,291,281,496.2,290.4,401.6,0
 RAW,107.500,1,868,461,774,706,434,774,548.7,326.3,494.7,0
 RAW,107.625,0,151,117,40,591,291,218,559.2,317.5,425.5,0
 RAW,107.750,1,345,268,601,345,268,601,505.7,305.1,469.4,0
 RAW,107.875,0,978,540,977,706,434,774,555.8,337.3,545.5,0
 RAW,108.000,1,427,221,50,427,268,601,523.6,320.0,559.4,0
 RAW,108.125,0,94,122,161,345,221,161,478.9,295.2,459.8,0
 RAW,108.250,1,816,491,1000,427,268,601,465.9,288.4,495.1,0
 RAW,108.375,0,731,400,556,731,400,556,532.2,316.3,510.3,0
 RAW,108.500,1,66,75,55,427,221,161,505.9,292.5,423.0,0
 RAW,108.625,0,506,347,810,506,347,556,505.9,306.1,456.2,0
 RAW,108.750,1,708,352,796,708,352,796,556.4,317.6,541.2,0
 RAW,108.875,0,214,153,49,506,347,556,543.8,324.9,544.9,0
 RAW,109.000,1,261,227,418,261,227,418,473.1,300.5,513.2,0
 RAW,109.125,0,808,536,973,506,347,796,481.3,312.1,583.9,0
 RAW,109.250,1,414,249,273,414,249,418,464.5,296.3,542.4,0
 RAW,109.375,0,102,111,154,261,227,273,413.6,279.0,475.1,0
 RAW,109.500,1,689,447,995,414,249,418,413.7,271.5,460.8,0
 RAW,109.625,0,636,397,591,636,397,591,469.3,302.9,493.3,0
 RAW,109.750,1,103,137,58,414,249,273,455.5,289.4,438.3,0
 RAW,109.875,0,441,346,727,441,346,591,451.9,303.6,476.4,0
 RAW,110.000,1,796,522,879,636,397,727,497.9,326.9,539.1,0
 RAW,110.125,0,276,176,55,441,346,591,483.7,331.7,552.1,0
 RAW,110.250,1,179,158,335,276,176,335,431.8,292.8,497.8,0
 RAW,110.375,0,808,559,982,441,346,727,434.1,306.1,555.1,0
 RAW,110.500,1,491,332,374,491,332,374,448.3,312.6,509.8,0
 RAW,110.625,0,84,101,88,276,176,335,405.2,278.4,466.1,0
 RAW,110.750,1,653,487,989,491,332,374,426.7,291.8,443.1,0
 RAW,110.875,0,731,491,731,653,487,731,483.3,340.6,515.1,0
 PROC,110.875,1,57,49,1.1633,1.2143,1.3582,-14.35,-10.60,0.1546,0.1210,479
 RAW,111.000,1,144,123,59,491,332,374,485.2,338.5,479.8,0
 RAW,111.125,0,365,303,584,365,303,584,455.1,329.6,505.8,0
 RAW,111.250,1,864,565,924,653,487,731,504.6,368.9,562.1,0
 RAW,111.375,0,333,216,75,365,303,584,469.7,352.5,567.6,0
 RAW,111.500,1,145,143,251,333,216,251,435.5,318.3,488.5,0
 RAW,111.625,0,963,679,998,365,303,584,417.9,314.5,512.3,0
 RAW,111.750,1,607,661,302,607,565,302,465.2,377.1,459.8,0
 RAW,111.875,0,56,68,67,333,216,251,432.1,336.8,407.6,0
 PROC,111.875,1,33,41,0.8049,1.1324,1.3582,-40.74,-16.63,0.5116,0.1991,433
 RAW,112.000,1,853,668,1018,607,661,302,475.8,417.9,381.2,1
 RAW,112.125,0,920,911,853,853,668,853,570.1,480.4,499.1,0
 PROC,112.125,1,95,63,1.5079,1.2075,1.3582,+11.02,-11.10,-0.1045,0.1384,440
 RAW,112.250,1,55,142,33,607,661,302,579.4,525.6,449.8,0
 RAW,112.375,0,352,325,631,352,325,631,522.5,475.4,495.1,0
 PROC,112.375,1,57,50,1.1400,1.1940,1.3582,-16.07,-12.09,0.1747,0.1457,472
 RAW,112.500,1,990,973,997,853,668,853,605.1,523.6,584.6,0
 RAW,112.625,0,267,396,44,352,396,631,541.9,491.7,596.2,0
 RAW,112.750,1,72,94,134,267,325,134,473.1,450.0,480.7,0
 RAW,112.875,0,981,878,1015,352,396,631,442.9,436.5,518.2,1
 RAW,113.000,1,713,737,476,713,737,476,510.4,511.6,507.7,0
 RAW,113.125,0,58,57,52,267,396,134,449.5,482.7,414.3,0
 RAW,113.250,1,723,598,1006,713,598,476,515.4,511.5,429.7,0
 RAW,113.375,0,952,931,913,723,737,913,567.3,567.9,550.5,0
 PROC,113.375,1,52,56,0.9286,1.1409,1.3582,-31.63,-16.00,0.3758,0.1917,489
 RAW,113.500,1,55,207,40,713,598,476,603.7,575.4,531.9,0
 RAW,113.625,0,217,215,400,217,215,400,507.0,485.3,498.9,0
 PROC,113.625,1,96,90,1.0667,1.1261,1.3582,-21.46,-17.09,0.2405,0.2014,514
 RAW,113.750,1,992,980,1014,723,598,913,561.0,513.5,602.4,0
 RAW,113.875,0,371,469,52,371,469,400,513.5,502.4,551.8,0
 RAW,114.000,1,57,79,98,217,215,98,439.4,430.5,438.4,0
 RAW,114.125,0,981,786,1019,371,469,400,422.3,440.1,428.8,1
 RAW,114.250,1,848,839,689,848,786,689,528.7,526.6,493.8,0
 RAW,114.375,0,57,92,46,371,469,98,489.3,512.2,394.9,0
 RAW,114.500,1,555,482,972,555,482,689,505.7,504.7,468.4,0
 RAW,114.625,0,978,951,959,848,786,959,591.3,575.0,591.1,0
 PROC,114.625,1,86,70,1.2286,1.1466,1.3582,-9.54,-15.58,0.1002,0.1812,529
 RAW,114.750,1,114,311,43,555,482,689,582.2,551.7,615.5,0
 RAW,114.875,0,104,124,215,114,311,215,465.2,491.6,515.4,0
 PROC,114.875,1,117,60,1.9500,1.3073,1.3582,+43.57,-3.75,-0.3578,0.0734,565
 RAW,115.000,1,988,955,1014,555,482,959,487.6,489.2,626.3,0
 RAW,115.125,0,508,571,163,508,571,215,492.7,509.6,523.5,0
 RAW,115.250,1,52,66,71,114,311,163,398.0,460.0,433.4,0
 RAW,115.375,0,922,720,1013,508,571,215,425.5,487.7,378.8,0
 RAW,115.500,1,909,900,823,909,720,823,546.4,545.8,489.8,0
 RAW,115.625,0,51,114,32,508,571,163,536.8,552.1,408.1,0
 RAW,115.750,1,407,367,722,407,367,722,504.3,505.8,486.6,0
 RAW,115.875,0,988,970,990,909,720,823,605.5,559.4,570.7,0
 PROC,115.875,1,101,54,1.8704,1.4199,1.3582,+37.71,+4.54,-0.3173,-0.0047,528
 RAW,116.000,1,223,364,39,407,367,722,555.9,511.3,608.5,0
 RAW,116.125,0,82,98,149,223,364,149,472.7,474.5,493.6,0
 RAW,116.250,1,982,905,1015,407,367,722,456.2,447.6,550.7,1
 RAW,116.375,0,659,693,394,659,693,394,506.9,508.9,511.5,0
 PROC,116.375,1,50,61,0.8197,1.2998,1.3582,-39.65,-4.30,0.4945,0.0951,530
 RAW,116.500,1,55,57,49,223,364,149,436.0,472.7,420.9,0
 RAW,116.625,0,770,625,1014,659,625,394,491.7,510.8,414.2,0
 RAW,116.750,1,947,925,891,770,693,891,561.3,556.3,533.4,0
 RAW,116.875,0,53,187,38,659,625,394,585.7,573.5,498.5,0
 RAW,117.000,1,241,236,450,241,236,450,499.5,489.1,486.4,0
 RAW,117.125,0,995,979,1007,770,625,891,567.2,523.1,587.6,0
 RAW,117.250,1,349,450,56,349,450,450,512.6,504.8,553.2,0
 RAW,117.375,0,60,86,111,241,236,111,444.7,437.6,442.6,0
 PROC,117.375,1,68,67,1.0149,1.2429,1.3582,-25.27,-8.49,0.2893,0.1340,497
 RAW,117.500,1,984,824,1017,349,450,450,420.8,440.7,444.5,1
 RAW,117.625,0,811,813,631,811,813,631,518.3,533.8,491.1,0
 PROC,117.625,1,98,93,1.0538,1.2050,1.3582,-22.41,-11.28,0.2524,0.1577,467
 RAW,117.750,1,57,56,39,349,450,111,476.0,512.8,396.1,0
 RAW,117.875,0,615,531,998,615,531,631,510.8,517.4,454.8,0
 RAW,118.000,1,977,943,967,811,813,967,585.8,591.3,582.9,0
 RAW,118.125,0,101,295,43,615,531,631,593.1,576.2,594.9,0
 RAW,118.250,1,113,132,238,113,295,238,473.1,505.9,505.7,0
 RAW,118.375,0,980,850,1006,615,531,967,508.6,512.2,621.0,0
 RAW,118.500,1,545,568,178,545,568,238,517.7,526.1,525.3,0
 RAW,118.625,0,56,84,85,113,295,178,416.5,468.4,438.4,0
 PROC,118.625,1,101,58,1.7414,1.3123,1.3582,+28.21,-3.38,-0.2472,0.0767,481
 RAW,118.750,1,729,542,995,545,542,238,448.6,486.8,388.3,0
 RAW,118.875,0,850,550,736,729,550,736,518.7,502.6,475.2,0
 RAW,119.000,1,168,136,55,545,542,178,525.3,512.4,400.9,0
 RAW,119.125,0,344,290,630,344,290,630,480.0,456.8,458.2,0
 PROC,119.125,1,46,56,0.8214,1.2141,1.3582,-39.52,-10.61,0.4925,0.1598,429
 RAW,119.250,1,975,636,957,729,542,736,542.2,478.1,527.7,0
 RAW,119.375,0,359,226,44,359,290,630,496.4,431.1,553.2,0
 PROC,119.375,1,46,47,0.9787,1.1670,1.3582,-27.94,-14.07,0.3248,0.1928,540
 RAW,119.500,1,98,122,172,344,226,172,458.3,379.8,457.9,0
 RAW,119.625,0,937,594,1004,359,290,630,433.5,357.4,500.9,0
 RAW,119.750,1,660,407,398,660,407,398,490.1,369.8,475.2,0
 RAW,119.875,0,64,93,81,359,226,172,457.3,333.8,399.4,0
 RAW,120.000,1,603,429,996,603,407,398,493.8,352.1,399.1,0
 RAW,120.125,0,887,512,795,660,429,795,535.3,371.3,498.0,0
 RAW,120.250,1,189,147,43,603,407,398,552.2,380.3,473.0,0
 RAW,120.375,0,243,220,453,243,220,453,474.9,340.2,468.0,0
 PROC,120.375,1,78,40,1.9500,1.3236,1.3582,+43.57,-2.54,-0.3578,0.0827,470
 RAW,120.500,1,991,649,1004,603,429,795,506.9,362.4,549.8,0
 RAW,120.625,0,368,295,45,368,295,453,472.2,345.5,525.6,0
 RAW,120.750,1,63,90,108,243,220,108,414.9,314.2,421.2,0
 RAW,120.875,0,976,594,1009,368,295,453,403.2,309.4,429.1,0
 RAW,121.000,1,698,444,502,698,444,502,476.9,343.0,447.4,0
 RAW,121.125,0,55,86,52,368,295,108,449.7,331.0,362.5,0
 RAW,121.250,1,677,467,997,677,444,502,506.5,359.3,397.4,0
 RAW,121.375,0,922,597,890,698,467,890,554.4,386.2,520.5,0
 RAW,121.500,1,107,160,47,677,444,502,585.0,400.6,515.9,0
 RAW,121.625,0,230,205,370,230,205,370,496.3,351.7,479.4,0
 PROC,121.625,1,89,49,1.8163,1.4222,1.3582,+33.73,+4.71,-0.2886,0.0084,497
 RAW,121.750,1,983,629,990,677,467,890,541.5,380.6,582.1,0
 RAW,121.875,0,395,287,85,395,287,370,504.8,357.2,529.1,0
 RAW,122.000,1,52,77,112,230,205,112,436.1,319.1,424.8,0
 RAW,122.125,0,939,554,1004,395,287,370,425.8,311.1,411.1,0
 RAW,122.250,1,794,525,673,794,525,673,517.9,364.6,476.6,0
 RAW,122.375,0,56,109,49,395,287,112,487.2,345.2,385.4,0
 RAW,122.500,1,541,389,846,541,389,673,500.6,356.1,457.3,0
 RAW,122.625,0,965,629,950,794,525,846,574.0,398.3,554.5,0
 PROC,122.625,1,73,42,1.7381,1.4854,1.3582,+27.97,+9.36,-0.2454,-0.0423,505
 RAW,122.750,1,179,197,53,541,389,673,565.7,396.0,584.1,0
 RAW,122.875,0,153,156,251,179,197,251,469.0,346.3,500.8,0
 PROC,122.875,1,96,50,1.9200,1.5723,1.3582,+41.36,+15.76,-0.3427,-0.1024,542
 RAW,123.000,1,980,605,1000,541,389,846,487.0,356.9,587.1,0
 RAW,123.125,0,525,353,273,525,353,273,496.5,356.0,508.6,0
 RAW,123.250,1,56,83,75,179,197,251,417.1,316.2,444.2,0
 RAW,123.375,0,816,497,1008,525,353,273,444.1,325.4,401.4,0
 RAW,123.500,1,855,532,761,816,497,761,537.1,368.3,491.3,0
 RAW,123.625,0,57,120,52,525,353,273,534.1,364.5,436.7,0
 RAW,123.750,1,423,311,653,423,311,653,506.3,351.1,490.8,0
 RAW,123.875,0,978,603,982,816,497,761,583.7,387.6,558.3,0
 RAW,124.000,1,311,207,46,423,311,653,543.5,368.4,582.0,0
 RAW,124.125,0,111,138,189,311,207,189,485.4,328.1,483.8,0
 PROC,124.125,1,58,40,1.4500,1.5478,1.3582,+6.76,+13.96,-0.0654,-0.0950,532
 RAW,124.250,1,976,546,1003,423,311,653,469.8,323.8,526.1,0
 RAW,124.375,0,660,396,455,660,396,455,517.4,341.9,508.3,0
 RAW,124.500,1,59,89,59,311,207,189,465.8,308.1,428.5,0
 RAW,124.625,0,684,445,994,660,396,455,514.3,330.1,435.1,0
 RAW,124.750,1,908,531,854,684,445,854,556.7,358.8,539.8,0
 RAW,124.875,0,138,148,46,660,396,455,582.6,368.1,518.6,0
 RAW,125.000,1,269,221,448,269,221,448,504.2,331.3,501.0,0
 RAW,125.125,0,984,576,997,684,445,854,549.1,359.8,589.2,0
 RAW,125.250,1,388,242,57,388,242,448,508.8,330.3,553.9,0
 RAW,125.375,0,80,111,132,269,221,132,448.9,303.0,448.4,0
 RAW,125.500,1,924,522,1004,388,242,448,433.7,287.7,448.3,0
 RAW,125.625,0,752,440,585,752,440,585,513.2,325.8,482.5,0
 RAW,125.750,1,65,96,63,388,242,132,481.9,304.9,394.9,0
 RAW,125.875,0,595,406,944,595,406,585,510.2,330.1,442.4,0
 RAW,126.000,1,938,555,912,752,440,912,570.7,357.6,559.8,0
 RAW,126.125,0,218,172,49,595,406,585,576.7,369.7,566.1,0
 RAW,126.250,1,186,172,303,218,172,303,487.1,320.3,500.3,0
 RAW,126.375,0,975,568,995,595,406,912,514.0,341.7,603.2,0
 RAW,126.500,1,475,283,170,475,283,303,504.3,327.0,528.2,0
 RAW,126.625,0,64,84,115,218,172,170,432.7,288.3,438.6,0
 RAW,126.750,1,857,502,1005,475,283,303,443.3,287.0,404.7,0
 RAW,126.875,0,802,474,690,802,474,690,533.0,333.7,476.0,0
 PROC,126.875,1,89,47,1.8936,1.6170,1.3582,+39.42,+19.05,-0.3293,-0.1419,440
 RAW,127.000,1,60,96,50,475,283,170,518.5,321.0,399.5,0
 RAW,127.125,0,495,361,813,495,361,690,512.6,331.0,472.2,0
 RAW,127.250,1,964,575,948,802,474,813,585.0,366.8,557.4,0
 RAW,127.375,0,252,187,60,495,361,690,562.5,365.3,590.5,0
 RAW,127.500,1,155,157,253,252,187,253,484.8,320.7,506.1,0
 RAW,127.625,0,980,568,998,495,361,813,487.4,330.8,582.9,0
 RAW,127.750,1,539,328,280,539,328,280,500.3,330.1,507.1,0
 RAW,127.875,0,62,85,86,252,187,253,438.2,294.3,443.6,0
 RAW,128.000,1,806,503,1004,539,328,280,463.4,302.7,402.7,0
 RAW,128.125,0,844,534,753,806,503,753,549.1,352.8,490.3,0
 PROC,128.125,1,86,50,1.7200,1.6376,1.3582,+26.64,+20.57,-0.2351,-0.1605,446
 RAW,128.250,1,61,115,45,539,328,280,546.5,346.6,437.7,0
 RAW,128.375,0,429,327,690,429,327,690,517.2,341.7,500.8,0
 RAW,128.500,1,972,609,970,806,503,753,589.4,382.0,563.8,0
 RAW,128.625,0,289,209,42,429,327,690,549.3,368.3,595.4,0
 RAW,128.750,1,132,141,220,289,209,220,484.2,328.5,501.5,0
 RAW,128.875,0,978,582,995,429,327,690,470.4,328.1,548.6,0
 RAW,129.000,1,587,385,350,587,385,350,499.6,342.3,499.0,0
 RAW,129.125,0,60,82,74,289,209,220,446.9,309.0,429.2,0
 RAW,129.250,1,745,495,1003,587,385,350,481.9,328.0,409.4,0
 RAW,129.375,0,872,551,786,745,495,786,547.7,369.7,503.6,0
 PROC,129.375,1,66,42,1.5714,1.6244,1.3582,+15.70,+19.60,-0.1456,-0.1575,456
 RAW,129.500,1,84,128,48,587,385,350,557.5,373.6,465.2,0
 RAW,129.625,0,380,299,614,380,299,614,513.1,354.9,502.4,0
 RAW,129.750,1,979,624,979,745,495,786,571.1,389.9,573.3,0
 RAW,129.875,0,326,236,50,380,299,614,523.3,367.2,583.5,0
 RAW,130.000,1,113,129,192,326,236,192,474.0,334.4,485.6,0
 RAW,130.125,0,980,591,998,380,299,614,450.5,325.6,517.7,0
 RAW,130.250,1,624,412,401,624,412,401,493.9,347.2,488.5,0
 RAW,130.375,0,62,80,73,326,236,192,451.9,319.4,414.4,0
 RAW,130.500,1,725,488,1003,624,412,401,494.9,342.5,411.0,0
 RAW,130.625,0,875,571,805,725,488,805,552.4,378.9,509.5,0
 RAW,130.750,1,95,141,46,624,412,401,570.3,387.2,482.4,0
 RAW,130.875,0,344,280,562,344,280,562,513.8,360.4,502.3,0
 RAW,131.000,1,981,628,980,725,488,805,566.6,392.3,578.0,0
 RAW,131.125,0,339,243,52,344,280,562,510.9,364.2,574.0,0
 RAW,131.250,1,112,120,173,339,243,173,467.9,333.9,473.7,0
 RAW,131.375,0,974,586,1000,344,280,562,437.0,320.4,495.8,0
 RAW,131.500,1,652,426,433,652,426,433,490.7,346.8,480.1,0
 RAW,131.625,0,67,74,67,339,243,173,452.8,320.9,403.3,0
 RAW,131.750,1,697,473,997,652,426,433,502.6,347.2,410.7,0
 RAW,131.875,0,911,563,806,697,473,806,551.2,378.6,509.6,0
 RAW,132.000,1,129,146,44,652,426,433,576.4,390.5,490.4,0
 RAW,132.125,0,307,251,502,307,251,502,509.0,355.6,493.3,0
 RAW,132.250,1,985,619,982,697,473,806,556.0,384.9,571.5,0
 RAW,132.375,0,365,247,57,365,251,502,508.3,351.5,554.1,0
 RAW,132.500,1,94,115,170,307,247,170,458.0,325.3,458.1,0
 RAW,132.625,0,969,581,999,365,251,502,434.7,306.8,469.1,0
 RAW,132.750,1,701,452,491,701,452,491,501.3,343.1,474.5,0
 RAW,132.875,0,56,86,55,365,247,170,467.2,319.1,398.4,0
 RAW,133.000,1,676,467,996,676,452,491,519.4,352.3,421.6,0
 RAW,133.125,0,907,583,853,701,467,853,564.8,381.0,529.4,0
 RAW,133.250,1,134,153,56,676,452,491,592.6,398.7,519.8,0
 RAW,133.375,0,298,227,460,298,227,460,519.0,355.8,504.9,0
 PROC,133.375,1,74,43,1.7209,1.6437,1.3582,+26.71,+21.02,-0.2356,-0.1731,511
 RAW,133.500,1,984,625,996,676,467,853,558.2,383.6,591.9,0
 RAW,133.625,0,376,256,54,376,256,460,512.7,351.7,558.9,0
 RAW,133.750,1,101,110,146,298,227,146,459.0,320.5,455.7,0
 RAW,133.875,0,952,575,998,376,256,460,438.2,304.4,456.8,0
 RAW,134.000,1,707,459,526,707,459,526,505.4,343.0,474.1,0
 RAW,134.125,0,59,81,53,376,256,146,473.1,321.3,392.1,0
 RAW,134.250,1,648,463,995,648,459,526,516.8,355.7,425.5,0
 RAW,134.375,0,913,573,879,707,463,879,564.4,382.5,538.9,0
 RAW,134.500,1,153,161,49,648,459,526,585.3,401.7,535.7,0
 RAW,134.625,0,267,226,429,267,226,429,505.7,357.7,509.0,0
 PROC,134.625,1,80,44,1.8182,1.6786,1.3582,+33.87,+23.59,-0.2896,-0.1964,522
 RAW,134.750,1,986,628,995,648,463,879,541.3,384.1,601.5,0
 RAW,134.875,0,390,271,59,390,271,429,503.5,355.8,558.4,0
 RAW,135.000,1,77,95,136,267,226,136,444.3,323.3,452.8,0
 RAW,135.125,0,930,595,1001,390,271,429,430.8,310.3,446.8,0
 RAW,135.250,1,737,495,559,737,495,559,507.3,356.4,474.9,0
 RAW,135.375,0,64,92,54,390,271,136,478.0,335.1,390.2,0
 RAW,135.500,1,601,467,983,601,467,559,508.7,368.1,432.4,0
 RAW,135.625,0,935,626,882,737,495,882,565.8,399.8,544.8,0
 RAW,135.750,1,242,179,48,601,467,559,574.6,416.6,548.3,0
 RAW,135.875,0,214,211,374,242,211,374,491.5,365.2,504.7,0
 PROC,135.875,1,83,51,1.6275,1.6683,1.3582,+19.82,+22.84,-0.1804,-0.1932,526
 RAW,136.000,1,971,604,979,601,467,882,518.8,390.6,599.1,0
 RAW,136.125,0,500,310,250,500,310,374,514.1,370.5,542.8,0
 RAW,136.250,1,87,107,132,242,211,250,446.1,330.6,469.6,0
 RAW,136.375,0,792,520,993,500,310,374,459.6,325.5,445.7,0
 RAW,136.500,1,779,475,639,779,475,639,539.4,362.8,494.0,0
 RAW,136.625,0,89,100,74,500,310,250,529.6,349.6,433.0,0
 RAW,136.750,1,500,372,783,500,372,639,522.2,355.2,484.5,0
 RAW,136.875,0,934,555,903,779,475,783,586.4,385.2,559.1,0
 RAW,137.000,1,317,188,58,500,372,639,564.8,381.9,579.1,0
 RAW,137.125,0,183,170,310,317,188,310,502.8,333.4,511.8,0
 PROC,137.125,1,62,48,1.2917,1.5930,1.3582,-4.90,+17.29,0.0502,-0.1445,545
 RAW,137.250,1,909,543,977,500,372,783,502.1,343.1,579.6,0
 RAW,137.375,0,539,307,319,539,307,319,511.3,334.0,514.5,0
 RAW,137.500,1,85,95,103,317,188,310,462.8,297.5,463.3,0
 RAW,137.625,0,725,475,987,539,307,319,481.8,299.9,427.3,0
 RAW,137.750,1,796,466,716,725,466,716,542.6,341.4,499.4,0
 RAW,137.875,0,132,95,78,539,307,319,541.7,332.8,454.3,0
 RAW,138.000,1,455,341,688,455,341,688,520.0,334.9,512.8,0
 RAW,138.125,0,957,613,929,725,466,716,571.3,367.6,563.6,0
 RAW,138.250,1,332,204,59,455,341,688,542.2,361.0,594.7,0
 RAW,138.375,0,172,163,301,332,204,301,489.7,321.7,521.3,0
 RAW,138.500,1,888,554,975,455,341,688,481.0,326.6,562.9,0
 RAW,138.625,0,533,313,273,533,313,301,494.0,323.2,497.5,0
 RAW,138.750,1,86,102,124,332,204,273,453.5,293.4,441.3,0
 RAW,138.875,0,683,470,993,533,313,301,473.4,298.3,406.3,0
 RAW,139.000,1,775,461,686,683,461,686,525.8,339.0,476.2,0
 RAW,139.125,0,135,99,62,533,313,273,527.6,332.5,425.4,0
 RAW,139.250,1,447,345,757,447,345,686,507.4,335.6,490.5,0
 RAW,139.375,0,950,609,915,683,461,757,551.3,367.0,557.2,0
 RAW,139.500,1,249,332,47,447,345,686,525.2,361.5,589.4,0
 RAW,139.625,0,115,131,198,249,332,198,456.2,354.1,491.5,0
 RAW,139.750,1,983,848,1010,447,345,757,453.9,351.8,557.9,0
 RAW,139.875,0,531,588,176,531,588,198,473.2,410.9,467.9,0
 PROC,139.875,1,20,59,0.3390,1.3422,1.3582,-75.04,-1.18,1.3880,0.1620,512
 RAW,140.000,1,56,76,84,249,332,176,417.1,391.2,394.9,0
 RAW,140.125,0,800,634,1011,531,588,198,445.6,440.4,345.7,0
 PROC,140.125,1,28,49,0.5714,1.1881,1.3582,-57.93,-12.53,0.8653,0.3026,369
 RAW,140.250,1,891,864,800,800,634,800,534.2,488.8,459.3,0
 RAW,140.375,0,57,185,38,531,588,176,533.4,513.6,388.5,0
 RAW,140.500,1,401,379,804,401,379,800,500.3,479.9,491.3,0
 RAW,140.625,0,980,907,973,800,634,804,575.2,518.5,569.5,0
 RAW,140.750,1,343,390,56,401,390,800,531.7,486.3,627.1,0
 RAW,140.875,0,84,121,198,343,379,198,484.5,459.5,519.8,0
 RAW,141.000,1,956,805,1009,401,390,804,463.6,442.1,590.9,0
 RAW,141.125,0,637,632,272,637,632,272,507.0,489.6,511.2,0
 PROC,141.125,1,43,47,0.9149,1.1334,1.3582,-32.64,-16.55,0.3900,0.3201,550
 RAW,141.250,1,60,74,76,343,390,198,466.0,464.7,432.9,0
 RAW,141.375,0,729,629,1007,637,629,272,508.7,505.8,392.7,0
 PROC,141.375,1,43,41,1.0488,1.1165,1.3582,-22.78,-17.80,0.2571,0.3075,412
 RAW,141.500,1,909,891,815,729,632,815,563.8,537.3,498.2,0
 RAW,141.625,0,78,207,40,637,629,272,582.1,560.2,441.7,0
 RAW,141.750,1,333,338,692,333,338,692,519.8,504.7,504.3,0
 RAW,141.875,0,982,931,977,729,629,815,572.1,535.8,581.9,0
 RAW,142.000,1,440,436,51,440,436,692,539.1,510.8,609.5,0
 RAW,142.125,0,100,114,171,333,338,171,487.6,467.6,499.8,0
 PROC,142.125,1,52,43,1.2093,1.1351,1.3582,-10.96,-16.43,0.1160,0.2692,554
 RAW,142.250,1,837,788,1008,440,436,692,475.7,459.7,547.9,0
 RAW,142.375,0,702,683,369,702,683,369,532.3,515.5,503.2,0
 PROC,142.375,1,57,56,1.0179,1.1116,1.3582,-25.06,-18.16,0.2865,0.2727,525
 RAW,142.500,1,52,73,66,440,436,171,509.2,495.7,420.1,0
 RAW,142.625,0,581,583,1009,581,583,369,527.1,517.5,407.3,0
 RAW,142.750,1,918,901,850,702,683,850,570.9,558.9,518.0,0
 RAW,142.875,0,248,254,42,581,583,369,573.4,564.9,480.8,0
 RAW,143.000,1,288,299,611,288,299,611,502.0,498.4,513.3,0
 RAW,143.125,0,986,931,984,581,583,850,521.8,519.6,597.5,0
 RAW,143.250,1,425,447,49,425,447,611,497.6,501.4,600.9,0
 RAW,143.375,0,78,103,161,288,299,161,445.2,450.8,490.9,0
 PROC,143.375,1,52,51,1.0196,1.0932,1.3582,-24.93,-19.51,0.2848,0.2751,545
 RAW,143.500,1,978,806,1010,425,447,611,440.1,449.9,520.9,0
 RAW,143.625,0,653,690,380,653,690,380,493.4,509.9,485.7,0
 PROC,143.625,1,53,60,0.8833,1.0512,1.3582,-34.96,-22.60,0.4237,0.3048,502
 RAW,143.750,1,56,68,61,425,447,161,476.3,494.2,404.5,0
 RAW,143.875,0,796,619,1015,653,619,380,520.5,525.4,398.4,1
 RAW,144.000,1,929,911,857,796,690,857,589.3,566.5,513.0,0
 RAW,144.125,0,55,174,41,653,619,380,605.3,579.7,479.8,0
 RAW,144.250,1,351,320,601,351,320,601,541.7,514.7,510.1,0
 RAW,144.375,0,990,972,991,796,619,857,605.3,540.8,596.8,0
 RAW,144.500,1,242,386,45,351,386,601,541.7,502.1,597.9,0
 RAW,144.625,0,82,99,152,242,320,152,466.8,456.6,486.4,0
 PROC,144.625,1,75,46,1.6304,1.1671,1.3582,+20.04,-14.07,-0.1822,0.2074,541
 RAW,144.750,1,984,868,1011,351,386,601,437.8,438.9,515.0,0
 RAW,144.875,0,648,690,406,648,690,406,490.4,501.7,487.8,0
 PROC,144.875,1,53,63,0.8413,1.1019,1.3582,-38.06,-18.87,0.4700,0.2599,501
 RAW,145.000,1,59,62,57,242,386,152,428.3,472.8,403.8,0
 RAW,145.125,0,798,630,1013,648,630,406,483.2,512.1,404.4,0
 PROC,145.125,1,55,40,1.3750,1.1565,1.3582,+1.24,-14.85,-0.0123,0.2055,403
 RAW,145.250,1,929,915,870,798,690,870,561.9,556.6,520.8,0
 RAW,145.375,0,53,191,42,648,630,406,583.4,574.9,492.1,0
 RAW,145.500,1,326,302,569,326,302,569,519.1,506.7,511.3,0
 RAW,145.625,0,992,972,995,798,630,870,588.8,537.5,601.0,0
 RAW,145.750,1,272,415,48,326,415,569,523.1,506.9,593.0,0
 RAW,145.875,0,72,94,143,272,302,143,460.3,455.7,480.5,0
 PROC,145.875,1,63,51,1.2353,1.1723,1.3582,-9.05,-13.69,0.0948,0.1834,536
 RAW,146.000,1,983,854,1009,326,415,569,426.7,445.5,502.6,0
 RAW,146.125,0,665,710,428,665,710,428,486.3,511.6,484.0,0
 PROC,146.125,1,60,66,0.9091,1.1196,1.3582,-33.07,-17.56,0.3962,0.2259,492
 RAW,146.250,1,54,61,52,272,415,143,432.7,487.5,398.7,0
 RAW,146.375,0,780,616,1011,665,616,428,490.8,519.6,406.0,0
 RAW,146.500,1,934,914,866,780,710,866,563.1,567.2,521.0,0
 RAW,146.625,0,55,190,42,665,616,428,588.6,579.4,497.8,0
 RAW,146.750,1,313,289,551,313,289,551,519.7,506.8,511.1,0
 RAW,146.875,0,992,971,998,780,616,866,584.8,534.1,599.8,0
 RAW,147.000,1,281,417,51,313,417,551,516.8,504.8,587.6,0
 RAW,147.125,0,70,95,135,281,289,135,457.9,450.9,474.5,0
 PROC,147.125,1,59,54,1.0926,1.1142,1.3582,-19.56,-17.96,0.2168,0.2241,530
 RAW,147.250,1,981,866,1013,313,417,551,421.6,442.4,493.6,0
 RAW,147.375,0,687,724,466,687,724,466,488.0,512.8,486.7,0
 PROC,147.375,1,66,70,0.9429,1.0800,1.3582,-30.58,-20.49,0.3610,0.2515,489
 RAW,147.500,1,58,61,54,281,417,135,436.2,488.9,398.8,0
 RAW,147.625,0,766,619,1013,687,619,466,498.9,521.4,415.6,0
 RAW,147.750,1,940,924,887,766,724,887,565.7,572.0,533.4,0
 RAW,147.875,0,50,175,37,687,619,466,596.0,583.8,516.6,0
 RAW,148.000,1,287,273,516,287,273,516,518.8,506.1,516.4,0
 RAW,148.125,0,990,973,996,766,619,887,580.6,534.3,609.1,0
 RAW,148.250,1,290,417,53,290,417,516,507.9,505.0,585.8,0
 RAW,148.375,0,70,89,131,287,273,131,452.7,447.0,472.1,0
 PROC,148.375,1,55,58,0.9483,1.0536,1.3582,-30.18,-22.43,0.3555,0.2723,528
 RAW,148.500,1,983,877,1014,290,417,516,412.0,439.5,483.1,0
 RAW,148.625,0,698,731,480,698,731,480,483.5,512.4,482.3,0
 PROC,148.625,1,71,73,0.9726,1.0374,1.3582,-28.39,-23.62,0.3309,0.2840,482
 RAW,148.750,1,54,61,55,290,417,131,435.1,488.5,394.5,0
 RAW,148.875,0,742,604,1006,698,604,480,500.9,517.4,415.9,0
 RAW,149.000,1,954,927,896,742,731,896,561.1,570.8,535.9,0
 RAW,149.125,0,55,186,40,698,604,480,595.4,579.1,521.9,0
 RAW,149.250,1,260,253,470,260,253,470,511.5,497.6,508.9,0
 RAW,149.375,0,992,975,995,742,604,896,569.1,524.2,605.7,0
 RAW,149.500,1,303,428,54,303,428,470,502.6,500.1,571.8,0
 RAW,149.625,0,63,90,132,260,253,132,442.0,438.4,461.8,0
 PROC,149.625,1,61,62,0.9839,1.0267,1.3582,-27.56,-24.41,0.3197,0.2911,516
 RAW,149.750,1,982,860,1012,303,428,470,407.2,435.8,463.9,0
 RAW,149.875,0,739,764,532,739,764,532,490.2,517.8,480.9,0
 PROC,149.875,1,83,82,1.0122,1.0238,1.3582,-25.48,-24.62,0.2919,0.2913,471
 RAW,150.000,1,54,58,50,303,428,132,443.4,495.4,393.7,0
 RAW,150.125,0,730,599,1007,730,599,532,515.0,521.3,428.3,0
 RAW,150.250,1,956,929,910,739,764,910,571.0,582.0,548.7,0
 RAW,150.375,0,56,199,38,730,599,532,610.8,586.2,544.5,0
 RAW,150.500,1,254,245,453,254,245,453,521.6,500.9,521.6,0
 RAW,150.625,0,992,974,1001,730,599,910,573.7,525.4,618.7,0
 RAW,150.750,1,315,436,58,315,436,453,509.0,503.1,577.3,0
 RAW,150.875,0,62,87,127,254,245,127,445.3,438.6,464.7,0
 PROC,150.875,1,64,65,0.9846,1.0160,1.3582,-27.51,-25.20,0.3189,0.2968,520
 RAW,151.000,1,983,855,1015,315,436,453,412.7,437.9,461.8,1
 RAW,151.125,0,733,758,549,733,758,549,492.8,517.9,483.6,0
 PROC,151.125,1,80,80,1.0000,1.0128,1.3582,-26.37,-25.43,0.3038,0.2982,472
 RAW,151.250,1,54,55,43,315,436,127,448.3,497.5,394.4,0
 RAW,151.375,0,721,595,1004,721,595,549,516.5,521.8,433.1,0
 RAW,151.500,1,956,931,910,733,758,910,570.6,580.9,552.3,0
 RAW,151.625,0,56,201,41,721,595,549,608.2,584.4,551.5,0
 RAW,151.750,1,235,232,415,235,232,415,514.9,496.3,517.4,0
 RAW,151.875,0,992,979,1004,721,595,910,566.4,521.0,615.5,0
 RAW,152.000,1,328,444,59,328,444,415,506.8,501.7,565.4,0
 RAW,152.125,0,60,86,118,235,232,118,438.9,434.3,453.5,0
 PROC,152.125,1,68,67,1.0149,1.0132,1.3582,-25.27,-25.40,0.2893,0.2964,509
 RAW,152.250,1,981,847,1015,328,444,415,411.2,436.7,443.9,1
 RAW,152.375,0,763,784,588,763,784,588,499.1,523.5,479.9,0
 PROC,152.375,1,88,87,1.0115,1.0129,1.3582,-25.53,-25.43,0.2926,0.2957,461
 RAW,152.500,1,53,52,40,328,444,118,456.3,503.7,389.4,0
 RAW,152.625,0,695,576,1006,695,576,588,516.0,521.7,439.1,0
 RAW,152.750,1,961,935,921,763,784,921,577.8,587.3,559.6,0
 RAW,152.875,0,57,213,44,695,576,588,607.1,584.5,566.7,0
 RAW,153.000,1,217,216,397,217,216,397,509.5,492.4,524.3,0
 RAW,153.125,0,994,976,1010,695,576,921,555.9,513.3,623.4,0
 RAW,153.250,1,342,447,54,342,447,397,502.4,496.7,566.8,0
 RAW,153.375,0,65,87,123,217,216,123,431.1,426.5,455.9,0
 PROC,153.375,1,71,70,1.0143,1.0131,1.3582,-25.32,-25.41,0.2899,0.2945,510
 RAW,153.500,1,983,840,1013,342,447,397,408.8,431.6,441.2,0
 RAW,153.625,0,784,793,599,784,793,599,502.6,522.0,480.6,0
 PROC,153.625,1,94,90,1.0444,1.0194,1.3582,-23.10,-24.94,0.2612,0.2878,460
 RAW,153.750,1,51,54,37,342,447,123,462.5,503.2,391.2,0
 RAW,153.875,0,670,561,1000,670,561,599,514.3,517.7,443.2,0
 RAW,154.000,1,965,939,922,784,793,922,581.8,586.5,562.9,0
 RAW,154.125,0,55,224,41,670,561,599,603.8,580.1,571.9,0
 RAW,154.250,1,189,196,367,189,224,367,500.1,491.1,520.7,0
 RAW,154.375,0,991,979,1012,670,561,922,542.6,508.6,621.0,0
 RAW,154.500,1,364,468,57,364,468,367,497.9,498.4,557.5,0
 RAW,154.625,0,62,75,110,189,224,110,420.7,429.8,445.6,0
 PROC,154.625,1,77,69,1.1159,1.0387,1.3582,-17.84,-23.52,0.1958,0.2694,501
 RAW,154.750,1,984,817,1017,364,468,367,406.5,439.4,426.0,1
 RAW,154.875,0,816,810,654,816,810,654,508.9,532.0,483.0,0
 PROC,154.875,1,102,93,1.0968,1.0503,1.3582,-19.25,-22.67,0.2130,0.2581,453
 RAW,155.000,1,56,53,36,364,468,110,472.7,516.0,389.7,0
 RAW,155.125,0,640,543,999,640,543,654,514.5,522.8,455.8,0
 RAW,155.250,1,974,937,937,816,810,937,589.9,594.6,576.1,0
 RAW,155.375,0,55,246,42,640,543,654,602.4,581.7,595.6,0
 RAW,155.500,1,152,167,311,152,246,311,489.8,497.8,524.4,0
 RAW,155.625,0,986,974,1005,640,543,937,527.4,509.1,627.6,0
 RAW,155.750,1,399,491,56,399,491,311,495.3,504.6,548.4,0
 RAW,155.875,0,52,79,96,152,246,96,409.4,439.9,435.3,0
 PROC,155.875,1,86,65,1.3231,1.1049,1.3582,-2.59,-18.65,0.0262,0.2118,491
 RAW,156.000,1,982,796,1017,399,491,311,406.8,452.7,404.2,1
 RAW,156.125,0,861,849,718,861,796,718,520.4,538.5,482.7,0
 PROC,156.125,1,114,86,1.3256,1.1490,1.3582,-2.40,-15.40,0.0243,0.1743,443
 RAW,156.250,1,54,60,49,399,491,96,490.0,526.6,386.0,0
 RAW,156.375,0,588,508,971,588,508,718,514.5,522.0,469.0,0
 RAW,156.500,1,973,963,966,861,796,966,601.1,590.5,593.3,0
 RAW,156.625,0,74,268,43,588,508,718,597.9,569.9,624.4,0
 RAW,156.750,1,124,142,241,124,268,241,479.4,494.4,528.6,0
 RAW,156.875,0,986,980,1006,588,508,966,506.5,497.8,637.9,0
 RAW,157.000,1,456,536,125,456,536,241,493.9,507.3,538.7,0
 RAW,157.125,0,52,70,93,124,268,125,401.4,447.5,435.3,0
 PROC,157.125,1,92,60,1.5333,1.2259,1.3582,+12.89,-9.74,-0.1211,0.1152,486
 RAW,157.250,1,981,762,1015,456,536,241,415.1,469.6,386.7,1
 RAW,157.375,0,879,871,778,879,762,778,531.1,542.7,484.5,0
 PROC,157.375,1,116,73,1.5890,1.2985,1.3582,+17.00,-4.39,-0.1566,0.0608,435
 RAW,157.500,1,51,65,36,456,536,125,512.3,541.0,394.6,0
 RAW,157.625,0,520,457,872,520,457,778,514.2,520.0,490.5,0
 RAW,157.750,1,981,959,967,879,762,872,605.4,580.5,585.9,0
 RAW,157.875,0,115,297,48,520,457,778,584.1,549.6,633.9,0
 RAW,158.000,1,103,121,205,115,297,205,466.8,486.5,526.7,0
 RAW,158.125,0,987,968,1013,520,457,872,480.1,479.1,613.0,0
 RAW,158.250,1,502,573,192,502,573,205,485.6,502.6,511.0,0
 RAW,158.375,0,51,69,82,115,297,192,392.9,451.2,431.3,0
 PROC,158.375,1,93,51,1.8235,1.4035,1.3582,+34.26,+3.34,-0.2925,-0.0098,471
 RAW,158.500,1,962,743,1013,502,573,205,420.2,481.6,374.7,0
 RAW,158.625,0,899,884,803,899,743,803,539.9,547.0,481.8,0
 PROC,158.625,1,119,65,1.8308,1.4890,1.3582,+34.79,+9.63,-0.2964,-0.0672,427
 RAW,158.750,1,51,93,36,502,573,192,530.4,553.5,409.3,0
 RAW,158.875,0,452,402,764,452,402,764,510.8,515.6,498.0,0
 RAW,159.000,1,984,965,977,899,743,803,607.9,572.5,574.2,0
 RAW,159.125,0,148,321,53,452,402,764,568.9,529.8,621.7,0
 PROC,159.125,1,39,43,0.9070,1.3726,1.3582,-33.22,+1.06,0.3984,0.0260,597
 RAW,159.250,1,90,114,181,148,321,181,463.7,477.6,511.5,0
 RAW,159.375,0,986,930,1010,452,402,764,460.8,458.7,574.6,0
 RAW,159.500,1,566,622,284,566,622,284,487.1,499.5,502.0,0
 RAW,159.625,0,54,65,71,148,321,181,402.3,454.9,421.7,0
 PROC,159.625,1,85,45,1.8889,1.4758,1.3582,+39.07,+8.66,-0.3269,-0.0446,461
 RAW,159.750,1,901,706,1014,566,622,284,443.2,496.7,387.3,0
 RAW,159.875,0,921,905,851,901,706,851,557.7,549.0,503.2,0
 PROC,159.875,1,114,53,2.1509,1.6109,1.3582,+58.37,+18.60,-0.4518,-0.1260,445
 RAW,160.000,1,56,120,35,566,622,284,559.8,567.3,448.4,0
 RAW,160.125,0,395,358,674,395,358,674,518.6,514.9,504.8,0
 PROC,160.125,1,41,53,0.7736,1.4434,1.3582,-43.04,+6.27,0.5485,0.0089,476
 RAW,160.250,1,989,972,985,901,706,851,614.2,562.7,591.4,0
 RAW,160.375,0,189,343,43,395,358,674,559.4,511.5,612.0,0
 PROC,160.375,1,55,51,1.0784,1.3704,1.3582,-20.60,+0.90,0.2296,0.0530,601
 RAW,160.500,1,82,103,156,189,343,156,466.8,469.4,498.0,0
 RAW,160.625,0,984,919,1011,395,358,674,448.8,441.5,542.0,0
 RAW,160.750,1,616,664,365,616,664,365,490.6,497.2,497.8,0
 RAW,160.875,0,53,62,59,189,343,156,415.2,458.6,412.3,0
 RAW,161.000,1,839,670,1017,616,664,365,465.4,510.0,400.5,1
 RAW,161.125,0,933,917,869,839,670,869,558.8,550.0,517.6,0
 PROC,161.125,1,93,40,2.3250,1.5613,1.3582,+71.18,+14.96,-0.5250,-0.0626,458
 RAW,161.250,1,55,145,40,616,664,365,573.1,578.5,479.5,0
 RAW,161.375,0,331,309,577,331,309,577,512.6,511.1,503.8,0
 PROC,161.375,1,61,67,0.9104,1.4312,1.3582,-32.97,+5.37,0.3947,0.0289,491
 RAW,161.500,1,991,975,998,839,670,869,594.2,550.8,595.1,0
 RAW,161.625,0,266,398,49,331,398,577,528.4,512.6,590.6,0
 RAW,161.750,1,65,92,134,266,309,134,462.8,461.7,476.5,0
 RAW,161.875,0,981,881,1013,331,398,577,429.8,445.8,501.6,0
 RAW,162.000,1,700,731,482,700,731,482,497.4,517.1,496.7,0
 RAW,162.125,0,55,60,51,266,398,134,439.5,487.3,406.0,0
 RAW,162.250,1,746,609,1008,700,609,482,504.7,517.7,425.0,0
 RAW,162.375,0,948,926,895,746,731,895,565.0,571.1,542.5,0
 PROC,162.375,1,60,54,1.1111,1.3671,1.3582,-18.19,+0.66,0.2001,0.0631,483
 RAW,162.500,1,53,186,35,700,609,482,598.7,580.5,527.4,0
 RAW,162.625,0,243,241,430,243,241,430,509.8,495.7,503.0,0
 PROC,162.625,1,89,85,1.0471,1.3031,1.3582,-22.91,-4.05,0.2587,0.1022,515
 RAW,162.750,1,994,978,1004,746,609,895,568.9,524.0,601.0,0
 RAW,162.875,0,324,441,57,324,441,430,507.6,503.2,558.3,0
 RAW,163.000,1,58,81,127,243,241,127,441.5,437.7,450.5,0
 RAW,163.125,0,984,843,1012,324,441,430,412.1,438.5,445.3,0
 RAW,163.250,1,781,792,605,781,792,605,504.3,526.9,485.3,0
 RAW,163.375,0,52,51,34,324,441,127,459.2,505.4,395.7,0
 RAW,163.500,1,667,557,1002,667,557,605,511.2,518.3,448.0,0
 RAW,163.625,0,968,940,930,781,792,930,578.6,586.7,568.5,0
 PROC,163.625,1,67,68,0.9853,1.2396,1.3582,-27.46,-8.74,0.3182,0.1454,508
 RAW,163.750,1,56,240,40,667,557,605,600.7,579.3,577.6,0
 RAW,163.875,0,156,174,312,156,240,312,489.5,494.5,511.2,0
 PROC,163.875,1,111,85,1.3059,1.2528,1.3582,-3.85,-7.76,0.0393,0.1242,544
 RAW,164.000,1,985,976,1006,667,557,930,533.9,510.1,615.9,0
 RAW,164.125,0,409,499,57,409,499,312,502.7,507.3,539.9,0
 RAW,164.250,1,53,74,99,156,240,99,416.0,440.5,429.7,0
 RAW,164.375,0,982,788,1015,409,499,312,414.3,455.1,400.3,1
 RAW,164.500,1,864,857,735,864,788,735,526.7,538.3,484.0,0
 RAW,164.625,0,51,55,38,409,499,99,497.3,528.5,387.7,0
 RAW,164.750,1,535,467,884,535,467,735,506.7,513.1,474.5,0
 RAW,164.875,0,981,961,964,864,788,884,596.0,581.8,576.9,0
 PROC,164.875,1,90,68,1.3235,1.2670,1.3582,-2.55,-6.72,0.0259,0.1045,525
 RAW,165.000,1,117,297,50,535,467,735,580.8,553.1,616.4,0
 RAW,165.125,0,101,119,197,117,297,197,464.8,489.1,511.6,0
 PROC,165.125,1,116,64,1.8125,1.3761,1.3582,+33.45,+1.32,-0.2866,0.0263,563
 RAW,165.250,1,987,962,1011,535,467,884,482.4,483.6,604.7,0
 RAW,165.375,0,533,596,231,533,596,231,495.0,511.7,511.3,0
 RAW,165.500,1,52,65,76,117,297,197,400.5,458.0,432.7,0
 RAW,165.625,0,923,723,1011,533,596,231,433.6,492.5,382.3,0
 RAW,165.750,1,910,894,838,910,723,838,552.7,550.1,496.2,0
 RAW,165.875,0,54,114,34,533,596,231,547.8,561.6,429.9,0
 RAW,166.000,1,403,365,686,403,365,686,511.6,512.4,493.9,0
 RAW,166.125,0,989,968,986,910,723,838,611.2,565.1,579.9,0
 PROC,166.125,1,100,53,1.8868,1.4782,1.3582,+38.92,+8.84,-0.3258,-0.0441,536
 RAW,166.250,1,207,356,41,403,365,686,559.1,515.1,606.5,0
 RAW,166.375,0,76,103,157,207,356,157,471.1,475.3,494.1,0
 PROC,166.375,1,88,40,2.2000,1.6226,1.3582,+61.98,+19.47,-0.4732,-0.1299,550
 RAW,166.500,1,983,912,1013,403,365,686,454.1,447.7,542.1,0
 RAW,166.625,0,634,680,398,634,680,398,499.1,505.8,506.1,0
 PROC,166.625,1,45,58,0.7759,1.4532,1.3582,-42.88,+7.00,0.5458,0.0052,524
 RAW,166.750,1,53,61,55,207,356,157,426.0,468.3,418.8,0
 RAW,166.875,0,800,640,1013,634,640,398,478.0,511.3,413.6,0
 PROC,166.875,1,52,43,1.2093,1.4044,1.3582,-10.96,+3.40,0.1160,0.0274,415
 RAW,167.000,1,932,921,884,800,680,884,558.5,553.4,531.2,0
 RAW,167.125,0,56,169,39,634,640,398,577.4,575.1,497.9,0
 RAW,167.250,1,283,271,509,283,271,509,503.8,499.1,500.7,0
 RAW,167.375,0,994,974,993,800,640,884,577.8,534.3,596.5,0
 RAW,167.500,1,301,425,52,301,425,509,508.6,507.0,574.6,0
 RAW,167.625,0,64,86,126,283,271,126,452.2,448.0,462.5,0
 PROC,167.625,1,56,59,0.9492,1.3134,1.3582,-30.12,-3.30,0.3546,0.0928,518
 RAW,167.750,1,982,857,1013,301,425,509,414.4,442.2,474.1,0
 RAW,167.875,0,760,777,559,760,777,559,500.8,525.9,495.3,0
 PROC,167.875,1,86,83,1.0361,1.2579,1.3582,-23.71,-7.38,0.2690,0.1281,484
 RAW,168.000,1,52,53,42,301,425,126,450.9,500.7,403.0,0
 RAW,168.125,0,697,577,1003,697,577,559,512.4,519.8,442.0,0
 RAW,168.250,1,964,935,918,760,777,918,574.3,584.1,561.0,0
 RAW,168.375,0,54,212,43,697,577,559,605.0,582.3,560.5,0
 RAW,168.500,1,195,201,371,195,212,371,502.5,489.7,513.1,0
 RAW,168.625,0,990,982,1011,697,577,918,551.1,511.5,614.3,0
 RAW,168.750,1,374,473,54,374,473,371,506.8,501.9,553.5,0
 RAW,168.875,0,56,81,111,195,212,111,428.9,429.4,442.9,0
 PROC,168.875,1,78,72,1.0833,1.2230,1.3582,-20.24,-9.95,0.2252,0.1475,497
 RAW,169.000,1,983,803,1019,374,473,371,415.2,440.3,424.9,1
 RAW,169.125,0,843,841,689,843,803,689,522.1,531.0,490.9,0
 PROC,169.125,1,107,90,1.1889,1.2162,1.3582,-12.47,-10.46,0.1329,0.1446,457
 RAW,169.250,1,56,59,50,374,473,111,485.1,516.5,395.9,0
 RAW,169.375,0,588,508,973,588,508,689,510.8,514.4,469.2,0
 RAW,169.500,1,976,951,954,843,803,954,593.9,586.5,590.4,0
 RAW,169.625,0,73,263,44,588,508,689,592.4,566.9,615.1,0
 RAW,169.750,1,117,133,234,117,263,234,473.5,490.9,519.8,0
 RAW,169.875,0,991,979,1006,588,508,954,502.2,495.2,628.3,0
 RAW,170.000,1,468,542,137,468,542,234,493.6,506.9,529.8,0
 RAW,170.125,0,50,71,84,117,263,137,399.5,445.9,431.6,0
 PROC,170.125,1,94,61,1.5410,1.2812,1.3582,+13.46,-5.67,-0.1261,0.0904,480
 RAW,170.250,1,976,756,1015,468,542,234,416.6,469.9,382.2,1
 RAW,170.375,0,894,875,786,894,756,786,535.9,541.5,483.1,0
 PROC,170.375,1,119,72,1.6528,1.3555,1.3582,+21.69,-0.20,-0.1957,0.0332,432
 RAW,170.500,1,51,72,38,468,542,137,519.0,541.6,396.6,0
 RAW,170.625,0,489,432,822,489,432,786,511.5,514.2,493.9,0
 RAW,170.750,1,983,961,975,894,756,822,607.1,574.6,576.0,0
 RAW,170.875,0,135,313,51,489,432,786,577.6,539.0,628.5,0
 RAW,171.000,1,93,112,187,135,313,187,466.9,482.5,518.1,0
 RAW,171.125,0,986,946,1010,489,432,822,472.4,469.9,594.1,0
 RAW,171.250,1,546,610,263,546,610,263,490.8,504.9,511.3,0
 RAW,171.375,0,51,66,71,135,313,187,401.9,456.9,430.2,0
 PROC,171.375,1,89,48,1.8542,1.4552,1.3582,+36.52,+7.14,-0.3088,-0.0352,470
 RAW,171.500,1,915,717,1015,546,610,263,437.9,495.2,388.4,1
 RAW,171.625,0,914,898,832,914,717,832,556.9,550.6,499.3,0
 PROC,171.625,1,119,55,2.1636,1.5969,1.3582,+59.30,+17.57,-0.4574,-0.1196,443
 RAW,171.750,1,52,116,35,546,610,263,554.2,565.5,440.2,0
 RAW,171.875,0,404,367,682,404,367,682,516.6,515.9,500.7,0
 PROC,171.875,1,38,50,0.7600,1.4295,1.3582,-44.04,+5.25,0.5648,0.0173,470
 RAW,172.000,1,988,967,988,914,717,832,616.0,566.1,583.5,0
 RAW,172.125,0,198,352,42,404,367,682,563.0,516.4,608.1,0
 PROC,172.125,1,53,50,1.0600,1.3556,1.3582,-21.96,-0.19,0.2466,0.0631,595
 RAW,172.250,1,71,105,166,198,352,166,471.7,475.3,497.6,0
 RAW,172.375,0,983,918,1013,404,367,682,454.8,448.2,543.7,0
 RAW,172.500,1,615,666,364,615,666,364,494.9,502.7,498.8,0
 RAW,172.625,0,56,60,60,198,352,166,420.6,465.0,415.6,0
 RAW,172.750,1,822,660,1017,615,660,364,469.2,513.7,402.7,1
 RAW,172.875,0,935,914,871,822,666,871,557.4,551.8,519.8,0
 RAW,173.000,1,54,155,39,615,660,364,571.8,578.9,480.8,0
 RAW,173.125,0,323,306,570,323,306,570,509.6,510.6,503.1,0
 PROC,173.125,1,62,68,0.9118,1.2668,1.3582,-32.87,-6.73,0.3933,0.1292,491
 RAW,173.250,1,991,972,995,822,660,871,587.7,548.0,595.1,0
 RAW,173.375,0,263,398,47,323,398,570,521.5,510.5,588.8,0
 RAW,173.500,1,69,93,141,263,306,141,456.9,459.4,476.9,0
 RAW,173.625,0,983,878,1014,323,398,570,423.4,444.0,500.1,0
 RAW,173.750,1,688,724,467,688,724,467,489.6,514.0,491.9,0
 RAW,173.875,0,57,59,56,263,398,141,432.9,485.0,404.1,0
 RAW,174.000,1,754,614,1012,688,614,467,496.7,517.3,419.9,0
 RAW,174.125,0,938,923,894,754,724,894,561.0,568.9,538.4,0
 PROC,174.125,1,65,51,1.2745,1.2684,1.3582,-6.16,-6.61,0.0636,0.1161,478
 RAW,174.250,1,54,182,41,688,614,467,592.8,580.2,520.5,0
 RAW,174.375,0,266,257,482,266,257,482,511.1,499.4,510.9,0
 PROC,174.375,1,81,81,1.0000,1.2147,1.3582,-26.37,-10.57,0.3038,0.1536,515
 RAW,174.500,1,993,974,996,754,614,894,571.8,528.1,606.7,0
 RAW,174.625,0,309,429,56,309,429,482,506.1,503.3,575.5,0
 RAW,174.750,1,63,87,123,266,257,123,446.1,441.7,462.4,0
 RAW,174.875,0,981,856,1013,309,429,482,411.8,438.5,467.3,0
 RAW,175.000,1,743,774,556,743,774,556,494.6,522.4,489.5,0
 RAW,175.125,0,54,54,43,309,429,123,448.2,499.1,397.8,0
 RAW,175.250,1,717,587,1005,717,587,556,515.4,521.0,437.4,0
 RAW,175.375,0,958,932,913,743,774,913,572.3,584.3,556.3,0
 PROC,175.375,1,57,63,0.9048,1.1527,1.3582,-33.39,-15.13,0.4007,0.2030,496
 RAW,175.500,1,53,209,42,717,587,556,608.5,585.0,556.2,0
 RAW,175.625,0,216,219,402,216,219,402,510.4,493.5,517.7,0
 PROC,175.625,1,98,91,1.0769,1.1376,1.3582,-20.71,-16.25,0.2310,0.2086,536
 RAW,175.750,1,993,980,1006,717,587,913,562.0,516.9,616.5,0
 RAW,175.875,0,342,455,57,342,455,402,507.0,501.4,562.9,0
 RAW,176.000,1,59,85,109,216,219,109,434.3,430.8,449.4,0
 RAW,176.125,0,984,835,1012,342,455,402,411.2,436.8,437.6,0
 RAW,176.250,1,788,797,611,788,797,611,505.4,526.9,480.9,0
 RAW,176.375,0,54,52,37,342,455,109,464.5,508.9,387.9,0
 RAW,176.500,1,667,561,1000,667,561,611,515.2,521.9,443.7,0
 RAW,176.625,0,970,939,927,788,797,927,583.4,590.7,564.5,0
 PROC,176.625,1,68,69,0.9855,1.1071,1.3582,-27.44,-18.48,0.3180,0.2305,503
 RAW,176.750,1,55,226,41,667,561,611,604.3,583.3,576.1,0
 RAW,176.875,0,172,193,348,172,226,348,496.2,494.0,519.1,0
 PROC,176.875,1,108,90,1.2000,1.1257,1.3582,-11.65,-17.12,0.1237,0.2091,547
 RAW,177.000,1,985,979,1008,667,561,927,538.9,510.7,621.1,0
 RAW,177.125,0,382,479,56,382,479,348,499.7,502.8,552.8,0
 RAW,177.250,1,63,74,101,172,226,101,417.8,433.6,439.9,0
 RAW,177.375,0,983,811,1016,382,479,348,408.8,444.9,416.9,1
 RAW,177.500,1,834,837,683,834,811,683,515.1,536.5,483.4,0
 RAW,177.625,0,54,56,42,382,479,101,481.8,522.1,387.8,0
 RAW,177.750,1,617,530,994,617,530,683,515.6,524.1,461.6,0
 RAW,177.875,0,980,956,947,834,811,947,595.2,595.8,583.0,0
 PROC,177.875,1,80,71,1.1268,1.1259,1.3582,-17.04,-17.10,0.1863,0.2046,521
 RAW,178.000,1,59,249,40,617,530,683,600.7,579.4,608.0,0
 RAW,178.125,0,129,149,279,129,249,279,482.7,496.8,525.7,0
 PROC,178.125,1,118,83,1.4217,1.1851,1.3582,+4.67,-12.75,-0.0457,0.1545,566
 RAW,178.250,1,986,976,1004,617,530,947,516.3,505.1,631.0,0
 RAW,178.375,0,408,493,59,408,493,279,489.2,502.1,543.0,0
 RAW,178.500,1,54,73,95,129,249,95,399.2,438.8,431.0,0
 RAW,178.625,0,982,791,1017,408,493,279,401.4,452.3,393.0,1
 RAW,178.750,1,861,852,731,861,791,731,516.3,537.0,477.5,0
 RAW,178.875,0,56,57,49,408,493,95,489.2,526.0,381.9,0
 RAW,179.000,1,578,501,948,578,501,731,511.4,519.8,469.2,0
 RAW,179.125,0,978,958,961,861,791,948,598.8,587.6,588.9,0
 PROC,179.125,1,87,68,1.2794,1.2039,1.3582,-5.80,-11.36,0.0597,0.1356,528
 RAW,179.250,1,68,259,43,578,501,731,593.6,565.9,624.4,0
 RAW,179.375,0,120,138,243,120,259,243,475.2,489.2,529.1,0
 PROC,179.375,1,118,76,1.5526,1.2737,1.3582,+14.32,-6.22,-0.1336,0.0817,576
 RAW,179.500,1,985,977,1003,578,501,948,500.9,492.1,633.8,0
 RAW,179.625,0,442,521,107,442,521,243,486.2,499.4,536.1,0
 RAW,179.750,1,51,73,91,120,259,107,394.6,439.3,428.8,0
 RAW,179.875,0,982,781,1016,442,521,243,406.5,459.7,382.4,1
 RAW,180.000,1,880,868,766,880,781,766,524.9,540.0,478.3,0
 RAW,180.125,0,53,56,40,442,521,107,504.1,535.3,385.5,0
 RAW,180.250,1,558,485,927,558,485,766,517.6,522.7,480.6,0
 RAW,180.375,0,981,958,963,880,781,927,608.2,587.3,592.2,0
 PROC,180.375,1,91,65,1.4000,1.2989,1.3582,+3.08,-4.36,-0.0303,0.0593,536
 RAW,180.500,1,89,274,43,558,485,766,595.7,561.7,635.6,0
 RAW,180.625,0,111,126,216,111,274,216,474.5,489.8,530.7,0
 PROC,180.625,1,121,72,1.6806,1.3753,1.3582,+23.73,+1.26,-0.2122,0.0050,582
 RAW,180.750,1,987,978,1009,558,485,927,495.4,488.6,629.8,0
 RAW,180.875,0,459,537,129,459,537,216,486.3,500.7,526.4,0
 RAW,181.000,1,51,69,83,111,274,129,392.5,444.0,427.0,0
 RAW,181.125,0,979,773,1017,459,537,216,409.1,467.3,374.3,1
 RAW,181.250,1,881,868,775,881,773,775,527.1,543.7,474.4,0
 RAW,181.375,0,51,53,39,459,537,129,510.1,542.0,388.1,0
 RAW,181.500,1,538,477,903,538,477,775,517.0,525.8,484.8,0
 RAW,181.625,0,982,959,963,881,773,903,608.0,587.6,589.4,0
 PROC,181.625,1,91,62,1.4677,1.3938,1.3582,+8.07,+2.62,-0.0775,-0.0115,536
 RAW,181.750,1,98,281,47,538,477,775,590.5,559.9,635.8,0
 RAW,181.875,0,104,129,212,104,281,212,468.9,490.2,529.8,0
 PROC,181.875,1,122,69,1.7681,1.4686,1.3582,+30.18,+8.13,-0.2622,-0.0616,582
 RAW,182.000,1,987,979,1010,538,477,903,486.2,486.9,623.1,0
 RAW,182.125,0,482,552,157,482,552,212,485.1,503.2,520.3,0
 RAW,182.250,1,54,73,83,104,281,157,389.8,447.6,429.5,0
 RAW,182.375,0,978,751,1016,482,552,212,412.9,473.7,375.1,1
 RAW,182.500,1,896,877,792,896,751,792,533.7,543.0,479.3,0
 RAW,182.625,0,53,95,33,482,552,157,520.7,545.3,398.8,0
 RAW,182.750,1,508,445,857,508,445,792,517.6,520.2,497.1,0
 RAW,182.875,0,983,960,971,896,751,857,612.2,577.9,587.1,0
 PROC,182.875,1,95,57,1.6667,1.5082,1.3582,+22.71,+11.05,-0.2040,-0.0901,542
 RAW,183.000,1,123,309,49,508,445,792,586.1,544.7,638.3,0
 RAW,183.125,0,105,124,207,123,309,207,470.3,485.8,530.5,0
 PROC,183.125,1,116,59,1.9661,1.5998,1.3582,+44.76,+17.79,-0.3657,-0.1452,584
 RAW,183.250,1,985,941,1013,508,445,857,479.8,475.6,612.1,0
 RAW,183.375,0,504,576,189,504,576,207,485.8,500.7,510.8,0
 RAW,183.500,1,51,74,76,123,309,189,395.1,452.8,430.4,0
 RAW,183.625,0,944,725,1011,504,576,207,422.3,483.6,374.5,0
 RAW,183.750,1,891,878,798,891,725,798,539.5,543.9,480.4,0
 RAW,183.875,0,54,104,31,504,576,189,530.6,551.9,407.5,0
 RAW,184.000,1,479,422,807,479,422,798,517.7,519.5,505.2,0
 RAW,184.125,0,986,964,975,891,725,807,611.0,570.8,580.6,0
 PROC,184.125,1,94,51,1.8431,1.6485,1.3582,+35.70,+21.37,-0.3030,-0.1768,542
 RAW,184.250,1,120,302,51,479,422,798,578.0,533.6,635.0,0
 RAW,184.375,0,96,118,192,120,302,192,463.5,475.7,524.2,0
 PROC,184.375,1,115,58,1.9828,1.7153,1.3582,+45.98,+26.29,-0.3739,-0.2162,579
 RAW,184.500,1,986,957,1010,479,422,807,467.4,462.3,594.9,0
 RAW,184.625,0,528,593,233,528,593,233,482.5,495.0,504.4,0
 RAW,184.750,1,54,68,75,120,302,192,391.9,446.7,426.3,0
 RAW,184.875,0,940,731,1010,528,593,233,425.9,483.3,378.0,0
 RAW,185.000,1,906,889,807,906,731,807,545.9,545.2,485.2,0
 RAW,185.125,0,54,93,34,528,593,233,541.5,557.2,422.2,0
 RAW,185.250,1,463,413,784,463,413,784,521.8,521.1,512.6,0
 RAW,185.375,0,986,961,975,906,731,807,617.9,573.6,586.2,0
 PROC,185.375,1,96,52,1.8462,1.7415,1.3582,+35.93,+28.22,-0.3046,-0.2339,549
 RAW,185.500,1,143,317,52,463,413,784,579.2,533.4,635.7,0
 RAW,185.625,0,92,117,187,143,317,187,470.1,479.3,523.5,0
 PROC,185.625,1,109,54,2.0185,1.7969,1.3582,+48.62,+32.30,-0.3911,-0.2653,579
 RAW,185.750,1,987,946,1014,463,413,784,468.3,462.8,588.6,0
 RAW,185.875,0,544,606,253,544,606,253,487.3,498.6,504.7,0
 RAW,186.000,1,55,65,75,143,317,187,401.2,453.2,425.3,0
 RAW,186.125,0,927,725,1011,544,606,253,436.9,491.4,382.2,0
 RAW,186.250,1,903,896,813,903,725,813,553.4,549.8,489.9,0
 RAW,186.375,0,53,95,36,544,606,253,551.1,563.8,430.7,0
 RAW,186.500,1,438,392,742,438,392,742,522.8,520.9,508.5,0
 RAW,186.625,0,986,967,980,903,725,813,617.8,571.9,584.6,0
 PROC,186.625,1,95,51,1.8627,1.8101,1.3582,+37.15,+33.27,-0.3133,-0.2749,546
 RAW,186.750,1,161,329,47,438,392,742,572.9,526.9,624.0,0
 RAW,186.875,0,90,103,180,161,329,180,469.9,477.4,513.0,0
 PROC,186.875,1,103,49,2.1020,1.8685,1.3582,+54.77,+37.57,-0.4299,-0.3059,567
 RAW,187.000,1,988,931,1012,438,392,742,461.9,456.1,570.2,0
 RAW,187.125,0,568,625,292,568,625,292,488.5,498.3,500.7,0
 PROC,187.125,1,27,42,0.6429,1.6233,1.3582,-52.67,+19.52,0.7480,-0.0951,535
 RAW,187.250,1,52,65,71,161,329,180,406.6,456.0,420.5,0
 RAW,187.375,0,878,670,1014,568,625,292,446.9,498.2,388.4,0
 PROC,187.375,1,40,43,0.9302,1.4847,1.3582,-31.51,+9.32,0.3740,-0.0013,404
 RAW,187.500,1,918,902,835,878,670,835,554.7,541.2,500.0,0
 RAW,187.625,0,55,196,38,568,625,292,558.0,562.1,448.0,0
 RAW,187.750,1,404,356,695,404,356,695,519.5,510.6,509.8,0
 RAW,187.875,0,987,964,981,878,670,835,609.1,550.5,591.1,0
 PROC,187.875,1,90,40,2.2500,1.6378,1.3582,+65.66,+20.58,-0.4943,-0.0999,550
 RAW,188.000,1,205,388,48,404,388,695,557.9,509.8,617.1,0
 RAW,188.125,0,85,110,174,205,356,174,469.6,471.4,506.3,0
 RAW,188.250,1,984,855,1011,404,388,695,453.2,450.5,553.5,0
 RAW,188.375,0,585,648,306,585,648,306,486.2,499.9,491.6,0
 PROC,188.375,1,33,49,0.6735,1.4449,1.3582,-50.41,+6.38,0.7015,0.0604,522
 RAW,188.500,1,53,67,69,205,388,174,415.9,471.9,412.2,0
 RAW,188.625,0,855,646,1013,585,646,306,458.2,515.4,385.7,0
 PROC,188.625,1,43,44,0.9773,1.3514,1.3582,-28.05,-0.50,0.3262,0.1135,398
 RAW,188.750,1,917,900,842,855,648,842,557.4,548.6,499.7,0
 RAW,188.875,0,55,192,39,585,646,306,564.3,572.9,451.3,0
 RAW,189.000,1,386,341,656,386,341,656,519.7,515.0,502.5,0
 RAW,189.125,0,989,966,985,855,646,842,603.5,547.7,587.4,0
 RAW,189.250,1,214,389,48,386,389,656,549.1,508.0,604.5,0
 RAW,189.375,0,81,107,160,214,341,160,465.4,466.3,493.4,0
 PROC,189.375,1,84,42,2.0000,1.4811,1.3582,+47.25,+9.05,-0.3822,0.0144,548
 RAW,189.500,1,982,851,1013,386,389,656,445.5,447.0,534.0,0
 RAW,189.625,0,611,669,353,611,669,353,486.9,502.5,488.8,0
 PROC,189.625,1,41,56,0.7321,1.3313,1.3582,-46.09,-1.98,0.5990,0.1313,511
 RAW,189.750,1,55,66,66,214,389,160,418.7,474.1,406.6,0
 RAW,189.875,0,847,646,1015,611,646,353,466.8,517.1,393.2,1
 PROC,189.875,1,48,43,1.1163,1.2883,1.3582,-17.81,-5.15,0.1955,0.1442,399
 RAW,190.000,1,920,905,854,847,669,854,561.8,555.1,508.4,0
 RAW,190.125,0,56,194,39,611,646,353,574.1,577.8,469.5,0
 RAW,190.250,1,386,343,665,386,343,665,527.1,519.1,518.4,0
 RAW,190.375,0,990,964,983,847,646,854,607.1,550.8,602.3,0
 RAW,190.500,1,221,391,45,386,391,665,551.8,510.9,618.0,0
 RAW,190.625,0,81,106,161,221,343,161,469.1,468.9,503.7,0
 PROC,190.625,1,82,42,1.9524,1.4211,1.3582,+43.75,+4.63,-0.3590,0.0435,560
 RAW,190.750,1,980,848,1012,386,391,665,448.3,449.4,544.1,0
 RAW,190.875,0,603,664,343,603,664,343,487.0,503.1,493.8,0
 PROC,190.875,1,38,54,0.7037,1.2776,1.3582,-48.19,-5.93,0.6348,0.1618,518
 RAW,191.000,1,54,65,64,221,391,161,420.5,475.1,410.6,0
 RAW,191.125,0,848,644,1017,603,644,343,466.1,517.3,393.7,1
 PROC,191.125,1,46,42,1.0952,1.2412,1.3582,-19.36,-8.62,0.2144,0.1723,401
 RAW,191.250,1,918,903,852,848,664,852,561.6,554.0,508.3,0
 RAW,191.375,0,54,194,41,603,644,343,571.9,576.5,467.0,0
 RAW,191.500,1,378,335,645,378,335,645,523.5,516.1,511.5,0
 RAW,191.625,0,988,968,987,848,644,852,604.6,548.1,596.6,0
 RAW,191.750,1,231,400,45,378,400,645,547.9,511.1,608.7,0
 RAW,191.875,0,80,99,156,231,335,156,468.7,467.0,495.5,0
 PROC,191.875,1,79,44,1.7955,1.3520,1.3582,+32.19,-0.46,-0.2773,0.0824,551
 RAW,192.000,1,982,843,1012,378,400,645,446.0,450.3,532.9,0
 RAW,192.125,0,618,674,368,618,674,368,489.0,506.2,491.7,0
 PROC,192.125,1,43,56,0.7679,1.2352,1.3582,-43.47,-9.06,0.5553,0.1770,511
 RAW,192.250,1,55,64,62,231,400,156,424.5,479.7,407.8,0
 RAW,192.375,0,847,643,1015,618,643,368,472.9,520.5,397.8,1
 PROC,192.375,1,48,41,1.1707,1.2223,1.3582,-13.80,-10.01,0.1483,0.1712,402
 RAW,192.500,1,922,906,858,847,674,858,566.4,558.9,512.9,0
 RAW,192.625,0,56,196,40,618,643,368,579.3,579.9,476.6,0
 RAW,192.750,1,377,337,646,377,337,646,528.7,519.2,519.0,0
 RAW,192.875,0,988,969,987,847,643,858,608.3,550.1,603.7,0
 RAW,193.000,1,226,395,46,377,395,646,550.5,511.3,614.3,0
 RAW,193.125,0,84,106,157,226,337,157,469.4,467.8,500.0,0
 PROC,193.125,1,81,44,1.8409,1.3460,1.3582,+35.54,-0.90,-0.3018,0.0766,556
 RAW,193.250,1,982,847,1012,377,395,646,446.3,449.6,536.5,0
 RAW,193.375,0,609,670,354,609,670,354,487.0,504.7,490.9,0
 PROC,193.375,1,40,55,0.7273,1.2223,1.3582,-46.45,-10.01,0.6051,0.1823,513
 RAW,193.500,1,57,62,64,226,395,157,421.7,477.3,407.4,0
 RAW,193.625,0,830,632,1014,609,632,354,468.5,515.9,394.0,0
 RAW,193.750,1,922,903,852,830,670,852,558.9,554.5,508.5,0
 RAW,193.875,0,55,197,41,609,632,354,571.4,573.8,469.9,0
 RAW,194.000,1,366,327,630,366,327,630,520.1,512.1,509.9,0
 RAW,194.125,0,988,967,986,830,632,852,597.6,542.1,595.4,0
 RAW,194.250,1,219,391,47,366,391,630,539.7,504.3,604.1,0
 RAW,194.375,0,78,104,157,219,327,157,459.5,460.0,492.3,0
 PROC,194.375,1,80,45,1.7778,1.3334,1.3582,+30.89,-1.83,-0.2676,0.0923,548
 RAW,194.500,1,981,845,1014,366,391,630,436.1,442.7,526.7,0
 RAW,194.625,0,611,668,355,611,668,355,479.8,499.1,483.8,0
 PROC,194.625,1,43,57,0.7544,1.2176,1.3582,-44.46,-10.35,0.5716,0.1882,504
 RAW,194.750,1,54,63,65,219,391,157,414.6,472.0,402.1,0
 RAW,194.875,0,849,646,1013,611,646,355,463.7,515.5,390.3,0
 PROC,194.875,1,49,43,1.1395,1.2020,1.3582,-16.10,-11.50,0.1751,0.1856,396
 RAW,195.000,1,919,904,849,849,668,849,560.0,553.6,505.0,0
 RAW,195.125,0,54,194,38,611,646,355,572.8,576.7,467.5,0
 RAW,195.250,1,387,341,664,387,341,664,526.3,517.8,516.6,0
 RAW,195.375,0,987,967,987,849,646,849,607.0,549.9,599.7,0
 RAW,195.500,1,217,390,48,387,390,664,552.0,509.9,615.8,0
 RAW,195.625,0,81,105,161,217,341,161,468.3,467.7,502.1,0
 PROC,195.625,1,84,42,2.0000,1.3616,1.3582,+47.25,+0.25,-0.3822,0.0720,558
 RAW,195.750,1,982,848,1013,387,390,664,447.9,448.3,542.6,0
 RAW,195.875,0,608,670,353,608,670,353,488.0,503.7,495.2,0
 PROC,195.875,1,40,55,0.7273,1.2347,1.3582,-46.45,-9.09,0.6051,0.1786,518
 RAW,196.000,1,54,64,62,217,390,161,420.2,475.3,411.6,0
 RAW,196.125,0,841,643,1016,608,643,353,467.2,517.2,397.0,1
 PROC,196.125,1,47,42,1.1190,1.2116,1.3582,-17.61,-10.80,0.1931,0.1815,403
 RAW,196.250,1,922,907,848,841,670,848,560.6,555.4,509.7,0
 RAW,196.375,0,54,153,40,608,643,353,572.5,577.3,470.5,0
 RAW,196.500,1,379,343,648,379,343,648,524.1,518.7,514.9,0
 RAW,196.625,0,989,971,986,841,643,848,603.3,549.8,598.2,0
 RAW,196.750,1,211,364,44,379,364,648,547.2,503.3,610.6,0
 RAW,196.875,0,74,100,158,211,343,158,463.2,463.3,497.5,0
 PROC,196.875,1,84,40,2.1000,1.3893,1.3582,+54.62,+2.29,-0.4290,0.0594,553
 RAW,197.000,1,982,908,1012,379,364,648,442.1,438.4,535.1,0
 RAW,197.125,0,608,662,357,608,662,357,483.6,494.3,490.6,0
 PROC,197.125,1,41,56,0.7321,1.2578,1.3582,-46.09,-7.39,0.5990,0.1673,512
 RAW,197.250,1,51,63,62,211,364,158,415.5,461.7,407.4,0
 RAW,197.375,0,856,676,1017,608,662,357,463.6,511.8,394.8,1
 PROC,197.375,1,48,50,0.9600,1.1983,1.3582,-29.32,-11.77,0.3435,0.2026,400
 RAW,197.500,1,922,909,855,856,676,855,561.7,552.9,509.9,0
 RAW,197.625,0,55,145,40,608,662,357,573.3,580.1,471.7,0
 RAW,197.750,1,380,341,641,380,341,641,525.0,520.4,514.0,0
 RAW,197.875,0,989,971,991,856,676,855,607.7,559.3,599.2,0
 RAW,198.000,1,217,365,43,380,365,641,550.8,510.7,609.7,0
 RAW,198.125,0,75,99,156,217,341,156,467.3,468.3,496.3,0
 PROC,198.125,1,83,42,1.9762,1.3539,1.3582,+45.50,-0.32,-0.3707,0.0879,552
 RAW,198.250,1,982,915,1010,380,365,641,445.5,442.5,532.4,0
 RAW,198.375,0,620,671,379,620,671,379,489.1,499.6,494.1,0
 PROC,198.375,1,44,57,0.7719,1.2375,1.3582,-43.17,-8.89,0.5505,0.1804,513
 RAW,198.500,1,53,59,57,217,365,156,421.1,465.9,409.6,0
 RAW,198.625,0,827,663,1017,620,663,379,470.8,515.2,401.9,1
 PROC,198.625,1,49,50,0.9800,1.1860,1.3582,-27.85,-12.68,0.3235,0.2090,405
 RAW,198.750,1,930,918,867,827,671,867,559.9,554.2,518.2,0
 RAW,198.875,0,55,143,39,620,663,379,574.9,581.4,483.4,0
 RAW,199.000,1,346,320,593,346,320,593,517.7,516.0,510.8,0
 RAW,199.125,0,990,973,992,827,663,867,595.0,552.8,599.8,0
 RAW,199.250,1,240,378,44,346,378,593,532.8,509.1,598.1,0
 RAW,199.375,0,69,96,146,240,320,146,459.6,461.8,485.1,0
 PROC,199.375,1,73,48,1.5208,1.2529,1.3582,+11.97,-7.75,-0.1130,0.1446,541
 RAW,199.500,1,982,908,1009,346,378,593,431.2,440.9,512.1,0
 RAW,199.625,0,646,685,400,646,685,400,484.9,501.9,484.1,0
 PROC,199.625,1,53,61,0.8689,1.1761,1.3582,-36.03,-13.41,0.4395,0.2036,498
 RAW,199.750,1,54,59,59,240,378,146,423.7,470.9,399.5,0
 RAW,199.875,0,817,660,1016,646,660,400,479.2,518.2,399.7,1
 PROC,199.875,1,56,48,1.1667,1.1742,1.3582,-14.10,-13.54,0.1517,0.1932,399
 RAW,200.000,1,933,915,870,817,685,870,563.7,559.9,517.2,0
 RAW,200.125,0,54,138,40,646,660,400,584.3,584.9,487.9,0
 RAW,200.250,1,339,317,590,339,317,590,522.9,517.9,513.4,0
 RAW,200.375,0,991,974,991,817,660,870,596.5,553.5,602.6,0
 RAW,200.500,1,249,385,45,339,385,590,532.1,511.3,599.4,0
 RAW,200.625,0,73,95,139,249,317,139,461.3,462.8,484.3,0
 PROC,200.625,1,71,49,1.4490,1.2292,1.3582,+6.68,-9.50,-0.0647,0.1416,541
 RAW,200.750,1,979,903,1010,339,385,590,430.7,443.3,510.7,0
 RAW,200.875,0,661,695,424,661,695,424,488.3,506.2,489.1,0
 PROC,200.875,1,58,63,0.9206,1.1675,1.3582,-32.22,-14.04,0.3840,0.1901,499
 RAW,201.000,1,55,61,56,249,385,139,428.5,475.9,401.5,0
 RAW,201.125,0,803,643,1015,661,643,424,486.6,517.7,407.2,1
 PROC,201.125,1,58,42,1.3810,1.2102,1.3582,+1.68,-10.90,-0.0166,0.1488,404
 RAW,201.250,1,931,917,876,803,695,876,565.7,562.0,524.4,0
 RAW,201.375,0,53,151,37,661,643,424,589.5,582.3,499.3,0
 RAW,201.500,1,315,299,560,315,299,560,520.9,511.4,514.5,0
 RAW,201.625,0,995,974,997,803,643,876,591.4,544.3,604.8,0
 RAW,201.750,1,263,395,48,315,395,560,522.3,507.0,593.6,0
 RAW,201.875,0,72,94,139,263,299,139,457.5,455.0,480.0,0
 PROC,201.875,1,65,52,1.2500,1.2181,1.3582,-7.97,-10.31,0.0830,0.1356,536
 RAW,202.000,1,981,898,1013,315,395,560,421.9,440.0,500.0,0
 RAW,202.125,0,664,702,425,664,702,425,482.4,505.5,481.2,0
 PROC,202.125,1,61,65,0.9385,1.1622,1.3582,-30.90,-14.43,0.3655,0.1816,490
 RAW,202.250,1,55,60,51,263,395,139,427.5,477.9,395.7,0
 RAW,202.375,0,799,650,1013,664,650,425,486.7,520.9,403.0,0
 PROC,202.375,1,59,43,1.3721,1.2042,1.3582,+1.02,-11.34,-0.0102,0.1432,399
 RAW,202.500,1,935,917,876,799,702,876,564.7,566.2,521.3,0
 RAW,202.625,0,54,151,40,664,650,425,589.6,587.1,497.2,0
 RAW,202.750,1,319,302,558,319,302,558,521.9,515.9,512.4,0
 RAW,202.875,0,993,973,996,799,650,876,591.2,549.4,603.3,0
 RAW,203.000,1,260,394,50,319,394,558,523.1,510.5,592.0,0
 RAW,203.125,0,69,94,136,260,302,136,457.4,458.4,478.0,0
 PROC,203.125,1,66,52,1.2692,1.2172,1.3582,-6.55,-10.38,0.0677,0.1281,534
 RAW,203.250,1,983,876,1010,319,394,558,422.8,442.3,498.0,0
 RAW,203.375,0,672,713,442,672,713,442,485.1,510.0,484.0,0
 PROC,203.375,1,63,67,0.9403,1.1618,1.3582,-30.77,-14.46,0.3636,0.1752,490
 RAW,203.500,1,54,58,53,260,394,136,428.8,481.0,397.0,0
 RAW,203.625,0,784,630,1013,672,630,442,489.6,518.2,408.2,0
 RAW,203.750,1,936,919,877,784,713,877,563.2,566.9,525.4,0
 RAW,203.875,0,51,157,39,672,630,442,590.4,582.7,504.6,0
 RAW,204.000,1,311,297,547,311,297,547,520.6,511.3,515.2,0
 RAW,204.125,0,992,975,995,784,630,877,586.4,541.0,605.6,0
 RAW,204.250,1,257,391,48,311,391,547,517.6,503.5,591.0,0
 RAW,204.375,0,68,93,143,257,297,143,452.4,451.8,479.0,0
 PROC,204.375,1,65,52,1.2500,1.1794,1.3582,-7.97,-13.16,0.0830,0.1568,534
 RAW,204.500,1,982,898,1010,311,391,547,417.1,436.6,496.0,0
 RAW,204.625,0,659,696,423,659,696,423,477.5,501.5,477.7,0
 PROC,204.625,1,60,65,0.9231,1.1282,1.3582,-32.04,-16.94,0.3815,0.2017,486
 RAW,204.750,1,54,60,54,257,391,143,422.4,473.9,394.1,0
 RAW,204.875,0,804,649,1013,659,649,423,481.6,517.6,401.3,0
 PROC,204.875,1,59,44,1.3409,1.1707,1.3582,-1.27,-13.80,0.0128,0.1639,397
 RAW,205.000,1,936,918,870,804,696,870,562.2,562.2,518.5,0
 RAW,205.125,0,54,152,40,659,649,423,586.4,583.9,494.6,0
 RAW,205.250,1,345,319,598,345,319,598,526.0,517.7,520.5,0
 RAW,205.375,0,991,972,993,804,649,870,595.5,550.5,607.8,0
 RAW,205.500,1,235,378,45,345,378,598,532.9,507.4,605.4,0
 RAW,205.625,0,73,96,148,235,319,148,458.4,460.3,491.0,0
 PROC,205.625,1,74,47,1.5745,1.2515,1.3582,+15.92,-7.86,-0.1475,0.1017,548
 RAW,205.750,1,983,907,1011,345,378,598,430.1,439.7,517.8,0
 RAW,205.875,0,623,673,384,623,673,384,478.3,498.0,484.3,0
 PROC,205.875,1,48,59,0.8136,1.1639,1.3582,-40.10,-14.31,0.5016,0.1816,500
 RAW,206.000,1,52,61,57,235,378,148,417.5,468.0,400.2,0
 RAW,206.125,0,851,676,1017,623,673,384,468.9,519.3,396.2,1
 PROC,206.125,1,51,51,1.0000,1.1311,1.3582,-26.37,-16.72,0.3038,0.2061,398
 RAW,206.250,1,921,909,852,851,676,852,564.4,558.5,510.1,0
 RAW,206.375,0,54,134,39,623,673,384,579.0,587.1,478.6,0
 RAW,206.500,1,381,345,647,381,345,647,529.5,526.6,520.7,0
 RAW,206.625,0,989,969,987,851,676,852,609.9,563.9,603.5,0
 RAW,206.750,1,198,351,42,381,351,647,552.7,510.7,614.4,0
 RAW,206.875,0,83,104,160,198,345,160,464.0,469.3,500.8,0
 PROC,206.875,1,88,41,2.1463,1.3342,1.3582,+58.03,-1.77,-0.4498,0.0749,557
 RAW,207.000,1,981,928,1013,381,351,647,443.3,439.7,537.3,0
 RAW,207.125,0,573,628,306,573,628,306,475.7,486.8,479.5,0
 PROC,207.125,1,32,47,0.6809,1.2035,1.3582,-49.87,-11.39,0.6644,0.1928,508
 RAW,207.250,1,52,63,70,198,351,160,406.3,452.8,399.6,0
 RAW,207.375,0,886,684,1013,573,628,306,448.0,496.6,376.2,0
 PROC,207.375,1,41,44,0.9318,1.1492,1.3582,-31.39,-15.39,0.3724,0.2287,387
 RAW,207.500,1,906,894,822,886,684,822,557.5,543.5,487.7,0
 RAW,207.625,0,55,195,40,573,628,306,561.3,564.6,442.3,0
 RAW,207.750,1,349,335,645,349,335,645,508.3,507.2,492.9,0
 RAW,207.875,0,797,620,940,797,620,822,580.4,535.4,575.2,0
 RAW,208.000,1,354,272,172,354,335,645,523.8,485.3,592.7,0
 RAW,208.125,0,125,134,216,349,272,216,480.1,432.0,498.5,0
 PROC,208.125,1,43,54,0.7963,1.0786,1.3582,-41.37,-20.59,0.5216,0.2873,545
 RAW,208.250,1,721,565,984,354,335,645,448.6,407.7,535.1,0
 RAW,208.375,0,517,408,510,517,408,510,465.7,407.8,528.8,0
 RAW,208.500,1,81,85,108,354,272,216,437.8,373.8,450.6,0
 RAW,208.625,0,564,464,913,517,408,510,457.6,382.4,465.5,0
 RAW,208.750,1,689,537,785,564,464,785,484.2,402.8,545.4,0
 RAW,208.875,0,137,125,74,517,408,510,492.4,404.1,536.5,0
 RAW,209.000,1,333,293,545,333,293,545,452.5,376.3,538.6,0
 RAW,209.125,0,766,579,929,564,464,785,480.4,398.2,600.2,0
 RAW,209.250,1,307,245,193,333,293,545,443.6,371.9,586.4,0
 RAW,209.375,0,142,152,259,307,245,259,409.4,340.2,504.6,0
 RAW,209.500,1,733,574,976,333,293,545,390.3,328.4,514.7,0
 RAW,209.625,0,472,372,430,472,372,430,410.7,339.3,493.5,0
 RAW,209.750,1,88,89,126,307,245,259,384.8,315.7,434.9,0
 RAW,209.875,0,622,509,977,472,372,430,406.6,329.8,433.7,0
 RAW,210.000,1,646,496,703,622,496,703,460.5,371.3,501.0,0
 RAW,210.125,0,109,103,72,472,372,430,463.3,371.5,483.2,0
 RAW,210.250,1,411,348,667,411,348,667,450.3,365.6,529.2,0
 RAW,210.375,0,759,575,873,622,496,703,493.2,398.2,572.6,0
 RAW,210.500,1,257,199,98,411,348,667,472.6,385.7,596.2,0
 RAW,210.625,0,191,196,353,257,199,353,418.7,339.0,535.4,0
 PROC,210.625,1,54,46,1.1739,1.0977,1.3582,-13.57,-19.18,0.1456,0.2589,565
 RAW,210.750,1,761,588,970,411,348,667,416.8,341.3,568.3,0
 RAW,210.875,0,419,331,349,419,331,353,417.3,338.7,514.5,0
 RAW,211.000,1,109,101,162,257,199,349,377.3,303.8,473.1,0
 RAW,211.125,0,668,535,983,419,331,353,387.7,310.6,443.1,0
 RAW,211.250,1,590,460,602,590,460,602,438.3,347.9,482.8,0
 RAW,211.375,0,80,86,93,419,331,349,433.5,343.7,449.4,0
 RAW,211.500,1,500,420,819,500,420,602,450.1,362.8,487.5,0
 RAW,211.625,0,784,598,818,590,460,818,485.1,387.1,570.1,0
 RAW,211.750,1,58,222,44,500,420,602,488.8,395.3,578.1,0
 RAW,211.875,0,372,336,650,372,336,650,459.6,380.5,596.1,0
 RAW,212.000,1,988,967,982,500,420,818,469.7,390.4,651.6,0
 RAW,212.125,0,154,323,47,372,336,650,445.3,376.8,651.2,0
 RAW,212.250,1,96,119,196,154,323,196,372.5,363.3,537.4,0
 RAW,212.375,0,986,949,1011,372,336,650,372.3,356.5,565.5,0
 RAW,212.500,1,511,580,207,511,580,207,407.0,412.4,475.9,0
 RAW,212.625,0,52,69,81,154,323,196,343.8,390.0,405.9,0
 RAW,212.750,1,974,755,1016,511,580,207,385.6,437.5,356.2,1
 RAW,212.875,0,879,869,776,879,755,776,508.9,516.9,461.1,0
 PROC,212.875,1,123,79,1.5570,1.1895,1.3582,+14.63,-12.42,-0.1364,0.1799,408
 RAW,213.000,1,53,58,42,511,580,207,509.4,532.7,397.6,0
 RAW,213.125,0,579,503,966,579,503,776,526.8,525.3,492.2,0
 RAW,213.250,1,969,940,951,879,755,951,614.9,582.7,606.9,0
 RAW,213.375,0,59,246,45,579,503,776,605.9,562.8,649.2,0
 RAW,213.500,1,165,180,323,165,246,323,495.7,483.6,567.6,0
 RAW,213.625,0,988,979,1012,579,503,951,516.5,488.4,663.5,0
 RAW,213.750,1,357,461,53,357,461,323,476.6,481.6,578.4,0
 RAW,213.875,0,60,83,114,165,246,114,398.7,422.7,462.3,0
 PROC,213.875,1,78,59,1.3220,1.2160,1.3582,-2.66,-10.47,0.0270,0.1493,520
 RAW,214.000,1,982,842,1012,357,461,323,388.3,432.3,427.5,0
 RAW,214.125,0,740,759,557,740,759,557,476.2,513.9,459.8,0
 PROC,214.125,1,88,81,1.0864,1.1901,1.3582,-20.01,-12.38,0.2223,0.1639,443
 RAW,214.250,1,55,58,49,357,461,114,446.4,500.7,373.4,0
 RAW,214.375,0,737,603,1009,737,603,557,519.1,526.3,419.3,0
 RAW,214.500,1,947,927,896,740,759,896,574.3,584.5,538.5,0
 RAW,214.625,0,53,171,38,737,603,557,615.0,589.1,543.1,0
 RAW,214.750,1,311,293,554,311,293,554,539.0,515.1,545.8,0
 RAW,214.875,0,994,975,994,737,603,896,588.5,537.1,633.4,0
 RAW,215.000,1,241,380,44,311,380,554,519.1,497.8,613.5,0
 RAW,215.125,0,76,98,150,241,293,150,449.6,446.6,497.6,0
 PROC,215.125,1,70,51,1.3725,1.2266,1.3582,+1.06,-9.69,-0.0105,0.1290,555
 RAW,215.250,1,982,917,1011,311,380,554,414.9,429.9,511.7,0
 RAW,215.375,0,589,637,314,589,637,314,458.5,481.7,462.3,0
 PROC,215.375,1,44,52,0.8462,1.1505,1.3582,-37.70,-15.29,0.4646,0.1961,486
 RAW,215.500,1,52,65,69,241,380,150,404.1,456.3,384.2,0
 RAW,215.625,0,912,716,1014,589,637,314,450.3,501.5,366.7,0
 PROC,215.625,1,46,45,1.0222,1.1248,1.3582,-24.74,-17.18,0.2823,0.2134,375
 RAW,215.750,1,909,889,815,909,716,815,565.0,555.1,478.8,0
 RAW,215.875,0,53,95,37,589,637,314,571.0,575.6,437.6,0
 RAW,216.000,1,479,423,808,479,423,808,548.0,537.4,530.2,0
 RAW,216.125,0,984,959,980,909,716,815,638.2,582.1,601.4,0
 PROC,216.125,1,91,45,2.0222,1.3043,1.3582,+48.89,-3.97,-0.3929,0.0921,565
 RAW,216.250,1,114,297,48,479,423,808,598.4,542.3,653.0,0
 RAW,216.375,0,111,131,218,114,297,218,477.3,481.0,544.3,0
 PROC,216.375,1,121,62,1.9516,1.4338,1.3582,+43.69,+5.56,-0.3586,0.0020,598
 RAW,216.500,1,985,980,1007,479,423,808,477.7,466.5,610.2,0
 RAW,216.625,0,441,521,94,441,521,218,468.6,480.1,512.2,0
 RAW,216.750,1,52,74,93,114,297,94,379.9,434.3,407.6,0
 RAW,216.875,0,981,795,1018,441,521,218,395.2,456.0,360.2,1
 RAW,217.000,1,844,842,684,844,795,684,507.4,540.8,441.2,0
 RAW,217.125,0,57,58,39,441,521,94,490.8,535.8,354.4,0
 RAW,217.250,1,645,548,996,645,548,684,529.3,538.9,436.8,0
 RAW,217.375,0,967,939,932,844,795,932,608.0,602.9,560.6,0
 PROC,217.375,1,79,64,1.2344,1.3939,1.3582,-9.12,+2.63,0.0955,0.0207,498
 RAW,217.500,1,54,219,44,645,548,684,617.3,589.2,591.4,0
 RAW,217.625,0,206,214,397,206,219,397,514.4,496.6,542.8,0
 PROC,217.625,1,103,93,1.1075,1.3366,1.3582,-18.46,-1.59,0.2033,0.0572,566
 RAW,217.750,1,993,983,1008,645,548,932,547.1,509.5,640.1,0
 RAW,217.875,0,318,437,56,318,437,397,489.8,491.4,579.3,0
 RAW,218.000,1,64,89,127,206,219,127,418.9,423.3,466.3,0
 RAW,218.125,0,980,865,1014,318,437,397,393.6,426.7,448.9,0
 RAW,218.250,1,717,741,501,717,741,501,474.5,505.3,462.0,0
 RAW,218.375,0,54,62,54,318,437,127,435.4,488.2,378.2,0
 RAW,218.500,1,757,616,1010,717,616,501,505.8,520.2,408.9,0
 RAW,218.625,0,940,920,879,757,741,879,568.6,575.4,526.4,0
 PROC,218.625,1,63,55,1.1455,1.2984,1.3582,-15.66,-4.40,0.1699,0.0798,467
 RAW,218.750,1,55,163,39,717,616,501,605.7,585.5,520.1,0
 RAW,218.875,0,334,312,583,334,312,583,537.8,517.1,535.8,0
 PROC,218.875,1,68,68,1.0000,1.2387,1.3582,-26.37,-8.80,0.3038,0.1246,527
 RAW,219.000,1,991,973,994,757,616,879,592.6,541.9,621.6,0
 RAW,219.125,0,216,365,41,334,365,583,527.9,497.6,612.0,0
 PROC,219.125,1,65,44,1.4773,1.2864,1.3582,+8.77,-5.28,-0.0840,0.0829,616
 RAW,219.250,1,77,103,158,216,312,158,449.9,451.2,498.5,0
 RAW,219.375,0,982,921,1013,334,365,583,421.0,429.7,519.6,0
 RAW,219.500,1,578,632,305,578,632,305,460.2,480.3,465.9,0
 RAW,219.625,0,53,65,71,216,365,158,399.2,451.4,389.0,0
 RAW,219.750,1,916,720,1014,578,632,305,443.9,496.6,368.0,0
 RAW,219.875,0,908,894,809,908,720,809,559.9,552.4,478.2,0
 PROC,219.875,1,116,56,2.0714,1.4434,1.3582,+52.51,+6.27,-0.4159,-0.0169,422
 RAW,220.000,1,54,91,36,578,632,305,564.4,572.3,434.9,0
 RAW,220.125,0,497,437,835,497,437,809,547.6,538.5,528.4,0
 RAW,220.250,1,986,957,968,908,720,835,637.7,583.9,605.1,0
 RAW,220.375,0,103,290,45,497,437,809,602.5,547.2,656.1,0
 RAW,220.500,1,114,134,223,114,290,223,480.4,482.9,547.8,0
 RAW,220.625,0,985,980,1006,497,437,835,484.5,471.4,619.6,0
 RAW,220.750,1,438,518,89,438,518,223,472.9,483.0,520.4,0
 RAW,220.875,0,53,73,92,114,290,92,383.2,434.8,413.3,0
 PROC,220.875,1,89,49,1.8163,1.5180,1.3582,+33.73,+11.77,-0.2886,-0.0712,466
 RAW,221.000,1,981,796,1017,438,518,223,396.9,455.6,365.8,1
 RAW,221.125,0,838,831,673,838,796,673,507.2,540.7,442.6,0
 PROC,221.125,1,111,85,1.3059,1.4756,1.3582,-3.85,+8.64,0.0393,-0.0491,403
 RAW,221.250,1,54,53,35,438,518,92,489.9,535.0,354.9,0
 RAW,221.375,0,661,554,1001,661,554,673,532.7,539.8,434.4,0
 RAW,221.500,1,965,938,925,838,796,925,609.0,603.8,557.1,0
 RAW,221.625,0,53,213,42,661,554,673,622.0,591.4,586.1,0
 RAW,221.750,1,231,228,414,231,228,414,524.2,500.5,543.0,0
 RAW,221.875,0,991,975,1000,661,554,925,558.4,513.9,638.5,0
 RAW,222.000,1,301,428,56,301,428,414,494.1,492.4,582.4,0
 RAW,222.125,0,65,98,128,231,228,128,428.3,426.3,468.8,0
 PROC,222.125,1,66,66,1.0000,1.3805,1.3582,-26.37,+1.64,0.3038,0.0214,525
 RAW,222.250,1,983,870,1014,301,428,414,396.5,426.7,455.1,0
 RAW,222.375,0,678,716,450,678,716,450,466.9,499.1,453.8,0
 PROC,222.375,1,70,73,0.9589,1.2962,1.3582,-29.40,-4.57,0.3447,0.0861,454
 RAW,222.500,1,53,60,52,301,428,128,425.4,481.3,372.4,0
 RAW,222.625,0,815,655,1017,678,655,450,488.5,524.7,391.8,1
 PROC,222.625,1,63,43,1.4651,1.3299,1.3582,+7.87,-2.08,-0.0757,0.0537,381
 RAW,222.750,1,926,911,858,815,716,858,570.2,572.5,508.3,0
 RAW,222.875,0,55,140,40,678,655,450,597.1,593.2,493.7,0
 RAW,223.000,1,397,356,669,397,356,669,547.1,533.9,537.6,0
 RAW,223.125,0,987,968,981,815,655,858,614.1,564.1,617.7,0
 RAW,223.250,1,162,330,49,397,356,669,559.8,512.1,630.5,0
 RAW,223.375,0,92,116,179,162,330,179,460.4,466.6,517.6,0
 PROC,223.375,1,99,46,2.1522,1.4944,1.3582,+58.46,+10.03,-0.4524,-0.0475,573
 RAW,223.500,1,986,942,1012,397,356,669,444.5,438.9,555.5,0
 RAW,223.625,0,502,568,186,502,568,186,458.9,471.2,463.1,0
 RAW,223.750,1,54,70,84,162,330,179,384.7,435.9,392.1,0
 RAW,223.875,0,978,758,1014,502,568,186,414.0,468.9,340.6,0
 RAW,224.000,1,864,859,734,864,758,734,526.5,541.2,438.9,0
 RAW,224.125,0,56,58,51,502,568,186,520.4,547.9,375.7,0
 RAW,224.250,1,609,524,991,609,524,734,542.5,541.9,465.3,0
 RAW,224.375,0,963,943,950,864,758,950,622.9,595.9,586.5,0
 PROC,224.375,1,80,54,1.4815,1.4918,1.3582,+9.08,+9.84,-0.0868,-0.0554,525
 RAW,224.500,1,57,240,42,609,524,734,619.4,578.0,623.3,0
 RAW,224.625,0,191,204,361,191,240,361,512.3,493.5,557.8,0
 PROC,224.625,1,107,84,1.2738,1.4482,1.3582,-6.21,+6.63,0.0641,-0.0315,590
 RAW,224.750,1,996,981,1011,609,524,950,536.5,501.1,655.8,0
 RAW,224.875,0,338,450,55,338,450,361,486.9,488.3,582.1,0
 RAW,225.000,1,61,90,124,191,240,124,412.9,426.2,467.6,0
 RAW,225.125,0,981,859,1012,338,450,361,394.2,432.2,440.9,0
 RAW,225.250,1,721,744,503,721,744,503,475.9,510.1,456.5,0
 RAW,225.375,0,56,61,49,338,450,124,441.4,495.1,373.3,0
 RAW,225.500,1,780,628,1013,721,628,503,511.3,528.3,405.8,0
 RAW,225.625,0,937,916,874,780,744,874,578.5,582.2,522.8,0
 PROC,225.625,1,67,54,1.2407,1.4067,1.3582,-8.65,+3.57,0.0904,-0.0071,463
 RAW,225.750,1,54,156,38,721,628,503,614.1,593.7,517.9,0
 RAW,225.875,0,373,337,634,373,337,634,553.8,529.5,546.9,0
 PROC,225.875,1,61,64,0.9531,1.3160,1.3582,-29.82,-3.11,0.3505,0.0644,531
 RAW,226.000,1,990,970,987,780,628,874,610.4,554.1,628.7,0
 RAW,226.125,0,177,341,47,373,341,634,551.0,500.9,630.0,0
 PROC,226.125,1,59,54,1.0926,1.2713,1.3582,-19.56,-6.40,0.2168,0.0949,629
 RAW,226.250,1,89,108,184,177,337,184,457.5,459.9,518.5,0
 RAW,226.375,0,984,935,1011,373,341,634,436.4,430.2,547.4,0
 RAW,226.500,1,533,598,232,533,598,232,460.5,472.1,468.5,0
 RAW,226.625,0,55,68,74,177,341,184,389.7,439.3,397.4,0
 RAW,226.750,1,946,724,1015,533,598,232,425.5,479.0,356.0,1
 RAW,226.875,0,880,879,781,880,724,781,539.1,540.3,462.3,0
 PROC,226.875,1,114,61,1.8689,1.3908,1.3582,+37.60,+2.40,-0.3165,0.0126,409
 RAW,227.000,1,54,102,40,533,598,232,537.6,554.7,404.7,0
 RAW,227.125,0,551,473,933,551,473,781,540.9,534.3,498.8,0
 RAW,227.250,1,971,945,944,880,724,933,625.7,581.7,607.3,0
 RAW,227.375,0,72,283,45,551,473,781,607.0,554.5,650.8,0
 RAW,227.500,1,157,170,321,157,283,321,494.5,486.6,568.3,0
 RAW,227.625,0,990,969,1011,551,473,933,508.6,483.2,659.5,0
 RAW,227.750,1,377,484,53,377,484,321,475.7,483.4,574.9,0
 RAW,227.875,0,59,86,117,157,283,117,396.0,433.3,460.4,0
 PROC,227.875,1,79,50,1.5800,1.4287,1.3582,+16.33,+5.19,-0.1510,-0.0201,517
 RAW,228.000,1,981,809,1012,377,484,321,391.3,446.0,425.5,0
 RAW,228.125,0,748,775,554,748,775,554,480.5,528.2,457.7,0
 PROC,228.125,1,89,83,1.0723,1.3574,1.3582,-21.05,-0.06,0.2353,0.0310,441
 RAW,228.250,1,55,58,51,377,484,117,454.6,517.2,372.5,0
 RAW,228.375,0,732,589,1007,732,589,554,523.9,535.1,417.9,0
 RAW,228.500,1,939,919,880,748,775,880,580.0,595.1,533.4,0
 RAW,228.625,0,52,210,43,732,589,554,618.0,593.6,538.6,0
 RAW,228.750,1,325,303,578,325,303,578,544.7,520.9,548.4,0
 RAW,228.875,0,989,970,992,732,589,880,591.5,537.9,631.3,0
 RAW,229.000,1,230,373,44,325,373,578,524.9,496.7,618.0,0
 RAW,229.125,0,77,102,154,230,303,154,451.2,448.3,502.0,0
 PROC,229.125,1,73,48,1.5208,1.3901,1.3582,+11.97,+2.35,-0.1130,0.0022,559
 RAW,229.250,1,982,922,1013,325,373,578,419.6,429.5,521.0,0
 RAW,229.375,0,567,626,290,567,626,290,456.5,478.6,463.2,0
 PROC,229.375,1,37,49,0.7551,1.2631,1.3582,-44.40,-7.00,0.5708,0.1159,491
 RAW,229.500,1,56,67,75,230,373,154,399.9,452.2,385.9,0
 RAW,229.625,0,920,706,1011,567,626,290,441.6,495.6,361.9,0
 PROC,229.625,1,42,43,0.9767,1.2058,1.3582,-28.09,-11.22,0.3267,0.1581,373
 RAW,229.750,1,895,881,803,895,706,803,555.0,548.2,472.2,0
 RAW,229.875,0,55,89,35,567,626,290,558.0,567.7,426.7,0
 RAW,230.000,1,526,459,884,526,459,803,550.0,540.5,520.7,0
 RAW,230.125,0,974,957,957,895,706,884,636.2,581.9,611.6,0
 PROC,230.125,1,87,41,2.1220,1.3890,1.3582,+56.23,+2.27,-0.4389,0.0387,565
 RAW,230.250,1,88,279,45,526,459,803,608.7,551.2,659.4,0
 RAW,230.375,0,127,146,256,127,279,256,488.3,483.1,558.6,0
 PROC,230.375,1,120,68,1.7647,1.4642,1.3582,+29.93,+7.80,-0.2603,-0.0211,608
 RAW,230.500,1,984,975,1002,526,459,884,497.7,477.1,639.9,0
 RAW,230.625,0,393,490,60,393,490,256,471.5,480.3,543.9,0
 RAW,230.750,1,55,76,103,127,279,103,385.4,430.0,433.7,0
 RAW,230.875,0,984,819,1013,393,490,256,387.3,445.0,389.3,0
 RAW,231.000,1,790,797,613,790,797,613,488.0,533.0,445.2,0
 RAW,231.125,0,51,54,33,393,490,103,464.2,522.2,359.7,0
 RAW,231.250,1,694,575,1005,694,575,613,521.7,535.4,423.0,0
 RAW,231.375,0,955,931,912,790,797,912,588.8,600.8,545.2,0
 PROC,231.375,1,67,65,1.0308,1.3775,1.3582,-24.11,+1.42,0.2741,0.0379,483
 RAW,231.500,1,55,199,43,694,575,613,615.1,594.4,562.2,0
 RAW,231.625,0,255,248,468,255,248,468,525.0,507.8,538.6,0
 PROC,231.625,1,90,87,1.0345,1.3089,1.3582,-23.83,-3.63,0.2706,0.0845,550
 RAW,231.750,1,990,923,995,694,575,912,567.3,524.6,632.0,0
 RAW,231.875,0,376,434,52,376,434,468,519.5,501.9,591.0,0
 RAW,232.000,1,69,95,137,255,248,137,453.3,438.5,477.5,0
 RAW,232.125,0,923,637,1001,376,434,468,434.0,437.3,475.1,0
 RAW,232.250,1,661,434,485,661,434,485,490.8,436.5,477.6,0
 RAW,232.375,0,75,87,84,376,434,137,462.1,435.9,392.4,0
 RAW,232.500,1,596,432,938,596,432,485,495.6,434.9,415.6,0
 RAW,232.625,0,813,505,788,661,434,788,536.9,434.7,508.7,0
 RAW,232.750,1,197,134,63,596,432,485,551.7,434.0,502.8,0
 RAW,232.875,0,348,279,565,348,279,565,500.8,395.3,518.3,0
 RAW,233.000,1,889,550,934,596,432,788,524.6,404.4,585.7,0
 RAW,233.125,0,356,216,109,356,279,565,482.4,373.1,580.6,0
 RAW,233.250,1,139,142,246,348,216,246,448.8,333.8,496.9,0
 RAW,233.375,0,820,544,983,356,279,565,425.6,320.1,513.9,0
 RAW,233.500,1,567,355,348,567,355,348,461.0,328.8,472.5,0
 RAW,233.625,0,78,91,117,356,216,246,434.7,300.6,415.8,0
 RAW,233.750,1,891,681,1011,567,355,348,467.8,314.2,398.9,0
 RAW,233.875,0,871,865,752,820,544,752,555.8,371.7,487.2,0
 PROC,233.875,1,88,57,1.5439,1.3559,1.3582,+13.67,-0.17,-0.1280,0.0420,442
 RAW,234.000,1,53,91,47,567,355,348,558.6,367.5,452.4,0
 RAW,234.125,0,575,494,951,575,494,752,562.7,399.1,527.3,0
 RAW,234.250,1,974,938,934,871,681,934,639.8,469.6,629.0,0
 RAW,234.375,0,60,258,42,575,494,752,623.6,475.7,659.7,0
 RAW,234.500,1,166,182,336,166,258,336,509.2,421.3,578.8,0
 RAW,234.625,0,989,979,1012,575,494,934,525.6,439.5,667.6,0
 RAW,234.750,1,363,472,56,363,472,336,485.0,447.6,584.7,0
 RAW,234.875,0,58,86,116,166,258,116,405.2,400.2,467.5,0
 PROC,234.875,1,79,47,1.6809,1.4209,1.3582,+23.76,+4.61,-0.2123,-0.0089,525
 RAW,235.000,1,981,822,1012,363,472,336,394.7,418.1,434.6,0
 RAW,235.125,0,747,774,561,747,774,561,482.8,507.1,466.2,0
 PROC,235.125,1,88,89,0.9888,1.3345,1.3582,-27.20,-1.75,0.3148,0.0559,450
 RAW,235.250,1,57,56,46,363,472,116,452.8,498.3,378.7,0
 RAW,235.375,0,724,585,1004,724,585,561,520.6,520.0,424.3,0
 RAW,235.500,1,943,923,895,747,774,895,577.2,583.5,541.9,0
 RAW,235.625,0,56,199,40,724,585,561,613.9,583.9,546.7,0
 RAW,235.750,1,287,274,517,287,274,517,532.2,506.4,539.3,0
 RAW,235.875,0,992,972,996,724,585,895,580.1,526.1,628.2,0
 RAW,236.000,1,262,402,48,287,402,517,506.9,495.0,600.4,0
 RAW,236.125,0,75,97,151,262,274,151,445.6,439.8,488.1,0
 PROC,236.125,1,61,56,1.0893,1.2854,1.3582,-19.80,-5.36,0.2197,0.0886,544
 RAW,236.250,1,983,881,1013,287,402,517,406.0,430.3,495.3,0
 RAW,236.375,0,612,666,367,612,666,367,457.5,489.3,463.2,0
 PROC,236.375,1,52,59,0.8814,1.2046,1.3582,-35.11,-11.31,0.4258,0.1561,479
 RAW,236.500,1,55,64,63,262,402,151,408.6,467.4,385.2,0
 RAW,236.625,0,870,682,1013,612,666,367,459.5,517.1,380.6,0
 PROC,236.625,1,51,50,1.0200,1.1677,1.3582,-24.90,-14.03,0.2844,0.1817,382
 RAW,236.750,1,916,906,829,870,682,829,562.1,558.3,492.7,0
 RAW,236.875,0,50,130,38,612,666,367,574.6,585.2,461.3,0
 RAW,237.000,1,440,392,746,440,392,746,540.9,536.9,532.5,0
 RAW,237.125,0,983,962,976,870,682,829,623.2,573.2,606.6,0
 RAW,237.250,1,179,365,56,440,392,746,577.4,527.9,641.4,0
 RAW,237.375,0,100,125,200,179,365,200,477.8,487.2,531.1,0
 PROC,237.375,1,100,40,2.5000,1.4341,1.3582,+84.07,+5.59,-0.5919,0.0270,586
 RAW,237.500,1,974,659,992,440,392,746,468.3,463.4,584.8,0
 RAW,237.625,0,559,471,274,559,471,274,491.0,465.3,507.1,0
 RAW,237.750,1,71,94,119,179,365,200,413.0,440.2,430.3,0
 RAW,237.875,0,802,540,1000,559,471,274,449.5,447.9,391.3,0
 RAW,238.000,1,804,526,624,802,526,624,537.6,467.4,449.4,0
 RAW,238.125,0,63,113,72,559,471,274,543.0,468.3,405.6,0
 RAW,238.250,1,544,420,923,544,420,624,543.2,456.2,460.2,0
 RAW,238.375,0,934,619,878,802,526,878,607.9,473.7,564.6,0
 RAW,238.500,1,220,188,51,544,420,624,591.9,460.3,579.5,0
 RAW,238.625,0,244,228,470,244,228,470,505.0,402.2,552.1,0
 PROC,238.625,1,87,58,1.5000,1.4473,1.3582,+10.44,+6.56,-0.0992,0.0018,565
 RAW,238.750,1,984,640,997,544,420,878,514.7,406.6,633.6,0
 RAW,238.875,0,411,286,51,411,286,470,488.8,376.5,592.7,0
 RAW,239.000,1,85,113,170,244,228,170,427.6,339.4,487.0,0
 RAW,239.125,0,929,596,1000,411,286,470,423.4,326.0,482.8,0
 RAW,239.250,1,675,461,396,675,461,396,486.3,359.8,461.1,0
 RAW,239.375,0,59,86,74,411,286,170,467.5,341.3,388.3,0
 RAW,239.500,1,681,491,1003,675,461,396,519.4,371.2,390.2,0
 RAW,239.625,0,892,614,803,681,491,803,559.8,401.2,493.4,0
 RAW,239.750,1,109,174,42,675,461,396,588.6,416.1,469.1,0
 RAW,239.875,0,339,294,613,339,294,613,526.2,385.6,505.0,0
 RAW,240.000,1,980,706,985,681,491,803,564.9,412.0,579.5,0
 RAW,240.125,0,329,282,42,339,294,613,508.4,382.5,587.9,0
 RAW,240.250,1,116,130,205,329,282,205,463.6,357.3,492.2,0
 RAW,240.375,0,975,635,1004,339,294,613,432.4,341.5,522.4,0
 RAW,240.500,1,592,425,269,592,425,269,472.3,362.4,459.0,0
 RAW,240.625,0,60,87,93,329,282,205,436.5,342.3,395.5,0
 RAW,240.750,1,747,518,999,592,425,269,475.4,363.0,363.9,0
 RAW,240.875,0,840,558,703,747,518,703,543.3,401.7,448.7,0
 RAW,241.000,1,102,127,58,592,425,269,555.5,407.5,403.8,0
 RAW,241.125,0,455,371,820,455,371,703,530.3,398.4,478.6,0
 RAW,241.250,1,960,621,917,747,518,820,584.5,428.3,563.9,0
 RAW,241.375,0,315,222,57,455,371,703,552.1,414.0,598.7,0
 RAW,241.500,1,161,169,313,315,222,313,492.8,366.0,527.3,0
 RAW,241.625,0,949,599,985,455,371,820,483.4,367.2,600.5,0
 RAW,241.750,1,486,326,128,486,326,313,484.0,356.9,528.6,0
 RAW,241.875,0,56,79,97,315,222,128,441.8,323.2,428.4,0
 RAW,242.000,1,983,747,1018,486,326,313,452.8,323.9,399.6,1
 RAW,242.125,0,825,821,667,825,599,667,545.9,392.7,466.4,0
 PROC,242.125,1,93,69,1.3478,1.4274,1.3582,-0.76,+5.10,0.0077,0.0029,432
 RAW,242.250,1,54,57,31,486,326,128,530.9,376.0,381.8,0
 RAW,242.375,0,668,553,1003,668,553,667,565.2,420.3,453.1,0
 PROC,242.375,1,35,44,0.7955,1.3010,1.3582,-41.43,-4.21,0.5226,0.1069,417
 RAW,242.500,1,968,927,923,825,747,923,630.1,501.9,570.6,0
 RAW,242.625,0,56,221,45,668,553,667,639.6,514.7,594.7,0
 RAW,242.750,1,234,230,428,234,230,428,538.2,443.5,553.0,0
 RAW,242.875,0,990,974,998,668,553,923,570.7,470.9,645.5,0
 RAW,243.000,1,304,432,51,304,432,428,504.0,461.2,591.1,0
 RAW,243.125,0,67,92,130,234,230,130,436.5,403.4,475.9,0
 PROC,243.125,1,67,58,1.1552,1.2719,1.3582,-14.95,-6.36,0.1616,0.1178,533
 RAW,243.250,1,984,870,1009,304,432,428,403.4,410.5,463.9,0
 RAW,243.375,0,655,693,405,655,693,405,466.3,481.2,449.2,0
 PROC,243.375,1,63,71,0.8873,1.1950,1.3582,-34.67,-12.02,0.4194,0.1781,456
 RAW,243.500,1,52,62,54,304,432,130,425.7,468.9,369.4,0
 RAW,243.625,0,830,661,1016,655,661,405,483.0,516.9,378.3,1
 PROC,243.625,1,58,48,1.2083,1.1976,1.3582,-11.03,-11.82,0.1168,0.1659,373
 RAW,243.750,1,925,909,850,830,693,850,569.8,560.9,496.2,0
 RAW,243.875,0,58,130,35,655,661,405,591.1,585.9,473.4,0
 RAW,244.000,1,417,372,714,417,372,714,547.6,532.5,533.6,0
 RAW,244.125,0,986,965,983,830,661,850,618.2,564.6,612.7,0
 RAW,244.250,1,150,321,47,417,372,714,567.9,516.4,638.0,0
 RAW,244.375,0,94,119,186,150,321,186,463.4,467.6,525.0,0
 PROC,244.375,1,104,49,2.1224,1.3826,1.3582,+56.27,+1.80,-0.4391,0.0449,581
 RAW,244.500,1,984,967,1013,417,372,714,451.8,443.7,572.3,0
 RAW,244.625,0,480,548,141,480,548,186,458.9,469.8,475.7,0
 RAW,244.750,1,52,72,84,150,321,141,381.6,432.6,392.0,0
 RAW,244.875,0,982,784,1015,480,548,186,406.2,461.4,340.5,1
 RAW,245.000,1,856,856,728,856,784,728,518.7,542.1,437.4,0
 RAW,245.125,0,56,57,48,480,548,141,509.0,543.6,363.3,0
 RAW,245.250,1,632,540,998,632,540,728,539.8,542.7,454.5,0
 RAW,245.375,0,971,941,936,856,784,936,618.8,603.0,574.8,0
 PROC,245.375,1,79,60,1.3167,1.3694,1.3582,-3.06,+0.83,0.0311,0.0421,514
 RAW,245.500,1,56,220,40,632,540,728,622.1,587.2,613.1,0
 RAW,245.625,0,204,203,379,204,220,379,517.6,495.4,554.6,0
 PROC,245.625,1,105,92,1.1413,1.3238,1.3582,-15.97,-2.53,0.1736,0.0684,583
 RAW,245.750,1,992,983,1010,632,540,936,546.2,506.6,650.0,0
 RAW,245.875,0,320,434,57,320,434,379,489.6,488.4,582.2,0
 RAW,246.000,1,61,88,122,204,220,122,418.2,421.3,467.2,0
 RAW,246.125,0,982,867,1013,320,434,379,393.7,424.5,445.1,0
 RAW,246.250,1,711,738,486,711,738,486,473.0,502.9,455.3,0
 RAW,246.375,0,55,59,47,320,434,122,434.8,485.7,372.0,0
 RAW,246.500,1,796,642,1014,711,642,486,503.8,524.7,400.5,0
 RAW,246.625,0,933,913,870,796,738,870,576.9,578.1,517.9,0
 PROC,246.625,1,73,54,1.3519,1.3294,1.3582,-0.47,-2.12,0.0047,0.0556,458
 RAW,246.750,1,54,139,36,711,642,486,610.4,594.0,509.9,0
 RAW,246.875,0,379,342,645,379,342,645,552.5,531.0,543.7,0
 PROC,246.875,1,58,63,0.9206,1.2476,1.3582,-32.22,-8.14,0.3840,0.1213,526
 RAW,247.000,1,989,966,989,796,642,870,613.4,558.8,625.3,0
 RAW,247.125,0,175,337,44,379,342,645,554.8,504.6,630.2,0
 PROC,247.125,1,59,54,1.0926,1.2166,1.3582,-19.56,-10.42,0.2168,0.1404,627
 RAW,247.250,1,87,110,171,175,337,171,459.9,462.7,515.4,0
 RAW,247.375,0,984,955,1011,379,342,645,439.6,432.5,547.8,0
 RAW,247.500,1,515,584,205,515,584,205,458.5,470.4,462.1,0
 RAW,247.625,0,60,68,79,175,337,171,387.6,437.0,389.3,0
 RAW,247.750,1,978,761,1015,515,584,205,419.5,473.8,343.2,1
 RAW,247.875,0,870,864,755,870,761,755,532.1,545.6,446.2,0
 PROC,247.875,1,113,72,1.5694,1.2872,1.3582,+15.55,-5.23,-0.1443,0.0835,394
 RAW,248.000,1,52,54,39,515,584,205,527.8,555.2,385.9,0
 RAW,248.125,0,582,506,973,582,506,755,541.4,542.9,478.2,0
 RAW,248.250,1,975,945,943,870,761,943,623.5,597.4,594.4,0
 RAW,248.375,0,56,244,42,582,506,755,613.1,574.6,634.5,0
 RAW,248.500,1,163,184,324,163,244,324,500.6,491.9,556.9,0
 RAW,248.625,0,993,979,1012,582,506,943,521.0,495.4,653.4,0
 RAW,248.750,1,348,457,53,348,457,324,477.7,485.8,571.1,0
 RAW,248.875,0,56,85,116,163,244,116,399.0,425.4,457.3,0
 PROC,248.875,1,78,60,1.3000,1.2898,1.3582,-4.29,-5.04,0.0438,0.0755,514
 RAW,249.000,1,980,850,1016,348,457,324,386.3,433.3,424.0,1
 RAW,249.125,0,738,757,536,738,757,536,474.2,514.2,452.0,0
 PROC,249.125,1,88,81,1.0864,1.2491,1.3582,-20.01,-8.03,0.2223,0.1049,437
 RAW,249.250,1,58,59,52,348,457,116,442.7,499.9,368.0,0
 RAW,249.375,0,758,617,1013,738,617,536,516.5,529.2,410.0,0
 RAW,249.500,1,938,921,880,758,757,880,576.9,586.1,527.5,0
 RAW,249.625,0,55,154,37,738,617,536,617.2,593.9,529.6,0
 RAW,249.750,1,342,318,599,342,318,599,548.4,524.9,547.0,0
 RAW,249.875,0,992,972,995,758,617,880,600.8,547.9,630.2,0
 RAW,250.000,1,203,359,42,342,359,599,536.1,500.7,622.4,0
 RAW,250.125,0,82,104,158,203,318,158,452.8,455.0,506.3,0
 PROC,250.125,1,84,45,1.8667,1.3726,1.3582,+37.44,+1.06,-0.3153,0.0208,564
 RAW,250.250,1,982,930,1014,342,359,599,425.1,431.0,529.5,0
 RAW,250.375,0,559,618,277,559,618,277,458.6,477.8,466.4,0
 PROC,250.375,1,33,46,0.7174,1.2416,1.3582,-47.18,-8.59,0.6175,0.1402,497
 RAW,250.500,1,53,68,70,203,359,158,394.7,448.1,389.3,0
 RAW,250.625,0,941,733,1011,559,618,277,435.8,490.6,361.2,0
 PROC,250.625,1,41,42,0.9762,1.1885,1.3582,-28.13,-12.50,0.3273,0.1776,375
 RAW,250.750,1,895,881,801,895,733,801,550.6,551.2,471.2,0
 RAW,250.875,0,53,69,33,559,618,277,552.7,567.9,422.6,0
 RAW,251.000,1,530,466,905,530,466,801,547.0,542.4,517.2,0
 RAW,251.125,0,971,956,954,895,733,905,634.0,590.1,614.2,0
 PROC,251.125,1,87,48,1.8125,1.3133,1.3582,+33.45,-3.31,-0.2866,0.0848,565
 RAW,251.250,1,71,262,43,530,466,801,608.0,559.0,660.9,0
 RAW,251.375,0,133,151,261,133,262,261,489.3,484.8,560.9,0
 PROC,251.375,1,119,75,1.5867,1.3680,1.3582,+16.82,+0.72,-0.1552,0.0368,610
 RAW,251.500,1,982,974,1002,530,466,905,499.4,480.1,646.9,0
 RAW,251.625,0,387,484,55,387,484,261,471.3,481.1,550.4,0
 RAW,251.750,1,56,82,96,133,262,96,386.7,426.3,436.8,0
 RAW,251.875,0,984,839,1015,387,484,261,386.8,440.7,392.9,1
 RAW,252.000,1,774,787,589,774,787,589,483.6,527.3,441.9,0
 RAW,252.125,0,52,53,36,387,484,96,459.5,516.5,355.4,0
 RAW,252.250,1,721,593,1005,721,593,589,524.8,535.6,413.8,0
 RAW,252.375,0,949,929,907,774,787,907,587.1,598.5,537.1,0
 PROC,252.375,1,63,63,1.0000,1.2944,1.3582,-26.37,-4.70,0.3038,0.0902,475
 RAW,252.500,1,56,189,39,721,593,589,620.6,597.1,550.1,0
 RAW,252.625,0,267,258,487,267,258,487,532.2,512.3,534.3,0
 PROC,252.625,1,88,85,1.0353,1.2426,1.3582,-23.77,-8.51,0.2698,0.1261,542
 RAW,252.750,1,987,973,994,721,593,907,579.4,532.5,627.5,0
 RAW,252.875,0,274,403,46,274,403,487,503.0,500.1,592.4,0
 RAW,253.000,1,71,93,136,267,258,136,444.0,439.6,478.3,0
 RAW,253.125,0,982,896,1011,274,403,487,401.5,430.4,480.5,0
 RAW,253.250,1,623,673,380,623,673,380,456.9,491.1,455.3,0
 RAW,253.375,0,54,63,57,274,403,136,411.2,469.1,375.5,0
 RAW,253.500,1,865,683,1018,623,673,380,464.1,520.0,376.6,1
 RAW,253.625,0,920,903,844,865,683,844,564.3,560.8,493.5,0
 PROC,253.625,1,100,40,2.5000,1.4940,1.3582,+84.07,+10.00,-0.5919,-0.0175,434
 RAW,253.750,1,54,121,36,623,673,380,579.0,588.8,465.1,0
 RAW,253.875,0,435,388,746,435,388,746,543.0,538.6,535.3,0
 PROC,253.875,1,36,50,0.7200,1.3392,1.3582,-46.99,-1.40,0.6142,0.1088,500
 RAW,254.000,1,987,964,978,865,683,844,623.5,574.7,612.5,0
 RAW,254.125,0,136,317,52,435,388,746,576.4,528.0,645.9,0
 PROC,254.125,1,47,46,1.0217,1.2757,1.3582,-24.77,-6.07,0.2827,0.1436,628
 RAW,254.250,1,97,120,197,136,317,197,466.3,475.3,533.7,0
 RAW,254.375,0,985,956,1016,435,388,746,458.5,453.5,586.7,1
 RAW,254.500,1,482,552,142,482,552,197,464.3,478.1,489.3,0
 RAW,254.625,0,56,73,85,136,317,142,382.3,437.8,402.5,0
 PROC,254.625,1,82,41,2.0000,1.4206,1.3582,+47.25,+4.59,-0.3822,0.0385,445
 RAW,254.750,1,981,774,1018,482,552,197,407.2,466.4,351.1,1
 RAW,254.875,0,870,861,749,870,774,749,522.9,543.3,450.6,0
 PROC,254.875,1,115,77,1.4935,1.4352,1.3582,+9.96,+5.67,-0.0949,0.0118,400
 RAW,255.000,1,57,60,44,482,552,142,512.7,545.5,373.4,0
 RAW,255.125,0,606,520,997,606,520,749,536.0,539.1,467.3,0
 RAW,255.250,1,970,947,945,870,774,945,619.5,597.8,586.7,0
 RAW,255.375,0,54,242,43,606,520,749,616.1,578.4,627.3,0
 RAW,255.500,1,174,188,342,174,242,342,505.6,494.3,556.0,0
 RAW,255.625,0,991,980,1013,606,520,945,530.7,500.7,653.2,0
 RAW,255.750,1,349,456,54,349,456,342,485.3,489.5,575.4,0
 RAW,255.875,0,63,87,118,174,242,118,407.5,427.6,461.1,0
 PROC,255.875,1,78,62,1.2581,1.3998,1.3582,-7.37,+3.06,0.0765,0.0247,518
 RAW,256.000,1,980,845,1015,349,456,342,392.8,434.7,431.3,1
 RAW,256.125,0,743,769,553,743,769,553,480.4,518.3,461.7,0
 PROC,256.125,1,88,84,1.0476,1.3293,1.3582,-22.87,-2.13,0.2582,0.0714,446
 RAW,256.250,1,56,58,42,349,456,118,447.5,502.7,375.8,0
 RAW,256.375,0,735,601,1006,735,601,553,519.4,527.3,420.1,0
 RAW,256.500,1,946,925,896,743,769,896,575.3,587.7,539.1,0
 RAW,256.625,0,52,177,36,735,601,553,615.2,591.0,542.6,0
 RAW,256.750,1,290,280,530,290,280,530,533.9,513.3,539.4,0
 RAW,256.875,0,990,972,998,735,601,896,584.2,535.2,628.6,0
 RAW,257.000,1,256,391,48,290,391,530,510.6,499.2,603.9,0
 RAW,257.125,0,74,96,138,256,280,138,447.0,444.4,487.4,0
 PROC,257.125,1,64,55,1.1636,1.2962,1.3582,-14.33,-4.57,0.1543,0.0880,545
 RAW,257.250,1,982,906,1012,290,391,530,407.7,431.0,498.1,0
 RAW,257.375,0,613,666,361,613,666,361,459.1,489.8,463.8,0
 PROC,257.375,1,52,58,0.8966,1.2163,1.3582,-33.99,-10.45,0.4095,0.1523,480
 RAW,257.500,1,51,62,61,256,391,138,408.3,465.1,382.4,0
 RAW,257.625,0,881,691,1015,613,666,361,459.5,515.3,377.0,1
 PROC,257.625,1,51,50,1.0200,1.1770,1.3582,-24.90,-13.34,0.2844,0.1787,379
 RAW,257.750,1,914,898,837,881,691,837,564.9,559.2,492.0,0
 RAW,257.875,0,50,101,34,613,666,361,576.9,585.9,459.3,0
 RAW,258.000,1,444,396,756,444,396,756,543.7,538.4,533.4,0
 RAW,258.125,0,985,965,979,881,691,837,628.0,576.6,609.3,0
 RAW,258.250,1,126,305,51,444,396,756,582.0,531.4,646.0,0
 RAW,258.375,0,101,123,196,126,305,196,468.0,474.8,533.5,0
 PROC,258.375,1,114,57,2.0000,1.3416,1.3582,+47.25,-1.22,-0.3822,0.0665,589
 RAW,258.500,1,985,968,1012,444,396,756,462.0,455.1,589.1,0
 RAW,258.625,0,483,553,146,483,553,196,467.2,479.6,490.8,0
 RAW,258.750,1,51,70,81,126,305,146,381.9,435.9,404.6,0
 RAW,258.875,0,980,764,1017,483,553,196,407.2,465.2,352.5,1
 RAW,259.000,1,873,862,744,873,764,744,523.7,539.9,450.4,0
 RAW,259.125,0,55,56,44,483,553,146,513.5,543.2,374.3,0
 RAW,259.250,1,612,525,995,612,525,744,538.1,538.6,466.7,0
 RAW,259.375,0,977,937,943,873,764,943,621.8,595.0,585.8,0
 PROC,259.375,1,83,56,1.4821,1.3697,1.3582,+9.13,+0.85,-0.0873,0.0358,525
 RAW,259.500,1,56,244,39,612,525,744,619.4,577.5,625.3,0
 RAW,259.625,0,180,194,357,180,244,357,509.5,494.1,558.2,0
 PROC,259.625,1,110,83,1.3253,1.3608,1.3582,-2.42,+0.19,0.0245,0.0335,591
 RAW,259.750,1,990,979,1012,612,525,943,535.2,501.8,654.4,0
 RAW,259.875,0,341,455,54,341,455,357,486.6,490.1,580.1,0
 RAW,260.000,1,63,85,113,180,244,113,410.0,428.6,463.3,0
 RAW,260.125,0,981,843,1013,341,455,357,392.7,435.2,436.7,0
 RAW,260.250,1,742,760,544,742,760,544,480.0,516.4,463.5,0
 RAW,260.375,0,54,58,48,341,455,113,445.3,501.0,375.9,0
 RAW,260.500,1,744,603,1009,742,603,544,519.5,526.5,417.9,0
 RAW,260.625,0,940,928,901,744,760,901,575.6,584.9,538.7,0
 PROC,260.625,1,56,58,0.9655,1.2818,1.3582,-28.91,-5.63,0.3380,0.0944,477
 RAW,260.750,1,52,180,39,742,603,544,617.2,589.4,540.0,0
 RAW,260.875,0,301,285,536,301,285,536,538.1,513.3,539.0,0
 PROC,260.875,1,79,76,1.0395,1.2333,1.3582,-23.47,-9.20,0.2659,0.1287,539
 RAW,261.000,1,992,974,997,744,603,901,589.6,535.7,629.5,0
 RAW,261.125,0,253,389,44,301,389,536,517.5,499.1,606.1,0
 RAW,261.250,1,72,99,141,253,285,141,451.3,445.5,489.9,0
 RAW,261.375,0,986,909,1011,301,389,536,413.8,431.4,501.4,0
 RAW,261.500,1,611,663,360,611,663,360,463.1,489.3,466.0,0
 RAW,261.625,0,52,64,55,253,389,141,410.6,464.2,384.8,0
 RAW,261.750,1,885,696,1017,611,663,360,460.7,513.9,378.6,1
 RAW,261.875,0,913,900,837,885,696,837,566.7,559.4,493.2,0
 PROC,261.875,1,106,46,2.3043,1.4475,1.3582,+69.66,+6.58,-0.5167,-0.0004,435
 RAW,262.000,1,53,105,35,611,663,360,577.8,585.3,459.9,0
 RAW,262.125,0,446,399,761,446,399,761,544.9,538.7,535.2,0
 PROC,262.125,1,33,47,0.7021,1.2984,1.3582,-48.30,-4.40,0.6369,0.1271,497
 RAW,262.250,1,985,964,977,885,696,837,629.9,578.1,610.6,0
 RAW,262.375,0,131,310,49,446,399,761,583.9,533.3,648.2,0
 PROC,262.375,1,46,45,1.0222,1.2432,1.3582,-24.74,-8.47,0.2823,0.1581,629
 RAW,262.500,1,101,121,196,131,310,196,470.7,477.5,535.2,0
 RAW,262.625,0,985,969,1015,446,399,761,464.5,457.9,591.6,1
 RAW,262.750,1,493,560,167,493,560,196,471.6,483.4,492.7,0
 RAW,262.875,0,51,71,70,131,310,167,386.5,440.0,411.3,0
 PROC,262.875,1,85,43,1.9767,1.3899,1.3582,+45.54,+2.33,-0.3709,0.0523,451
 RAW,263.000,1,977,758,1014,493,560,196,413.1,470.0,357.5,0
 RAW,263.125,0,872,865,759,872,758,759,527.8,542.0,457.8,0
 PROC,263.125,1,114,72,1.5833,1.4286,1.3582,+16.58,+5.18,-0.1531,0.0112,407
 RAW,263.250,1,54,58,40,493,560,167,519.1,546.5,385.1,0
 RAW,263.375,0,582,505,978,582,505,759,534.8,536.1,478.6,0
 RAW,263.500,1,975,950,949,872,758,949,619.1,591.6,596.2,0
 RAW,263.625,0,59,248,40,582,505,759,609.8,570.0,636.9,0
 RAW,263.750,1,150,165,303,150,248,303,494.9,489.5,553.4,0
 RAW,263.875,0,987,977,1011,582,505,949,516.7,493.3,652.3,0
 RAW,264.000,1,368,473,53,368,473,303,479.5,488.3,565.0,0
 RAW,264.125,0,53,82,105,150,248,105,397.1,428.2,450.0,0
 PROC,264.125,1,82,60,1.3667,1.4162,1.3582,+0.62,+4.27,-0.0062,0.0077,506
 RAW,264.250,1,983,838,1015,368,473,303,389.8,439.4,413.2,1
 RAW,264.375,0,776,785,589,776,785,589,486.4,525.8,457.2,0
 PROC,264.375,1,97,86,1.1279,1.3585,1.3582,-16.96,+0.03,0.1853,0.0432,435
 RAW,264.500,1,51,53,34,368,473,105,456.8,512.6,369.1,0
 RAW,264.625,0,712,588,1006,712,588,589,520.6,531.4,424.1,0
 RAW,264.750,1,949,927,913,776,785,913,584.4,594.8,546.3,0
 RAW,264.875,0,54,191,39,712,588,589,616.3,593.1,557.0,0
 RAW,265.000,1,257,250,462,257,250,462,526.5,507.3,533.2,0
 RAW,265.125,0,991,973,998,712,588,913,572.9,527.5,628.2,0
 RAW,265.250,1,291,418,48,291,418,462,502.4,500.1,586.6,0
 RAW,265.375,0,73,98,126,257,250,126,441.1,437.6,471.5,0
 PROC,265.375,1,61,63,0.9683,1.2805,1.3582,-28.71,-5.72,0.3352,0.1016,528
 RAW,265.500,1,982,883,1011,291,418,462,403.5,432.7,469.1,0
 RAW,265.625,0,669,710,429,669,710,429,469.9,502.0,459.1,0
 PROC,265.625,1,66,70,0.9429,1.2130,1.3582,-30.58,-10.69,0.3610,0.1535,464
 RAW,265.750,1,54,61,52,291,418,126,425.2,481.0,375.8,0
 RAW,265.875,0,827,663,1020,669,663,429,486.1,526.5,389.1,1
 PROC,265.875,1,61,45,1.3556,1.2415,1.3582,-0.19,-8.59,0.0019,0.1232,382
 RAW,266.000,1,929,914,865,827,710,865,571.4,572.4,508.1,0
 RAW,266.125,0,54,137,39,669,663,429,595.8,595.0,488.3,0
 RAW,266.250,1,374,342,642,374,342,642,540.3,531.8,526.7,0
 RAW,266.375,0,991,970,993,827,663,865,612.0,564.6,611.3,0
 RAW,266.500,1,191,347,42,374,347,642,552.5,510.2,619.0,0
 RAW,266.625,0,84,104,167,191,342,167,462.1,468.1,506.0,0
 PROC,266.625,1,90,42,2.1429,1.4218,1.3582,+57.77,+4.68,-0.4482,0.0089,561
 RAW,266.750,1,985,932,1014,374,347,642,440.1,437.9,540.0,0
 RAW,266.875,0,563,620,277,563,620,277,470.8,483.4,474.2,0
 PROC,266.875,1,30,46,0.6522,1.2678,1.3582,-51.98,-6.65,0.7336,0.1538,506
 RAW,267.000,1,55,66,67,191,347,167,400.9,449.3,397.4,0
 RAW,267.125,0,931,727,1014,563,620,277,441.4,492.0,367.3,0
 PROC,267.125,1,41,42,0.9762,1.2095,1.3582,-28.13,-10.95,0.3273,0.1885,382
 RAW,267.250,1,907,891,813,907,727,813,557.8,550.7,478.7,0
 RAW,267.375,0,52,89,37,563,620,277,559.1,568.0,428.3,0
 RAW,267.500,1,479,426,813,479,426,813,539.1,532.5,524.5,0
 RAW,267.625,0,978,959,972,907,727,813,631.1,581.2,596.6,0
 PROC,267.625,1,92,49,1.8776,1.3431,1.3582,+38.24,-1.11,-0.3210,0.0866,560
 RAW,267.750,1,105,292,50,479,426,813,593.0,542.4,650.7,0
 RAW,267.875,0,104,127,211,105,292,211,471.0,479.8,540.8,0
 PROC,267.875,1,122,63,1.9365,1.4618,1.3582,+42.58,+7.63,-0.3511,-0.0009,595
 RAW,268.000,1,986,974,1011,479,426,813,473.0,466.3,608.8,0
 RAW,268.125,0,461,537,117,461,537,211,470.0,484.0,509.4,0
 RAW,268.250,1,52,72,86,105,292,117,378.8,436.0,411.3,0
 RAW,268.375,0,980,777,1016,461,537,211,399.3,461.2,361.2,1
 RAW,268.500,1,865,858,743,865,777,743,515.7,540.2,456.7,0
 RAW,268.625,0,54,59,45,461,537,117,502.1,539.4,371.7,0
 RAW,268.750,1,594,512,985,594,512,743,525.0,532.5,464.6,0
 RAW,268.875,0,974,950,947,865,777,947,610.0,593.7,585.2,0
 PROC,268.875,1,85,61,1.3934,1.4481,1.3582,+2.59,+6.62,-0.0256,-0.0058,524
 RAW,269.000,1,55,250,41,594,512,743,606.0,573.2,624.6,0
 RAW,269.125,0,146,164,307,146,250,307,491.0,492.4,545.2,0
 PROC,269.125,1,115,81,1.4198,1.4425,1.3582,+4.53,+6.20,-0.0443,-0.0135,584
 RAW,269.250,1,988,976,1009,594,512,947,516.8,497.3,645.7,0
 RAW,269.375,0,380,480,55,380,480,307,482.6,493.0,561.0,0
 RAW,269.500,1,57,78,99,146,250,99,398.4,432.2,445.5,0
 RAW,269.625,0,984,825,1015,380,480,307,393.8,444.2,410.9,1
 RAW,269.750,1,788,792,611,788,792,611,492.4,531.1,460.9,0
 RAW,269.875,0,53,52,31,380,480,99,464.3,518.4,370.4,0
 RAW,270.000,1,680,568,1005,680,568,611,518.2,530.8,430.6,0
 RAW,270.125,0,964,937,920,788,792,920,585.7,596.1,552.9,0
 PROC,270.125,1,67,66,1.0152,1.3570,1.3582,-25.26,-0.09,0.2891,0.0470,491
 RAW,270.250,1,57,208,41,680,568,611,609.2,589.1,567.4,0
 RAW,270.375,0,224,224,411,224,224,411,512.9,497.8,528.3,0
 PROC,270.375,1,97,92,1.0543,1.2965,1.3582,-22.37,-4.55,0.2519,0.0880,547
 RAW,270.500,1,993,978,1009,680,568,920,554.7,515.3,626.3,0
 RAW,270.625,0,315,434,55,315,434,411,494.8,495.0,572.4,0
 RAW,270.750,1,64,88,126,224,224,126,427.1,427.3,460.8,0
 RAW,270.875,0,981,860,1014,315,434,411,399.1,428.9,448.4,0
 RAW,271.000,1,723,748,515,723,748,515,480.0,508.7,465.0,0
 RAW,271.125,0,55,59,53,315,434,126,438.8,490.0,380.3,0
 RAW,271.250,1,752,610,1009,723,610,515,509.8,520.0,414.0,0
 RAW,271.375,0,942,917,892,752,748,892,570.4,577.0,533.5,0
 PROC,271.375,1,61,57,1.0702,1.2512,1.3582,-21.21,-7.88,0.2372,0.1178,473
 RAW,271.500,1,57,178,38,723,610,515,608.5,585.3,528.8,0
 RAW,271.625,0,287,279,526,287,279,526,528.2,508.7,528.1,0
 PROC,271.625,1,80,77,1.0390,1.2088,1.3582,-23.50,-11.00,0.2663,0.1475,528
 RAW,271.750,1,991,973,1000,752,610,892,584.1,534.0,619.1,0
 RAW,271.875,0,257,394,49,287,394,526,509.8,499.0,595.8,0
 RAW,272.000,1,72,95,136,257,279,136,446.6,444.0,480.9,0
 RAW,272.125,0,982,894,1014,287,394,526,406.7,431.5,492.2,0
 RAW,272.250,1,635,679,381,635,679,381,463.8,493.4,464.4,0
 RAW,272.375,0,53,63,56,257,394,136,412.1,468.5,382.3,0
 RAW,272.500,1,841,668,1018,635,668,381,467.8,518.4,382.0,1
 RAW,272.625,0,923,910,854,841,679,854,561.1,558.6,500.0,0
 PROC,272.625,1,94,40,2.3500,1.4370,1.3582,+73.02,+5.80,-0.5349,0.0110,440
 RAW,272.750,1,56,135,38,635,668,381,579.6,585.9,470.2,0
 RAW,272.875,0,382,343,651,382,343,651,530.2,525.2,515.4,0
 PROC,272.875,1,49,60,0.8167,1.3129,1.3582,-39.87,-3.33,0.4980,0.1084,492
 RAW,273.000,1,988,969,991,841,668,854,607.9,560.9,600.1,0
 RAW,273.125,0,190,349,42,382,349,651,551.4,507.9,612.8,0
 PROC,273.125,1,56,53,1.0566,1.2617,1.3582,-22.21,-7.11,0.2498,0.1367,606
 RAW,273.250,1,79,104,161,190,343,161,461.1,466.7,499.8,0
 RAW,273.375,0,982,923,1016,382,349,651,441.3,437.3,537.6,1
 RAW,273.500,1,566,624,282,566,624,282,472.5,483.9,473.7,0
 RAW,273.625,0,53,65,77,190,349,161,401.9,450.2,395.5,0
 RAW,273.750,1,923,722,1016,566,624,282,442.9,493.7,367.2,1
 RAW,273.875,0,906,890,818,906,722,818,558.7,550.7,479.9,0
 PROC,273.875,1,116,57,2.0351,1.4164,1.3582,+49.84,+4.28,-0.3990,0.0296,423
 RAW,274.000,1,52,99,34,566,624,282,560.5,569.1,430.4,0
 RAW,274.125,0,458,410,788,458,410,788,534.9,529.3,519.8,0
 PROC,274.125,1,26,40,0.6500,1.2631,1.3582,-52.14,-7.00,0.7369,0.1710,474
 RAW,274.250,1,983,961,976,906,722,818,627.7,577.5,594.4,0
 RAW,274.375,0,127,310,51,458,410,788,585.2,535.6,642.8,0
 PROC,274.375,1,42,42,1.0000,1.2105,1.3582,-26.37,-10.88,0.3038,0.1976,618
 RAW,274.500,1,97,123,197,127,310,197,470.7,479.2,531.3,0
 RAW,274.625,0,987,965,1013,458,410,788,467.5,461.9,595.5,0
 RAW,274.750,1,490,559,158,490,559,197,473.1,486.2,495.9,0
 RAW,274.875,0,50,69,78,127,310,158,386.6,442.1,411.4,0
 PROC,274.875,1,87,44,1.9773,1.3638,1.3582,+45.58,+0.41,-0.3712,0.0838,453
 RAW,275.000,1,976,756,1015,490,559,197,412.5,471.3,357.8,1
 RAW,275.125,0,877,867,773,877,756,773,528.6,542.5,461.6,0
 PROC,275.125,1,116,71,1.6338,1.4178,1.3582,+20.29,+4.39,-0.1842,0.0302,409
 RAW,275.250,1,52,63,33,490,559,158,518.9,546.6,385.7,0
 RAW,275.375,0,546,479,925,546,479,773,525.7,529.7,482.5,0
 RAW,275.500,1,978,950,957,877,756,925,613.5,586.3,593.1,0
 RAW,275.625,0,78,271,41,546,479,773,596.6,559.5,638.1,0
 RAW,275.750,1,124,144,248,124,271,248,478.5,487.4,540.6,0
 RAW,275.875,0,986,974,1001,546,479,925,495.4,485.3,636.7,0
 RAW,276.000,1,417,502,58,417,502,248,475.8,489.4,539.5,0
 RAW,276.125,0,49,80,104,124,271,104,387.8,434.8,430.6,0
 PROC,276.125,1,88,55,1.6000,1.4543,1.3582,+17.80,+7.07,-0.1635,-0.0085,484
 RAW,276.250,1,981,805,1019,417,502,248,395.1,451.6,385.0,1
 RAW,276.375,0,836,833,675,836,805,675,505.3,540.0,457.5,0
 PROC,276.375,1,110,88,1.2500,1.4134,1.3582,-7.97,+4.06,0.0830,0.0098,420
 RAW,276.500,1,55,57,37,417,502,104,483.3,530.5,369.1,0
 RAW,276.625,0,648,549,1002,648,549,675,524.4,535.1,445.6,0
 RAW,276.750,1,972,940,929,836,805,929,602.3,602.6,566.4,0
 RAW,276.875,0,55,220,40,648,549,675,613.7,589.2,593.6,0
 RAW,277.000,1,190,193,368,190,220,368,507.8,496.9,537.2,0
 RAW,277.125,0,993,980,1013,648,549,929,542.9,509.9,635.1,0
 RAW,277.250,1,341,452,54,341,452,368,492.4,495.4,568.4,0
 RAW,277.375,0,57,88,120,190,220,120,416.8,426.6,456.3,0
 PROC,277.375,1,76,69,1.1014,1.3510,1.3582,-18.90,-0.53,0.2088,0.0496,512
 RAW,277.500,1,981,852,1014,341,452,368,397.8,432.9,434.2,0
 RAW,277.625,0,751,775,565,751,775,565,486.1,518.5,466.9,0
 PROC,277.625,1,89,86,1.0349,1.2878,1.3582,-23.80,-5.18,0.2702,0.0937,450
 RAW,277.750,1,53,54,43,341,452,120,449.9,501.8,380.2,0
 RAW,277.875,0,726,596,1006,726,596,565,518.9,525.4,426.4,0
 RAW,278.000,1,949,927,910,751,775,910,576.9,587.8,547.3,0
 RAW,278.125,0,56,185,40,726,596,565,614.2,589.8,551.7,0
 RAW,278.250,1,261,257,479,261,257,479,525.9,506.6,533.5,0
 RAW,278.375,0,992,972,996,726,596,910,575.9,529.0,627.7,0
 RAW,278.500,1,278,409,50,278,409,479,501.4,499.0,590.5,0
 RAW,278.625,0,71,91,135,261,257,135,441.3,438.5,476.6,0
 PROC,278.625,1,60,60,1.0000,1.2302,1.3582,-26.37,-9.42,0.3038,0.1357,533
 RAW,278.750,1,983,882,1013,278,409,479,400.5,431.1,477.2,0
 RAW,278.875,0,662,695,415,662,695,415,465.9,497.1,461.7,0
 PROC,278.875,1,65,66,0.9848,1.1812,1.3582,-27.49,-13.04,0.3187,0.1723,469
 RAW,279.000,1,55,60,52,278,409,135,418.9,475.1,380.0,0
 RAW,279.125,0,817,658,1018,662,658,415,479.7,520.8,388.7,1
 PROC,279.125,1,61,45,1.3556,1.2160,1.3582,-0.19,-10.47,0.0019,0.1382,383
 RAW,279.250,1,929,919,872,817,695,872,564.0,564.3,509.6,0
 RAW,279.375,0,55,138,37,662,658,415,588.5,587.8,485.9,0
 RAW,279.500,1,372,339,635,372,339,635,534.4,525.6,523.2,0
 RAW,279.625,0,991,971,991,817,658,872,605.0,558.7,610.4,0
 RAW,279.750,1,189,346,45,372,346,635,546.8,505.5,616.5,0
 RAW,279.875,0,82,103,159,189,339,159,457.3,463.9,502.2,0
 PROC,279.875,1,89,42,2.1190,1.3966,1.3582,+56.02,+2.83,-0.4376,0.0231,559
 RAW,280.000,1,982,929,1015,372,346,635,436.0,434.4,535.4,1
 RAW,280.125,0,574,628,297,574,628,297,470.5,482.8,475.8,0
 PROC,280.125,1,35,48,0.7292,1.2631,1.3582,-46.31,-7.00,0.6027,0.1390,505
 RAW,280.250,1,54,66,69,189,346,159,400.1,448.6,396.6,0
 RAW,280.375,0,924,721,1014,574,628,297,443.6,493.5,371.7,0
 PROC,280.375,1,43,45,0.9556,1.2016,1.3582,-29.65,-11.53,0.3480,0.1808,383
 RAW,280.500,1,915,896,827,915,721,827,561.4,550.3,485.5,0
 RAW,280.625,0,51,88,33,574,628,297,564.6,569.8,438.4,0
 RAW,280.750,1,474,421,807,474,421,807,541.9,532.6,530.5,0
 RAW,280.875,0,983,962,977,915,721,827,635.2,579.7,604.7,0
 PROC,280.875,1,94,47,2.0000,1.3613,1.3582,+47.25,+0.23,-0.3822,0.0682,567
 RAW,281.000,1,113,298,49,474,421,807,594.9,540.0,655.2,0
 RAW,281.125,0,106,130,210,113,298,210,474.4,479.5,543.9,0
 PROC,281.125,1,120,61,1.9672,1.4825,1.3582,+44.84,+9.15,-0.3663,-0.0187,599
 RAW,281.250,1,983,978,1012,474,421,807,474.3,464.9,609.7,0
 RAW,281.375,0,469,541,123,469,541,210,473.0,483.9,509.8,0
 RAW,281.500,1,53,69,79,113,298,123,383.0,437.4,413.1,0
 RAW,281.625,0,980,781,1016,469,541,210,404.5,463.3,362.3,1
 RAW,281.750,1,867,862,741,867,781,741,520.1,542.7,457.0,0
 RAW,281.875,0,54,56,44,469,541,123,507.3,542.3,373.5,0
 RAW,282.000,1,597,519,988,597,519,741,529.8,536.5,465.4,0
 RAW,282.125,0,974,950,952,867,781,952,614.1,597.6,587.0,0
 PROC,282.125,1,85,61,1.3934,1.4647,1.3582,+2.59,+7.84,-0.0256,-0.0201,526
 RAW,282.250,1,57,251,42,597,519,741,609.8,578.0,625.5,0
 RAW,282.375,0,155,170,316,155,251,316,496.1,496.2,548.1,0
 PROC,282.375,1,113,81,1.3951,1.4508,1.3582,+2.71,+6.81,-0.0268,-0.0214,586
 RAW,282.500,1,987,976,1013,597,519,952,521.3,501.9,649.1,0
 RAW,282.625,0,370,475,54,370,475,316,483.5,495.2,565.8,0
 RAW,282.750,1,56,83,106,155,251,106,401.4,434.1,450.9,0
 RAW,282.875,0,985,814,1012,370,475,316,393.5,444.4,417.2,0
 RAW,283.000,1,778,791,598,778,791,598,489.6,531.0,462.4,0
 RAW,283.125,0,53,54,35,370,475,106,459.7,517.0,373.3,0
 RAW,283.250,1,695,573,1003,695,573,598,518.6,531.0,429.5,0
 RAW,283.375,0,955,929,914,778,791,914,583.4,596.0,550.6,0
 PROC,283.375,1,65,65,1.0000,1.3606,1.3582,-26.37,+0.18,0.3038,0.0436,489
 RAW,283.500,1,57,201,41,695,573,598,611.3,590.3,562.4,0
 RAW,283.625,0,253,248,460,253,248,460,521.7,504.7,536.8,0
 PROC,283.625,1,90,86,1.0465,1.2978,1.3582,-22.95,-4.45,0.2592,0.0867,549
 RAW,283.750,1,991,973,997,695,573,914,565.0,521.8,631.1,0
 RAW,283.875,0,292,418,51,292,418,460,496.8,495.8,588.3,0
 RAW,284.000,1,66,94,132,253,248,132,435.8,433.9,474.3,0
 RAW,284.125,0,983,879,1013,292,418,460,399.9,429.9,470.7,0
 RAW,284.250,1,677,714,440,677,714,440,469.2,500.9,463.0,0
 RAW,284.375,0,55,60,51,292,418,132,424.9,480.2,380.3,0
 RAW,284.500,1,807,646,1018,677,646,440,487.9,521.6,395.2,1
 RAW,284.625,0,934,915,871,807,714,871,567.7,569.7,514.1,0
 PROC,284.625,1,80,48,1.6667,1.3716,1.3582,+22.71,+0.98,-0.2040,0.0286,454
 RAW,284.750,1,55,141,36,677,646,440,595.0,588.8,495.6,0
 RAW,284.875,0,377,340,638,377,340,638,540.5,526.6,531.2,0
 PROC,284.875,1,55,62,0.8871,1.2747,1.3582,-34.69,-6.15,0.4196,0.1068,513
 RAW,285.000,1,989,971,991,807,646,871,607.1,556.5,616.2,0
 RAW,285.125,0,185,341,41,377,341,638,549.6,502.6,621.6,0
 PROC,285.125,1,58,54,1.0741,1.2345,1.3582,-20.92,-9.10,0.2336,0.1322,618
 RAW,285.250,1,82,105,163,185,340,163,458.4,461.9,507.0,0
 RAW,285.375,0,982,933,1015,377,341,638,438.1,431.7,539.7,1
 RAW,285.500,1,557,611,264,557,611,264,467.8,476.5,470.8,0
 RAW,285.625,0,50,70,72,185,341,163,397.1,442.6,393.8,0
 RAW,285.750,1,944,735,1013,557,611,264,437.1,484.7,361.4,0
 RAW,285.875,0,901,885,802,901,735,802,553.1,547.3,471.5,0
 PROC,285.875,1,116,63,1.8413,1.3559,1.3582,+35.57,-0.17,-0.3020,0.0453,416
 RAW,286.000,1,55,81,36,557,611,264,554.0,563.2,419.7,0
 RAW,286.125,0,503,445,859,503,445,802,541.3,533.7,515.2,0
 RAW,286.250,1,980,957,968,901,735,859,631.2,584.0,601.2,0
 RAW,286.375,0,89,278,43,503,445,802,599.2,549.3,651.4,0
 RAW,286.500,1,117,136,229,117,278,229,478.6,481.4,545.8,0
 RAW,286.625,0,986,980,1003,503,445,859,484.7,472.3,624.1,0
 RAW,286.750,1,420,506,61,420,506,229,468.5,480.7,525.3,0
 RAW,286.875,0,53,75,96,117,278,96,380.7,430.1,418.0,0
 PROC,286.875,1,88,50,1.7600,1.4367,1.3582,+29.58,+5.78,-0.2577,-0.0153,471
 RAW,287.000,1,983,801,1020,420,506,229,390.5,449.0,370.7,1
 RAW,287.125,0,838,836,670,838,801,670,502.4,537.0,445.6,0
 PROC,287.125,1,112,88,1.2727,1.4039,1.3582,-6.29,+3.37,0.0650,0.0008,407
 RAW,287.250,1,55,57,37,420,506,96,481.8,529.3,358.2,0
 RAW,287.375,0,656,552,1005,656,552,670,525.3,535.0,436.1,0
 RAW,287.500,1,967,938,931,838,801,931,603.5,601.5,559.8,0
 RAW,287.625,0,53,209,46,656,552,670,616.6,589.1,587.4,0
 RAW,287.750,1,227,227,402,227,227,402,519.2,498.6,541.0,0
 RAW,287.875,0,994,980,1012,656,552,931,553.4,511.9,638.5,0
 RAW,288.000,1,319,437,56,319,437,402,494.8,493.2,579.4,0
 RAW,288.125,0,61,85,126,227,227,126,427.9,426.6,466.0,0
 PROC,288.125,1,67,67,1.0000,1.3231,1.3582,-26.37,-2.58,0.3038,0.0614,522
 RAW,288.250,1,982,857,1015,319,437,402,400.6,429.2,450.0,1
 RAW,288.375,0,726,746,510,726,746,510,482.0,508.4,465.0,0
 PROC,288.375,1,81,79,1.0253,1.2636,1.3582,-24.51,-6.97,0.2793,0.1050,457
 RAW,288.500,1,59,62,53,319,437,126,441.2,490.6,380.3,0
 RAW,288.625,0,759,616,1013,726,616,510,512.4,521.9,412.7,0
 RAW,288.750,1,940,922,894,759,746,894,574.1,577.9,533.0,0
 RAW,288.875,0,55,158,34,726,616,510,612.1,587.5,527.3,0
 RAW,289.000,1,334,313,591,334,313,591,542.5,518.8,543.2,0
 RAW,289.125,0,994,971,994,759,616,894,596.7,543.1,630.9,0
 RAW,289.250,1,221,368,42,334,368,591,531.0,499.4,620.9,0
 RAW,289.375,0,76,113,148,221,313,148,453.5,452.8,502.7,0
 PROC,289.375,1,77,47,1.6383,1.3385,1.3582,+20.62,-1.45,-0.1870,0.0466,561
 RAW,289.500,1,981,918,1011,334,368,591,423.6,431.6,524.8,0
 RAW,289.625,0,590,648,321,590,648,321,465.2,485.7,473.8,0
 PROC,289.625,1,42,54,0.7778,1.2264,1.3582,-42.73,-9.71,0.5435,0.1460,498
 RAW,289.750,1,52,63,63,221,368,148,404.2,456.3,392.4,0
 RAW,289.875,0,900,706,1016,590,648,321,450.6,504.2,374.5,1
 PROC,289.875,1,46,48,0.9583,1.1728,1.3582,-29.44,-13.65,0.3452,0.1858,383
 RAW,290.000,1,902,892,826,900,706,826,563.0,554.6,487.4,0
 RAW,290.125,0,52,100,34,590,648,321,569.7,578.0,445.8,0
 RAW,290.250,1,446,400,762,446,400,762,538.8,533.5,524.8,0
 RAW,290.375,0,986,958,974,900,706,826,629.1,576.6,600.1,0
 PROC,290.375,1,91,43,2.1163,1.3615,1.3582,+55.82,+0.24,-0.4364,0.0614,562
 RAW,290.500,1,127,308,50,446,400,762,583.3,532.5,640.6,0
 RAW,290.625,0,102,120,192,127,308,192,469.2,476.3,528.5,0
 PROC,290.625,1,114,56,2.0357,1.4963,1.3582,+49.88,+10.17,-0.3993,-0.0307,584
 RAW,290.750,1,986,969,1014,446,400,762,463.4,457.3,586.8,0
 RAW,290.875,0,493,563,170,493,563,192,470.8,483.7,488.1,0
 RAW,291.000,1,52,71,75,127,308,170,384.9,439.8,408.6,0
 RAW,291.125,0,979,761,1016,493,563,192,411.9,470.6,354.4,1
 RAW,291.250,1,885,873,770,885,761,770,530.2,543.2,458.3,0
 RAW,291.375,0,54,58,37,493,563,170,520.9,548.1,386.3,0
 RAW,291.500,1,563,491,945,563,491,770,531.4,533.9,482.2,0
 RAW,291.625,0,976,948,951,885,761,945,619.8,590.6,597.9,0
 PROC,291.625,1,88,57,1.5439,1.5058,1.3582,+13.67,+10.87,-0.1280,-0.0502,539
 RAW,291.750,1,60,253,43,563,491,770,605.6,565.7,640.9,0
 RAW,291.875,0,131,151,266,131,253,266,487.0,487.5,547.2,0
 PROC,291.875,1,119,78,1.5256,1.5098,1.3582,+12.33,+11.16,-0.1161,-0.0634,593
 RAW,292.000,1,984,973,1003,563,491,945,506.0,488.4,646.6,0
 RAW,292.125,0,395,490,57,395,490,266,478.2,488.8,551.5,0
 RAW,292.250,1,53,76,97,131,253,97,391.4,429.9,437.9,0
 RAW,292.375,0,982,810,1018,395,490,266,392.3,444.9,394.9,1
 RAW,292.500,1,827,824,661,827,810,661,501.0,536.2,461.4,0
 RAW,292.625,0,55,55,31,395,490,97,474.5,524.6,370.3,0
 RAW,292.750,1,660,554,999,660,554,661,520.9,532.0,443.0,0
 RAW,292.875,0,966,942,931,827,810,931,597.4,601.5,565.0,0
 PROC,292.875,1,77,70,1.1000,1.4278,1.3582,-19.01,+5.13,0.2101,-0.0087,503
 RAW,293.000,1,52,219,41,660,554,661,613.1,589.6,589.0,0
 RAW,293.125,0,213,214,392,213,219,392,513.0,497.0,539.7,0
 PROC,293.125,1,100,93,1.0753,1.3573,1.3582,-20.83,-0.06,0.2325,0.0396,563
 RAW,293.250,1,992,980,1011,660,554,931,549.8,511.2,637.6,0
 RAW,293.375,0,320,437,54,320,437,392,492.3,492.7,576.2,0
 RAW,293.500,1,62,88,120,213,219,120,422.5,424.2,462.1,0
 RAW,293.625,0,982,858,1014,320,437,392,396.9,427.4,444.6,0
 RAW,293.750,1,732,747,525,732,747,525,480.7,507.3,464.7,0
 RAW,293.875,0,57,57,52,320,437,120,440.5,489.7,378.5,0
 RAW,294.000,1,747,608,1010,732,608,525,513.4,519.3,415.1,0
 RAW,294.125,0,943,923,891,747,747,891,571.8,576.2,534.1,0
 PROC,294.125,1,58,57,1.0175,1.2894,1.3582,-25.08,-5.07,0.2868,0.0890,474
 RAW,294.250,1,53,175,36,732,608,525,611.8,584.2,531.8,0
 RAW,294.375,0,288,277,519,288,277,519,530.9,507.4,528.6,0
 PROC,294.375,1,81,77,1.0519,1.2419,1.3582,-22.55,-8.56,0.2541,0.1220,529
 RAW,294.500,1,990,972,997,747,608,891,584.9,532.5,619.2,0
 RAW,294.625,0,258,395,48,288,395,519,510.7,498.2,594.2,0
 RAW,294.750,1,72,93,139,258,277,139,447.5,442.9,480.4,0
 RAW,294.875,0,982,899,1012,288,395,519,407.6,430.9,490.0,0
 RAW,295.000,1,644,683,393,644,683,393,466.7,493.9,465.8,0
 RAW,295.125,0,55,59,54,258,395,139,414.5,469.2,384.1,0
 RAW,295.250,1,842,670,1018,644,670,393,471.9,519.4,386.3,1
 RAW,295.375,0,926,910,859,842,683,859,564.4,560.3,504.5,0
 PROC,295.375,1,93,41,2.2683,1.4472,1.3582,+67.01,+6.55,-0.5019,-0.0028,445
 RAW,295.500,1,54,131,37,644,670,393,584.3,587.7,476.6,0
 RAW,295.625,0,402,362,678,402,362,678,538.7,531.3,527.0,0
 PROC,295.625,1,46,56,0.8214,1.3220,1.3582,-39.52,-2.66,0.4925,0.0963,501
 RAW,295.750,1,986,968,986,842,670,859,614.6,566.0,610.0,0
 RAW,295.875,0,176,338,41,402,362,678,561.4,515.0,627.0,0
 PROC,295.875,1,53,51,1.0392,1.2655,1.3582,-23.49,-6.83,0.2661,0.1303,617
 RAW,296.000,1,87,107,171,176,338,171,465.1,470.7,513.0,0
 RAW,296.125,0,984,937,1013,402,362,678,449.3,443.5,554.2,0
 RAW,296.250,1,555,607,259,555,607,259,475.7,484.4,480.4,0
 RAW,296.375,0,54,65,67,176,338,171,400.8,447.8,403.1,0
 RAW,296.500,1,936,730,1011,555,607,259,439.3,487.6,367.1,0
 RAW,296.625,0,907,888,806,907,730,806,556.3,548.2,476.8,0
 PROC,296.625,1,117,61,1.9180,1.3960,1.3582,+41.22,+2.78,-0.3418,0.0359,421
 RAW,296.750,1,51,85,37,555,607,259,555.9,562.9,422.3,0
 RAW,296.875,0,481,429,823,481,429,806,537.2,529.4,518.3,0
 RAW,297.000,1,984,964,983,907,730,823,629.7,579.6,594.4,0
 RAW,297.125,0,104,293,47,481,429,806,592.5,541.9,647.3,0
 RAW,297.250,1,103,127,208,104,293,208,470.4,479.7,537.5,0
 RAW,297.375,0,985,978,1014,481,429,823,473.0,467.0,608.9,0
 RAW,297.500,1,462,537,117,462,537,208,470.3,484.5,508.7,0
 RAW,297.625,0,49,71,82,104,293,117,378.7,436.6,410.7,0
 PROC,297.625,1,92,48,1.9167,1.5001,1.3582,+41.12,+10.45,-0.3411,-0.0395,459
 RAW,297.750,1,980,778,1016,462,537,208,399.5,461.7,360.1,1
 RAW,297.875,0,867,859,749,867,778,749,516.4,540.8,457.3,0
 PROC,297.875,1,117,79,1.4810,1.4963,1.3582,+9.04,+10.17,-0.0865,-0.0489,408
 RAW,298.000,1,55,60,43,462,537,117,502.8,539.8,372.2,0
 RAW,298.125,0,587,508,984,587,508,749,523.8,531.9,466.4,0
 RAW,298.250,1,977,946,959,867,778,959,609.6,593.4,589.6,0
 RAW,298.375,0,58,250,41,587,508,749,604.0,572.1,629.4,0
 RAW,298.500,1,145,164,305,145,250,305,489.2,491.5,548.3,0
 RAW,298.625,0,987,975,1010,587,508,959,513.7,495.7,651.0,0
 RAW,298.750,1,379,478,53,379,478,305,480.0,491.2,564.5,0
 RAW,298.875,0,56,80,101,145,250,101,396.3,430.9,448.6,0
 PROC,298.875,1,84,61,1.3770,1.4724,1.3582,+1.39,+8.41,-0.0138,-0.0419,506
 RAW,299.000,1,983,824,1013,379,478,305,391.9,442.7,412.7,0
 RAW,299.125,0,796,802,621,796,802,621,493.0,532.5,464.8,0
 PROC,299.125,1,101,90,1.1222,1.4024,1.3582,-17.37,+3.25,0.1903,0.0045,438
 RAW,299.250,1,52,51,30,379,478,101,464.5,518.9,373.8,0
 RAW,299.375,0,687,571,1006,687,571,621,520.1,531.9,435.6,0
 RAW,299.500,1,959,932,920,796,802,920,589.1,599.4,556.7,0
 RAW,299.625,0,57,199,43,687,571,621,613.6,592.3,572.8,0
 RAW,299.750,1,238,232,426,238,232,426,519.7,502.2,536.1,0
 RAW,299.875,0,996,978,1007,687,571,920,561.5,519.4,632.1,0
 RAW,300.000,1,300,426,55,300,426,426,496.1,496.1,580.6,0
 RAW,300.125,0,71,86,119,238,232,119,431.6,430.1,465.2,0
 PROC,300.125,1,65,66,0.9848,1.3189,1.3582,-27.49,-2.89,0.3187,0.0674,522
 RAW,300.250,1,981,870,1012,300,426,426,398.7,429.0,455.4,0
 RAW,300.375,0,709,732,479,709,732,479,476.3,504.8,461.3,0
 PROC,300.375,1,78,75,1.0400,1.2631,1.3582,-23.43,-7.00,0.2654,0.1070,458
 RAW,300.500,1,57,61,51,300,426,119,432.2,485.1,375.7,0