:0200000460009A
:100000004643464200000156000000000101020084
:1000100000000000000000000000000000000000E0
:1000200000000000000000000000000000000000D0
:1000300000000000000000000000000000000000C0
:1000400000000000010403000000000000000000A8
:100050000000200000000000000000000000000080
:100060000000000000000000000000000000000090
:100070000000000000000000000000000000000080
:10008000EB04180A063204260000000000000000FD
:10009000050404240000000000000000000000002F
:1000A0000000000000000000000000000000000050
:1000B0000604000000000000000000000000000036
:1000C0000000000000000000000000000000000030
:1000D00020041808000000000000000000000000DC
:1000E0000000000000000000000000000000000010
:1000F0000000000000000000000000000000000000
:1001000000000000000000000000000000000000EF
:100110000204180804200000000000000000000095
:1001200000000000000000000000000000000000CF
:10013000600400000000000000000000000000005B
:1001400000000000000000000000000000000000AF
:10015000000000000000000000000000000000009F
:10016000000000000000000000000000000000008F
:10017000000000000000000000000000000000007F
:10018000000000000000000000000000000000006F
:10019000000000000000000000000000000000005F
:1001A000000000000000000000000000000000004F
:1001B000000000000000000000000000000000003F
:1001C000000100000010000001000000000000001D
:1001D000000000000000000000000000000000001F
:1001E000000000000000000000000000000000000F
:1001F00000000000000000000000000000000000FF
:10020000D4D4D4D4D4D4D4D4D4D4D4D4D4D4D4D4AE
:10021000D4D4D4D4D4D4D4D4D4D4D4D4D4D4D4D49E
:10022000D4D4D4D4D4D4D4D4D4D4D4D4D4D4D4D48E
:10023000D4D4D4D4D4D4D4D4D4D4D4D4D4D4D4D47E
:10024000D4D4D4D4D4D4D4D4D4D4D4D4D4D4D4D46E
:10025000D4D4D4D4D4D4D4D4D4D4D4D4D4D4D4D45E
:10026000D4D4D4D4D4D4D4D4D4D4D4D4D4D4D4D44E
:10027000D4D4D4D4D4D4D4D4D4D4D4D4D4D4D4D43E
:10028000D4D4D4D4D4D4D4D4D4D4D4D4D4D4D4D42E
:10029000D4D4D4D4D4D4D4D4D4D4D4D4D4D4D4D41E
:1002A000D4D4D4D4D4D4D4D4D4D4D4D4D4D4D4D40E
:1002B000D4D4D4D4D4D4D4D4D4D4D4D4D4D4D4D4FE
:1002C000D4D4D4D4D4D4D4D4D4D4D4D4D4D4D4D4EE
:1002D000D4D4D4D4D4D4D4D4D4D4D4D4D4D4D4D4DE
:1002E000D4D4D4D4D4D4D4D4D4D4D4D4D4D4D4D4CE
:1002F000D4D4D4D4D4D4D4D4D4D4D4D4D4D4D4D4BE
:10030000D4D4D4D4D4D4D4D4D4D4D4D4D4D4D4D4AD
:10031000D4D4D4D4D4D4D4D4D4D4D4D4D4D4D4D49D
:10032000D4D4D4D4D4D4D4D4D4D4D4D4D4D4D4D48D
:10033000D4D4D4D4D4D4D4D4D4D4D4D4D4D4D4D47D
:10034000D4D4D4D4D4D4D4D4D4D4D4D4D4D4D4D46D
:10035000D4D4D4D4D4D4D4D4D4D4D4D4D4D4D4D45D
:10036000D4D4D4D4D4D4D4D4D4D4D4D4D4D4D4D44D
:10037000D4D4D4D4D4D4D4D4D4D4D4D4D4D4D4D43D
:10038000D4D4D4D4D4D4D4D4D4D4D4D4D4D4D4D42D
:10039000D4D4D4D4D4D4D4D4D4D4D4D4D4D4D4D41D
:1003A000D4D4D4D4D4D4D4D4D4D4D4D4D4D4D4D40D
:1003B000D4D4D4D4D4D4D4D4D4D4D4D4D4D4D4D4FD
:1003C000D4D4D4D4D4D4D4D4D4D4D4D4D4D4D4D4ED
:1003D000D4D4D4D4D4D4D4D4D4D4D4D4D4D4D4D4DD
:1003E000D4D4D4D4D4D4D4D4D4D4D4D4D4D4D4D4CD
:1003F000D4D4D4D4D4D4D4D4D4D4D4D4D4D4D4D4BD
:10040000D4D4D4D4D4D4D4D4D4D4D4D4D4D4D4D4AC
:10041000D4D4D4D4D4D4D4D4D4D4D4D4D4D4D4D49C
:10042000D4D4D4D4D4D4D4D4D4D4D4D4D4D4D4D48C
:10043000D4D4D4D4D4D4D4D4D4D4D4D4D4D4D4D47C
:10044000D4D4D4D4D4D4D4D4D4D4D4D4D4D4D4D46C
:10045000D4D4D4D4D4D4D4D4D4D4D4D4D4D4D4D45C
:10046000D4D4D4D4D4D4D4D4D4D4D4D4D4D4D4D44C
:10047000D4D4D4D4D4D4D4D4D4D4D4D4D4D4D4D43C
:10048000D4D4D4D4D4D4D4D4D4D4D4D4D4D4D4D42C
:10049000D4D4D4D4D4D4D4D4D4D4D4D4D4D4D4D41C
:1004A000D4D4D4D4D4D4D4D4D4D4D4D4D4D4D4D40C
:1004B000D4D4D4D4D4D4D4D4D4D4D4D4D4D4D4D4FC
:1004C000D4D4D4D4D4D4D4D4D4D4D4D4D4D4D4D4EC
:1004D000D4D4D4D4D4D4D4D4D4D4D4D4D4D4D4D4DC
:1004E000D4D4D4D4D4D4D4D4D4D4D4D4D4D4D4D4CC
:1004F000D4D4D4D4D4D4D4D4D4D4D4D4D4D4D4D4BC
:10050000D4D4D4D4D4D4D4D4D4D4D4D4D4D4D4D4AB
:10051000D4D4D4D4D4D4D4D4D4D4D4D4D4D4D4D49B
:10052000D4D4D4D4D4D4D4D4D4D4D4D4D4D4D4D48B
:10053000D4D4D4D4D4D4D4D4D4D4D4D4D4D4D4D47B
:10054000D4D4D4D4D4D4D4D4D4D4D4D4D4D4D4D46B
:10055000D4D4D4D4D4D4D4D4D4D4D4D4D4D4D4D45B
:10056000D4D4D4D4D4D4D4D4D4D4D4D4D4D4D4D44B
:10057000D4D4D4D4D4D4D4D4D4D4D4D4D4D4D4D43B
:10058000D4D4D4D4D4D4D4D4D4D4D4D4D4D4D4D42B
:10059000D4D4D4D4D4D4D4D4D4D4D4D4D4D4D4D41B
:1005A000D4D4D4D4D4D4D4D4D4D4D4D4D4D4D4D40B
:1005B000D4D4D4D4D4D4D4D4D4D4D4D4D4D4D4D4FB
:1005C000D4D4D4D4D4D4D4D4D4D4D4D4D4D4D4D4EB
:1005D000D4D4D4D4D4D4D4D4D4D4D4D4D4D4D4D4DB
:1005E000D4D4D4D4D4D4D4D4D4D4D4D4D4D4D4D4CB
:1005F000D4D4D4D4D4D4D4D4D4D4D4D4D4D4D4D4BB
:10060000D4D4D4D4D4D4D4D4D4D4D4D4D4D4D4D4AA
:10061000D4D4D4D4D4D4D4D4D4D4D4D4D4D4D4D49A
:10062000D4D4D4D4D4D4D4D4D4D4D4D4D4D4D4D48A
:10063000D4D4D4D4D4D4D4D4D4D4D4D4D4D4D4D47A
:10064000D4D4D4D4D4D4D4D4D4D4D4D4D4D4D4D46A
:10065000D4D4D4D4D4D4D4D4D4D4D4D4D4D4D4D45A
:10066000D4D4D4D4D4D4D4D4D4D4D4D4D4D4D4D44A
:10067000D4D4D4D4D4D4D4D4D4D4D4D4D4D4D4D43A
:10068000D4D4D4D4D4D4D4D4D4D4D4D4D4D4D4D42A
:10069000D4D4D4D4D4D4D4D4D4D4D4D4D4D4D4D41A
:1006A000D4D4D4D4D4D4D4D4D4D4D4D4D4D4D4D40A
:1006B000D4D4D4D4D4D4D4D4D4D4D4D4D4D4D4D4FA
:1006C000D4D4D4D4D4D4D4D4D4D4D4D4D4D4D4D4EA
:1006D000D4D4D4D4D4D4D4D4D4D4D4D4D4D4D4D4DA
:1006E000D4D4D4D4D4D4D4D4D4D4D4D4D4D4D4D4CA
:1006F000D4D4D4D4D4D4D4D4D4D4D4D4D4D4D4D4BA
:10070000D4D4D4D4D4D4D4D4D4D4D4D4D4D4D4D4A9
:10071000D4D4D4D4D4D4D4D4D4D4D4D4D4D4D4D499
:10072000D4D4D4D4D4D4D4D4D4D4D4D4D4D4D4D489
:10073000D4D4D4D4D4D4D4D4D4D4D4D4D4D4D4D479
:10074000D4D4D4D4D4D4D4D4D4D4D4D4D4D4D4D469
:10075000D4D4D4D4D4D4D4D4D4D4D4D4D4D4D4D459
:10076000D4D4D4D4D4D4D4D4D4D4D4D4D4D4D4D449
:10077000D4D4D4D4D4D4D4D4D4D4D4D4D4D4D4D439
:10078000D4D4D4D4D4D4D4D4D4D4D4D4D4D4D4D429
:10079000D4D4D4D4D4D4D4D4D4D4D4D4D4D4D4D419
:1007A000D4D4D4D4D4D4D4D4D4D4D4D4D4D4D4D409
:1007B000D4D4D4D4D4D4D4D4D4D4D4D4D4D4D4D4F9
:1007C000D4D4D4D4D4D4D4D4D4D4D4D4D4D4D4D4E9
:1007D000D4D4D4D4D4D4D4D4D4D4D4D4D4D4D4D4D9
:1007E000D4D4D4D4D4D4D4D4D4D4D4D4D4D4D4D4C9
:1007F000D4D4D4D4D4D4D4D4D4D4D4D4D4D4D4D4B9
:10080000D4D4D4D4D4D4D4D4D4D4D4D4D4D4D4D4A8
:10081000D4D4D4D4D4D4D4D4D4D4D4D4D4D4D4D498
:10082000D4D4D4D4D4D4D4D4D4D4D4D4D4D4D4D488
:10083000D4D4D4D4D4D4D4D4D4D4D4D4D4D4D4D478
:10084000D4D4D4D4D4D4D4D4D4D4D4D4D4D4D4D468
:10085000D4D4D4D4D4D4D4D4D4D4D4D4D4D4D4D458
:10086000D4D4D4D4D4D4D4D4D4D4D4D4D4D4D4D448
:10087000D4D4D4D4D4D4D4D4D4D4D4D4D4D4D4D438
:10088000D4D4D4D4D4D4D4D4D4D4D4D4D4D4D4D428
:10089000D4D4D4D4D4D4D4D4D4D4D4D4D4D4D4D418
:1008A000D4D4D4D4D4D4D4D4D4D4D4D4D4D4D4D408
:1008B000D4D4D4D4D4D4D4D4D4D4D4D4D4D4D4D4F8
:1008C000D4D4D4D4D4D4D4D4D4D4D4D4D4D4D4D4E8
:1008D000D4D4D4D4D4D4D4D4D4D4D4D4D4D4D4D4D8
:1008E000D4D4D4D4D4D4D4D4D4D4D4D4D4D4D4D4C8
:1008F000D4D4D4D4D4D4D4D4D4D4D4D4D4D4D4D4B8
:10090000D4D4D4D4D4D4D4D4D4D4D4D4D4D4D4D4A7
:10091000D4D4D4D4D4D4D4D4D4D4D4D4D4D4D4D497
:10092000D4D4D4D4D4D4D4D4D4D4D4D4D4D4D4D487
:10093000D4D4D4D4D4D4D4D4D4D4D4D4D4D4D4D477
:10094000D4D4D4D4D4D4D4D4D4D4D4D4D4D4D4D467
:10095000D4D4D4D4D4D4D4D4D4D4D4D4D4D4D4D457
:10096000D4D4D4D4D4D4D4D4D4D4D4D4D4D4D4D447
:10097000D4D4D4D4D4D4D4D4D4D4D4D4D4D4D4D437
:10098000D4D4D4D4D4D4D4D4D4D4D4D4D4D4D4D427
:10099000D4D4D4D4D4D4D4D4D4D4D4D4D4D4D4D417
:1009A000D4D4D4D4D4D4D4D4D4D4D4D4D4D4D4D407
:1009B000D4D4D4D4D4D4D4D4D4D4D4D4D4D4D4D4F7
:1009C000D4D4D4D4D4D4D4D4D4D4D4D4D4D4D4D4E7
:1009D000D4D4D4D4D4D4D4D4D4D4D4D4D4D4D4D4D7
:1009E000D4D4D4D4D4D4D4D4D4D4D4D4D4D4D4D4C7
:1009F000D4D4D4D4D4D4D4D4D4D4D4D4D4D4D4D4B7
:100A0000D4D4D4D4D4D4D4D4D4D4D4D4D4D4D4D4A6
:100A1000D4D4D4D4D4D4D4D4D4D4D4D4D4D4D4D496
:100A2000D4D4D4D4D4D4D4D4D4D4D4D4D4D4D4D486
:100A3000D4D4D4D4D4D4D4D4D4D4D4D4D4D4D4D476
:100A4000D4D4D4D4D4D4D4D4D4D4D4D4D4D4D4D466
:100A5000D4D4D4D4D4D4D4D4D4D4D4D4D4D4D4D456
:100A6000D4D4D4D4D4D4D4D4D4D4D4D4D4D4D4D446
:100A7000D4D4D4D4D4D4D4D4D4D4D4D4D4D4D4D436
:100A8000D4D4D4D4D4D4D4D4D4D4D4D4D4D4D4D426
:100A9000D4D4D4D4D4D4D4D4D4D4D4D4D4D4D4D416
:100AA000D4D4D4D4D4D4D4D4D4D4D4D4D4D4D4D406
:100AB000D4D4D4D4D4D4D4D4D4D4D4D4D4D4D4D4F6
:100AC000D4D4D4D4D4D4D4D4D4D4D4D4D4D4D4D4E6
:100AD000D4D4D4D4D4D4D4D4D4D4D4D4D4D4D4D4D6
:100AE000D4D4D4D4D4D4D4D4D4D4D4D4D4D4D4D4C6
:100AF000D4D4D4D4D4D4D4D4D4D4D4D4D4D4D4D4B6
:100B0000D4D4D4D4D4D4D4D4D4D4D4D4D4D4D4D4A5
:100B1000D4D4D4D4D4D4D4D4D4D4D4D4D4D4D4D495
:100B2000D4D4D4D4D4D4D4D4D4D4D4D4D4D4D4D485
:100B3000D4D4D4D4D4D4D4D4D4D4D4D4D4D4D4D475
:100B4000D4D4D4D4D4D4D4D4D4D4D4D4D4D4D4D465
:100B5000D4D4D4D4D4D4D4D4D4D4D4D4D4D4D4D455
:100B6000D4D4D4D4D4D4D4D4D4D4D4D4D4D4D4D445
:100B7000D4D4D4D4D4D4D4D4D4D4D4D4D4D4D4D435
:100B8000D4D4D4D4D4D4D4D4D4D4D4D4D4D4D4D425
:100B9000D4D4D4D4D4D4D4D4D4D4D4D4D4D4D4D415
:100BA000D4D4D4D4D4D4D4D4D4D4D4D4D4D4D4D405
:100BB000D4D4D4D4D4D4D4D4D4D4D4D4D4D4D4D4F5
:100BC000D4D4D4D4D4D4D4D4D4D4D4D4D4D4D4D4E5
:100BD000D4D4D4D4D4D4D4D4D4D4D4D4D4D4D4D4D5
:100BE000D4D4D4D4D4D4D4D4D4D4D4D4D4D4D4D4C5
:100BF000D4D4D4D4D4D4D4D4D4D4D4D4D4D4D4D4B5
:100C0000D4D4D4D4D4D4D4D4D4D4D4D4D4D4D4D4A4
:100C1000D4D4D4D4D4D4D4D4D4D4D4D4D4D4D4D494
:100C2000D4D4D4D4D4D4D4D4D4D4D4D4D4D4D4D484
:100C3000D4D4D4D4D4D4D4D4D4D4D4D4D4D4D4D474
:100C4000D4D4D4D4D4D4D4D4D4D4D4D4D4D4D4D464
:100C5000D4D4D4D4D4D4D4D4D4D4D4D4D4D4D4D454
:100C6000D4D4D4D4D4D4D4D4D4D4D4D4D4D4D4D444
:100C7000D4D4D4D4D4D4D4D4D4D4D4D4D4D4D4D434
:100C8000D4D4D4D4D4D4D4D4D4D4D4D4D4D4D4D424
:100C9000D4D4D4D4D4D4D4D4D4D4D4D4D4D4D4D414
:100CA000D4D4D4D4D4D4D4D4D4D4D4D4D4D4D4D404
:100CB000D4D4D4D4D4D4D4D4D4D4D4D4D4D4D4D4F4
:100CC000D4D4D4D4D4D4D4D4D4D4D4D4D4D4D4D4E4
:100CD000D4D4D4D4D4D4D4D4D4D4D4D4D4D4D4D4D4
:100CE000D4D4D4D4D4D4D4D4D4D4D4D4D4D4D4D4C4
:100CF000D4D4D4D4D4D4D4D4D4D4D4D4D4D4D4D4B4
:100D0000D4D4D4D4D4D4D4D4D4D4D4D4D4D4D4D4A3
:100D1000D4D4D4D4D4D4D4D4D4D4D4D4D4D4D4D493
:100D2000D4D4D4D4D4D4D4D4D4D4D4D4D4D4D4D483
:100D3000D4D4D4D4D4D4D4D4D4D4D4D4D4D4D4D473
:100D4000D4D4D4D4D4D4D4D4D4D4D4D4D4D4D4D463
:100D5000D4D4D4D4D4D4D4D4D4D4D4D4D4D4D4D453
:100D6000D4D4D4D4D4D4D4D4D4D4D4D4D4D4D4D443
:100D7000D4D4D4D4D4D4D4D4D4D4D4D4D4D4D4D433
:100D8000D4D4D4D4D4D4D4D4D4D4D4D4D4D4D4D423
:100D9000D4D4D4D4D4D4D4D4D4D4D4D4D4D4D4D413
:100DA000D4D4D4D4D4D4D4D4D4D4D4D4D4D4D4D403
:100DB000D4D4D4D4D4D4D4D4D4D4D4D4D4D4D4D4F3
:100DC000D4D4D4D4D4D4D4D4D4D4D4D4D4D4D4D4E3
:100DD000D4D4D4D4D4D4D4D4D4D4D4D4D4D4D4D4D3
:100DE000D4D4D4D4D4D4D4D4D4D4D4D4D4D4D4D4C3
:100DF000D4D4D4D4D4D4D4D4D4D4D4D4D4D4D4D4B3
:100E0000D4D4D4D4D4D4D4D4D4D4D4D4D4D4D4D4A2
:100E1000D4D4D4D4D4D4D4D4D4D4D4D4D4D4D4D492
:100E2000D4D4D4D4D4D4D4D4D4D4D4D4D4D4D4D482
:100E3000D4D4D4D4D4D4D4D4D4D4D4D4D4D4D4D472
:100E4000D4D4D4D4D4D4D4D4D4D4D4D4D4D4D4D462
:100E5000D4D4D4D4D4D4D4D4D4D4D4D4D4D4D4D452
:100E6000D4D4D4D4D4D4D4D4D4D4D4D4D4D4D4D442
:100E7000D4D4D4D4D4D4D4D4D4D4D4D4D4D4D4D432
:100E8000D4D4D4D4D4D4D4D4D4D4D4D4D4D4D4D422
:100E9000D4D4D4D4D4D4D4D4D4D4D4D4D4D4D4D412
:100EA000D4D4D4D4D4D4D4D4D4D4D4D4D4D4D4D402
:100EB000D4D4D4D4D4D4D4D4D4D4D4D4D4D4D4D4F2
:100EC000D4D4D4D4D4D4D4D4D4D4D4D4D4D4D4D4E2
:100ED000D4D4D4D4D4D4D4D4D4D4D4D4D4D4D4D4D2
:100EE000D4D4D4D4D4D4D4D4D4D4D4D4D4D4D4D4C2
:100EF000D4D4D4D4D4D4D4D4D4D4D4D4D4D4D4D4B2
:100F0000D4D4D4D4D4D4D4D4D4D4D4D4D4D4D4D4A1
:100F1000D4D4D4D4D4D4D4D4D4D4D4D4D4D4D4D491
:100F2000D4D4D4D4D4D4D4D4D4D4D4D4D4D4D4D481
:100F3000D4D4D4D4D4D4D4D4D4D4D4D4D4D4D4D471
:100F4000D4D4D4D4D4D4D4D4D4D4D4D4D4D4D4D461
:100F5000D4D4D4D4D4D4D4D4D4D4D4D4D4D4D4D451
:100F6000D4D4D4D4D4D4D4D4D4D4D4D4D4D4D4D441
:100F7000D4D4D4D4D4D4D4D4D4D4D4D4D4D4D4D431
:100F8000D4D4D4D4D4D4D4D4D4D4D4D4D4D4D4D421
:100F9000D4D4D4D4D4D4D4D4D4D4D4D4D4D4D4D411
:100FA000D4D4D4D4D4D4D4D4D4D4D4D4D4D4D4D401
:100FB000D4D4D4D4D4D4D4D4D4D4D4D4D4D4D4D4F1
:100FC000D4D4D4D4D4D4D4D4D4D4D4D4D4D4D4D4E1
:100FD000D4D4D4D4D4D4D4D4D4D4D4D4D4D4D4D4D1
:100FE000D4D4D4D4D4D4D4D4D4D4D4D4D4D4D4D4C1
:100FF000D4D4D4D4D4D4D4D4D4D4D4D4D4D4D4D4B1
:10100000D10020400020006000000000000000002F
:1010100020100060001000600000000000000000D0
:10102000000000600C17010000000000EFBEADDE04
:10103000124880F3088812481249016000F036F81F
:10104000114812490022814201D004C0FBE7104838
:101050001049114A814202D008CA08C0FAE70F4875
:101060004FF47001026842EA01020260BFF34F8F41
:10107000BFF36F8F00F014F800DE00000040002086
:1010800008ED00E000400020005000209C8A002075
:10109000B84200204C4400200C17016088ED00E0AD
:1010A00041F2076CC0F2000C6047D4D4204840F2F3
:1010B0009C41884219D040F24C418842CCBF1D4A25
:1010C0001D4A1E4B5360136823F0800313601C48B5
:1010D0001C49C1BF1C480A0C8264C1F30F01416462
:1010E000016C41F00401016402E0184815490160F7
:1010F0001748184A824205D01749814202D008CACF
:1011000008C0FAE71548164A824205D015498142BF
:1011100002D008CA08C0FAE71348144A824205D030
:101120001349814202D008CA08C0FAE7704700009C
:10113000240400000080034000C00B4020C528D9D3
:1011400000C00A40AAAAFAFF00400E4060004F44C7
:1011500000000000B8220060F0D100000040002034
:1011600000200060B842002000002020A8F40060A9
:1011700064222020D4D4D4D4D4D4D4D4D4D4D4D4B9
:10118000D4D4D4D4D4D4D4D4D4D4D4D4D4D4D4D41F
:10119000D4D4D4D4D4D4D4D4D4D4D4D4D4D4D4D40F
:1011A000D4D4D4D4D4D4D4D4D4D4D4D4D4D4D4D4FF
:1011B000D4D4D4D4D4D4D4D4D4D4D4D4D4D4D4D4EF
:1011C000D4D4D4D4D4D4D4D4D4D4D4D4D4D4D4D4DF
:1011D000D4D4D4D4D4D4D4D4D4D4D4D4D4D4D4D4CF
:1011E000D4D4D4D4D4D4D4D4D4D4D4D4D4D4D4D4BF
:1011F000D4D4D4D4D4D4D4D4D4D4D4D4D4D4D4D4AF
:10120000D4D4D4D4D4D4D4D4D4D4D4D4D4D4D4D49E
:10121000D4D4D4D4D4D4D4D4D4D4D4D4D4D4D4D48E
:10122000D4D4D4D4D4D4D4D4D4D4D4D4D4D4D4D47E
:10123000D4D4D4D4D4D4D4D4D4D4D4D4D4D4D4D46E
:10124000D4D4D4D4D4D4D4D4D4D4D4D4D4D4D4D45E
:10125000D4D4D4D4D4D4D4D4D4D4D4D4D4D4D4D44E
:10126000D4D4D4D4D4D4D4D4D4D4D4D4D4D4D4D43E
:10127000D4D4D4D4D4D4D4D4D4D4D4D4D4D4D4D42E
:10128000D4D4D4D4D4D4D4D4D4D4D4D4D4D4D4D41E
:10129000D4D4D4D4D4D4D4D4D4D4D4D4D4D4D4D40E
:1012A000D4D4D4D4D4D4D4D4D4D4D4D4D4D4D4D4FE
:1012B000D4D4D4D4D4D4D4D4D4D4D4D4D4D4D4D4EE
:1012C000D4D4D4D4D4D4D4D4D4D4D4D4D4D4D4D4DE
:1012D000D4D4D4D4D4D4D4D4D4D4D4D4D4D4D4D4CE
:1012E000D4D4D4D4D4D4D4D4D4D4D4D4D4D4D4D4BE
:1012F000D4D4D4D4D4D4D4D4D4D4D4D4D4D4D4D4AE
:10130000D4D4D4D4D4D4D4D4D4D4D4D4D4D4D4D49D
:10131000D4D4D4D4D4D4D4D4D4D4D4D4D4D4D4D48D
:10132000D4D4D4D4D4D4D4D4D4D4D4D4D4D4D4D47D
:10133000D4D4D4D4D4D4D4D4D4D4D4D4D4D4D4D46D
:10134000D4D4D4D4D4D4D4D4D4D4D4D4D4D4D4D45D
:10135000D4D4D4D4D4D4D4D4D4D4D4D4D4D4D4D44D
:10136000D4D4D4D4D4D4D4D4D4D4D4D4D4D4D4D43D
:10137000D4D4D4D4D4D4D4D4D4D4D4D4D4D4D4D42D
:10138000D4D4D4D4D4D4D4D4D4D4D4D4D4D4D4D41D
:10139000D4D4D4D4D4D4D4D4D4D4D4D4D4D4D4D40D
:1013A000D4D4D4D4D4D4D4D4D4D4D4D4D4D4D4D4FD
:1013B000D4D4D4D4D4D4D4D4D4D4D4D4D4D4D4D4ED
:1013C000D4D4D4D4D4D4D4D4D4D4D4D4D4D4D4D4DD
:1013D000D4D4D4D4D4D4D4D4D4D4D4D4D4D4D4D4CD
:1013E000D4D4D4D4D4D4D4D4D4D4D4D4D4D4D4D4BD
:1013F000D4D4D4D4D4D4D4D4D4D4D4D4D4D4D4D4AD
:10140000D4D4D4D4D4D4D4D4D4D4D4D4D4D4D4D49C
:10141000D4D4D4D4D4D4D4D4D4D4D4D4D4D4D4D48C
:10142000D4D4D4D4D4D4D4D4D4D4D4D4D4D4D4D47C
:10143000D4D4D4D4D4D4D4D4D4D4D4D4D4D4D4D46C
:10144000D4D4D4D4D4D4D4D4D4D4D4D4D4D4D4D45C
:10145000D4D4D4D4D4D4D4D4D4D4D4D4D4D4D4D44C
:10146000D4D4D4D4D4D4D4D4D4D4D4D4D4D4D4D43C
:10147000D4D4D4D4D4D4D4D4D4D4D4D4D4D4D4D42C
:10148000D4D4D4D4D4D4D4D4D4D4D4D4D4D4D4D41C
:10149000D4D4D4D4D4D4D4D4D4D4D4D4D4D4D4D40C
:1014A000D4D4D4D4D4D4D4D4D4D4D4D4D4D4D4D4FC
:1014B000D4D4D4D4D4D4D4D4D4D4D4D4D4D4D4D4EC
:1014C000D4D4D4D4D4D4D4D4D4D4D4D4D4D4D4D4DC
:1014D000D4D4D4D4D4D4D4D4D4D4D4D4D4D4D4D4CC
:1014E000D4D4D4D4D4D4D4D4D4D4D4D4D4D4D4D4BC
:1014F000D4D4D4D4D4D4D4D4D4D4D4D4D4D4D4D4AC
:10150000D4D4D4D4D4D4D4D4D4D4D4D4D4D4D4D49B
:10151000D4D4D4D4D4D4D4D4D4D4D4D4D4D4D4D48B
:10152000D4D4D4D4D4D4D4D4D4D4D4D4D4D4D4D47B
:10153000D4D4D4D4D4D4D4D4D4D4D4D4D4D4D4D46B
:10154000D4D4D4D4D4D4D4D4D4D4D4D4D4D4D4D45B
:10155000D4D4D4D4D4D4D4D4D4D4D4D4D4D4D4D44B
:10156000D4D4D4D4D4D4D4D4D4D4D4D4D4D4D4D43B
:10157000D4D4D4D4D4D4D4D4D4D4D4D4D4D4D4D42B
:10158000D4D4D4D4D4D4D4D4D4D4D4D4D4D4D4D41B
:10159000D4D4D4D4D4D4D4D4D4D4D4D4D4D4D4D40B
:1015A000D4D4D4D4D4D4D4D4D4D4D4D4D4D4D4D4FB
:1015B000D4D4D4D4D4D4D4D4D4D4D4D4D4D4D4D4EB
:1015C000D4D4D4D4D4D4D4D4D4D4D4D4D4D4D4D4DB
:1015D000D4D4D4D4D4D4D4D4D4D4D4D4D4D4D4D4CB
:1015E000D4D4D4D4D4D4D4D4D4D4D4D4D4D4D4D4BB
:1015F000D4D4D4D4D4D4D4D4D4D4D4D4D4D4D4D4AB
:10160000D4D4D4D4D4D4D4D4D4D4D4D4D4D4D4D49A
:10161000D4D4D4D4D4D4D4D4D4D4D4D4D4D4D4D48A
:10162000D4D4D4D4D4D4D4D4D4D4D4D4D4D4D4D47A
:10163000D4D4D4D4D4D4D4D4D4D4D4D4D4D4D4D46A
:10164000D4D4D4D4D4D4D4D4D4D4D4D4D4D4D4D45A
:10165000D4D4D4D4D4D4D4D4D4D4D4D4D4D4D4D44A
:10166000D4D4D4D4D4D4D4D4D4D4D4D4D4D4D4D43A
:10167000D4D4D4D4D4D4D4D4D4D4D4D4D4D4D4D42A
:10168000D4D4D4D4D4D4D4D4D4D4D4D4D4D4D4D41A
:10169000D4D4D4D4D4D4D4D4D4D4D4D4D4D4D4D40A
:1016A000D4D4D4D4D4D4D4D4D4D4D4D4D4D4D4D4FA
:1016B000D4D4D4D4D4D4D4D4D4D4D4D4D4D4D4D4EA
:1016C000D4D4D4D4D4D4D4D4D4D4D4D4D4D4D4D4DA
:1016D000D4D4D4D4D4D4D4D4D4D4D4D4D4D4D4D4CA
:1016E000D4D4D4D4D4D4D4D4D4D4D4D4D4D4D4D4BA
:1016F000D4D4D4D4D4D4D4D4D4D4D4D4D4D4D4D4AA
:10170000D4D4D4D4D4D4D4D4D4D4D4D4D4D4D4D499
:10171000D4D4D4D4D4D4D4D4D4D4D4D4D4D4D4D489
:10172000D4D4D4D4D4D4D4D4D4D4D4D4D4D4D4D479
:10173000D4D4D4D4D4D4D4D4D4D4D4D4D4D4D4D469
:10174000D4D4D4D4D4D4D4D4D4D4D4D4D4D4D4D459
:10175000D4D4D4D4D4D4D4D4D4D4D4D4D4D4D4D449
:10176000D4D4D4D4D4D4D4D4D4D4D4D4D4D4D4D439
:10177000D4D4D4D4D4D4D4D4D4D4D4D4D4D4D4D429
:10178000D4D4D4D4D4D4D4D4D4D4D4D4D4D4D4D419
:10179000D4D4D4D4D4D4D4D4D4D4D4D4D4D4D4D409
:1017A000D4D4D4D4D4D4D4D4D4D4D4D4D4D4D4D4F9
:1017B000D4D4D4D4D4D4D4D4D4D4D4D4D4D4D4D4E9
:1017C000D4D4D4D4D4D4D4D4D4D4D4D4D4D4D4D4D9
:1017D000D4D4D4D4D4D4D4D4D4D4D4D4D4D4D4D4C9
:1017E000D4D4D4D4D4D4D4D4D4D4D4D4D4D4D4D4B9
:1017F000D4D4D4D4D4D4D4D4D4D4D4D4D4D4D4D4A9
:10180000D4D4D4D4D4D4D4D4D4D4D4D4D4D4D4D498
:10181000D4D4D4D4D4D4D4D4D4D4D4D4D4D4D4D488
:10182000D4D4D4D4D4D4D4D4D4D4D4D4D4D4D4D478
:10183000D4D4D4D4D4D4D4D4D4D4D4D4D4D4D4D468
:10184000D4D4D4D4D4D4D4D4D4D4D4D4D4D4D4D458
:10185000D4D4D4D4D4D4D4D4D4D4D4D4D4D4D4D448
:10186000D4D4D4D4D4D4D4D4D4D4D4D4D4D4D4D438
:10187000D4D4D4D4D4D4D4D4D4D4D4D4D4D4D4D428
:10188000D4D4D4D4D4D4D4D4D4D4D4D4D4D4D4D418
:10189000D4D4D4D4D4D4D4D4D4D4D4D4D4D4D4D408
:1018A000D4D4D4D4D4D4D4D4D4D4D4D4D4D4D4D4F8
:1018B000D4D4D4D4D4D4D4D4D4D4D4D4D4D4D4D4E8
:1018C000D4D4D4D4D4D4D4D4D4D4D4D4D4D4D4D4D8
:1018D000D4D4D4D4D4D4D4D4D4D4D4D4D4D4D4D4C8
:1018E000D4D4D4D4D4D4D4D4D4D4D4D4D4D4D4D4B8
:1018F000D4D4D4D4D4D4D4D4D4D4D4D4D4D4D4D4A8
:10190000D4D4D4D4D4D4D4D4D4D4D4D4D4D4D4D497
:10191000D4D4D4D4D4D4D4D4D4D4D4D4D4D4D4D487
:10192000D4D4D4D4D4D4D4D4D4D4D4D4D4D4D4D477
:10193000D4D4D4D4D4D4D4D4D4D4D4D4D4D4D4D467
:10194000D4D4D4D4D4D4D4D4D4D4D4D4D4D4D4D457
:10195000D4D4D4D4D4D4D4D4D4D4D4D4D4D4D4D447
:10196000D4D4D4D4D4D4D4D4D4D4D4D4D4D4D4D437
:10197000D4D4D4D4D4D4D4D4D4D4D4D4D4D4D4D427
:10198000D4D4D4D4D4D4D4D4D4D4D4D4D4D4D4D417
:10199000D4D4D4D4D4D4D4D4D4D4D4D4D4D4D4D407
:1019A000D4D4D4D4D4D4D4D4D4D4D4D4D4D4D4D4F7
:1019B000D4D4D4D4D4D4D4D4D4D4D4D4D4D4D4D4E7
:1019C000D4D4D4D4D4D4D4D4D4D4D4D4D4D4D4D4D7
:1019D000D4D4D4D4D4D4D4D4D4D4D4D4D4D4D4D4C7
:1019E000D4D4D4D4D4D4D4D4D4D4D4D4D4D4D4D4B7
:1019F000D4D4D4D4D4D4D4D4D4D4D4D4D4D4D4D4A7
:101A0000D4D4D4D4D4D4D4D4D4D4D4D4D4D4D4D496
:101A1000D4D4D4D4D4D4D4D4D4D4D4D4D4D4D4D486
:101A2000D4D4D4D4D4D4D4D4D4D4D4D4D4D4D4D476
:101A3000D4D4D4D4D4D4D4D4D4D4D4D4D4D4D4D466
:101A4000D4D4D4D4D4D4D4D4D4D4D4D4D4D4D4D456
:101A5000D4D4D4D4D4D4D4D4D4D4D4D4D4D4D4D446
:101A6000D4D4D4D4D4D4D4D4D4D4D4D4D4D4D4D436
:101A7000D4D4D4D4D4D4D4D4D4D4D4D4D4D4D4D426
:101A8000D4D4D4D4D4D4D4D4D4D4D4D4D4D4D4D416
:101A9000D4D4D4D4D4D4D4D4D4D4D4D4D4D4D4D406
:101AA000D4D4D4D4D4D4D4D4D4D4D4D4D4D4D4D4F6
:101AB000D4D4D4D4D4D4D4D4D4D4D4D4D4D4D4D4E6
:101AC000D4D4D4D4D4D4D4D4D4D4D4D4D4D4D4D4D6
:101AD000D4D4D4D4D4D4D4D4D4D4D4D4D4D4D4D4C6
:101AE000D4D4D4D4D4D4D4D4D4D4D4D4D4D4D4D4B6
:101AF000D4D4D4D4D4D4D4D4D4D4D4D4D4D4D4D4A6
:101B0000D4D4D4D4D4D4D4D4D4D4D4D4D4D4D4D495
:101B1000D4D4D4D4D4D4D4D4D4D4D4D4D4D4D4D485
:101B2000D4D4D4D4D4D4D4D4D4D4D4D4D4D4D4D475
:101B3000D4D4D4D4D4D4D4D4D4D4D4D4D4D4D4D465
:101B4000D4D4D4D4D4D4D4D4D4D4D4D4D4D4D4D455
:101B5000D4D4D4D4D4D4D4D4D4D4D4D4D4D4D4D445
:101B6000D4D4D4D4D4D4D4D4D4D4D4D4D4D4D4D435
:101B7000D4D4D4D4D4D4D4D4D4D4D4D4D4D4D4D425
:101B8000D4D4D4D4D4D4D4D4D4D4D4D4D4D4D4D415
:101B9000D4D4D4D4D4D4D4D4D4D4D4D4D4D4D4D405
:101BA000D4D4D4D4D4D4D4D4D4D4D4D4D4D4D4D4F5
:101BB000D4D4D4D4D4D4D4D4D4D4D4D4D4D4D4D4E5
:101BC000D4D4D4D4D4D4D4D4D4D4D4D4D4D4D4D4D5
:101BD000D4D4D4D4D4D4D4D4D4D4D4D4D4D4D4D4C5
:101BE000D4D4D4D4D4D4D4D4D4D4D4D4D4D4D4D4B5
:101BF000D4D4D4D4D4D4D4D4D4D4D4D4D4D4D4D4A5
:101C0000D4D4D4D4D4D4D4D4D4D4D4D4D4D4D4D494
:101C1000D4D4D4D4D4D4D4D4D4D4D4D4D4D4D4D484
:101C2000D4D4D4D4D4D4D4D4D4D4D4D4D4D4D4D474
:101C3000D4D4D4D4D4D4D4D4D4D4D4D4D4D4D4D464
:101C4000D4D4D4D4D4D4D4D4D4D4D4D4D4D4D4D454
:101C5000D4D4D4D4D4D4D4D4D4D4D4D4D4D4D4D444
:101C6000D4D4D4D4D4D4D4D4D4D4D4D4D4D4D4D434
:101C7000D4D4D4D4D4D4D4D4D4D4D4D4D4D4D4D424
:101C8000D4D4D4D4D4D4D4D4D4D4D4D4D4D4D4D414
:101C9000D4D4D4D4D4D4D4D4D4D4D4D4D4D4D4D404
:101CA000D4D4D4D4D4D4D4D4D4D4D4D4D4D4D4D4F4
:101CB000D4D4D4D4D4D4D4D4D4D4D4D4D4D4D4D4E4
:101CC000D4D4D4D4D4D4D4D4D4D4D4D4D4D4D4D4D4
:101CD000D4D4D4D4D4D4D4D4D4D4D4D4D4D4D4D4C4
:101CE000D4D4D4D4D4D4D4D4D4D4D4D4D4D4D4D4B4
:101CF000D4D4D4D4D4D4D4D4D4D4D4D4D4D4D4D4A4
:101D0000D4D4D4D4D4D4D4D4D4D4D4D4D4D4D4D493
:101D1000D4D4D4D4D4D4D4D4D4D4D4D4D4D4D4D483
:101D2000D4D4D4D4D4D4D4D4D4D4D4D4D4D4D4D473
:101D3000D4D4D4D4D4D4D4D4D4D4D4D4D4D4D4D463
:101D4000D4D4D4D4D4D4D4D4D4D4D4D4D4D4D4D453
:101D5000D4D4D4D4D4D4D4D4D4D4D4D4D4D4D4D443
:101D6000D4D4D4D4D4D4D4D4D4D4D4D4D4D4D4D433
:101D7000D4D4D4D4D4D4D4D4D4D4D4D4D4D4D4D423
:101D8000D4D4D4D4D4D4D4D4D4D4D4D4D4D4D4D413
:101D9000D4D4D4D4D4D4D4D4D4D4D4D4D4D4D4D403
:101DA000D4D4D4D4D4D4D4D4D4D4D4D4D4D4D4D4F3
:101DB000D4D4D4D4D4D4D4D4D4D4D4D4D4D4D4D4E3
:101DC000D4D4D4D4D4D4D4D4D4D4D4D4D4D4D4D4D3
:101DD000D4D4D4D4D4D4D4D4D4D4D4D4D4D4D4D4C3
:101DE000D4D4D4D4D4D4D4D4D4D4D4D4D4D4D4D4B3
:101DF000D4D4D4D4D4D4D4D4D4D4D4D4D4D4D4D4A3
:101E0000D4D4D4D4D4D4D4D4D4D4D4D4D4D4D4D492
:101E1000D4D4D4D4D4D4D4D4D4D4D4D4D4D4D4D482
:101E2000D4D4D4D4D4D4D4D4D4D4D4D4D4D4D4D472
:101E3000D4D4D4D4D4D4D4D4D4D4D4D4D4D4D4D462
:101E4000D4D4D4D4D4D4D4D4D4D4D4D4D4D4D4D452
:101E5000D4D4D4D4D4D4D4D4D4D4D4D4D4D4D4D442
:101E6000D4D4D4D4D4D4D4D4D4D4D4D4D4D4D4D432
:101E7000D4D4D4D4D4D4D4D4D4D4D4D4D4D4D4D422
:101E8000D4D4D4D4D4D4D4D4D4D4D4D4D4D4D4D412
:101E9000D4D4D4D4D4D4D4D4D4D4D4D4D4D4D4D402
:101EA000D4D4D4D4D4D4D4D4D4D4D4D4D4D4D4D4F2
:101EB000D4D4D4D4D4D4D4D4D4D4D4D4D4D4D4D4E2
:101EC000D4D4D4D4D4D4D4D4D4D4D4D4D4D4D4D4D2
:101ED000D4D4D4D4D4D4D4D4D4D4D4D4D4D4D4D4C2
:101EE000D4D4D4D4D4D4D4D4D4D4D4D4D4D4D4D4B2
:101EF000D4D4D4D4D4D4D4D4D4D4D4D4D4D4D4D4A2
:101F0000D4D4D4D4D4D4D4D4D4D4D4D4D4D4D4D491
:101F1000D4D4D4D4D4D4D4D4D4D4D4D4D4D4D4D481
:101F2000D4D4D4D4D4D4D4D4D4D4D4D4D4D4D4D471
:101F3000D4D4D4D4D4D4D4D4D4D4D4D4D4D4D4D461
:101F4000D4D4D4D4D4D4D4D4D4D4D4D4D4D4D4D451
:101F5000D4D4D4D4D4D4D4D4D4D4D4D4D4D4D4D441
:101F6000D4D4D4D4D4D4D4D4D4D4D4D4D4D4D4D431
:101F7000D4D4D4D4D4D4D4D4D4D4D4D4D4D4D4D421
:101F8000D4D4D4D4D4D4D4D4D4D4D4D4D4D4D4D411
:101F9000D4D4D4D4D4D4D4D4D4D4D4D4D4D4D4D401
:101FA000D4D4D4D4D4D4D4D4D4D4D4D4D4D4D4D4F1
:101FB000D4D4D4D4D4D4D4D4D4D4D4D4D4D4D4D4E1
:101FC000D4D4D4D4D4D4D4D4D4D4D4D4D4D4D4D4D1
:101FD000D4D4D4D4D4D4D4D4D4D4D4D4D4D4D4D4C1
:101FE000D4D4D4D4D4D4D4D4D4D4D4D4D4D4D4D4B1
:101FF000D4D4D4D4D4D4D4D4D4D4D4D4D4D4D4D4A1
:102000000040002031100060B9410000E9D100001B
:10201000B9410000B9410000B941000000000000D2
:10202000000000000000000000000000B9410000B6
:10203000B941000000000000B94100000F05000098
:10204000B9410000B9410000B9410000B9410000A8
:10205000B9410000B9410000B9410000B941000098
:10206000B9410000B9410000B9410000B941000088
:10207000B9410000B9410000B9410000B941000078
:10208000B941000000000000000000000000000056
:10209000B9410000B9410000B9410000B941000058
:1020A000B9410000B9410000B9410000B941000048
:1020B000B9410000B9410000B9410000B941000038
:1020C000B9410000B9410000B9410000B941000028
:1020D000B9410000B9410000B9410000B941000018
:1020E000B9410000B9410000B9410000B941000008
:1020F000B9410000B9410000B9410000B9410000F8
:10210000B9410000B9410000B9410000B9410000E7
:1021100000000000B941000000000000B9410000CB
:10212000B9410000B9410000B9410000B9410000C7
:10213000B9410000B941000000000000B9410000B1
:10214000B9410000B9410000B9410000B9410000A7
:10215000B9410000B941000000000000000000008B
:10216000B9410000B9410000B9410000B941000087
:10217000B9410000B9410000B9410000B941000077
:10218000B9410000B9410000B9410000B941000067
:10219000B9410000B9410000B9410000B941000057
:1021A000B9410000B9410000B9410000B941000047
:1021B000B9410000B9410000B9410000B941000037
:1021C000B9410000B9410000B94100000000000021
:1021D000B9410000B9410000B9410000B941000017
:1021E000B9410000B9410000B9410000B941000007
:1021F000B9410000B9410000B9410000B9410000F7
:10220000B941000023050000B9410000B9410000B8
:10221000B9410000B9410000B9410000B9410000D6
:10222000B9410000B9410000B9410000B9410000C6
:10223000B9410000B9410000B941000000000000B0
:1022400000000000B9410000B9410000B9410000A0
:10225000B9410000B9410000B9410000B941000096
:10226000B9410000B9410000B9410000B941000086
:10227000B9410000B9410000B9410000B941000076
:10228000B9410000B9410000B9410000B941000066
:10229000B9410000B9410000B9410000B941000056
:1022A000B9410000B9410000B94100000000000040
:0822B000B9410000B941000032
:1022B800F0B503AF2DE9000FADF5257D8B4604463B
:1022C80001F1340038310BF1540203F035FCDBF82E
:1022D800C80004F08EF9DBF82801016841F001011B
:1022E8000160DBF82811086820F00200086000206F
:1022F800C1F80801C1F81801C1F828012091C1F8F6
:102308003801DBF8C0A0DAF8000020F00100CAF8B4
:102318000000DAF8000040F40040CAF80000DAF8DB
:10232800000000040CD5DAF80000000444BFDAF815
:1023380000005FEA004003D5DAF800000004EED49C
:102348003F20CAF80800DAF8000020F00100CAF8B7
:102358000000DBF8C460306820F0010030603068AD
:1023680040F4004030603068000409D5306800044B
:1023780044BF30685FEA004002D530680004F2D4F8
:102388003F2040F26341B060306820F001003060C7
:10239800DBF80050DBF85C011F90A86C40F00100EE
:1023A800A864686C08436864686C012161F3830061
:1023B8006864686C20F080006864A86C40F02000B5
:1023C800A864686C40F440406864686C40F44470E9
:1023D8006864A86C40F08000A864A86D000709D064
:1023E800A86D00071CBFA86D5FEA007002D0A86D39
:1023F8000007F2D1A86C40F2634140F02000A864C5
:10240800686C20F440406864686C20F4447000F5FF
:1024180088706864DBF80480D8F8480040F0010050
:10242800C8F84800D8F844000843C8F84400D8F869
:102438004400012161F38300C8F84400D8F844003F
:1024480020F08000C8F84400D8F8480040F0200088
:10245800C8F84800D8F8440040F44040C8F84400A0
:10246800D8F8440040F44470C8F84400D8F848004C
:1024780040F08000C8F84800D8F8580000070CD091
:10248800D8F8580000071CBFD8F858005FEA007059
:1024980003D0D8F858000007EED1D8F84800022138
:1024A8004FF4805240F02000C8F84800D8F84400A3
:1024B80020F44040C8F84400D8F8440020F44470A0
:1024C80000F58870C8F84400DBF87C91D9F8000062
:1024D80040F48030C9F80000D9F8000040F040000E
:1024E800C9F800002220C0F20F00C9F8040040F229
:1024F8006850C0F20C10C9F8200040F29510C0F2E4
:10250800B200C9F82400DC20C0F27A00C9F828001B
:102518007D20C0F25800C9F82C004B20C0F24000C2
:10252800C9F830002F20C0F22E00C9F83400C9F8CD
:10253800380046F62010C9F80C0040F6A310C9F878
:1025480008004FF4C840C9F81C004FF4C860C9F827
:10255800180040F6C410C0F68040C9F810003F20AB
:10256800C9F81400D9F8000061F30100C9F80000A7
:10257800D9F8000020F48030C9F80000D9F87C00B0
:10258800DBF8681121A804F0A1F8DBF89C000F9093
:10259800DBF8A4000A90DBF8A8000690DBF8AC0092
:1025A8000590DBF884010490DBF890010390DBF8D8
:1025B8009801DBE91712029025A804F01DF8DBE961
:1025C8000D10DBF830211E90DBF854001D90DBF86D
:1025D80080000C90DBF8E0001B90DBF8E8001A9014
:1025E800DBF8F0001990DBF8F4001890DBF8F8003D
:1025F8001790DBF8FC001290DBF800011690DBF86E
:1026080004011490DBF808011390DBF80C01119019
:10261800DBF810011590DBF814010E90DBF81801B7
:102628000D90DBF81C011090DBF884000990DBF8B2
:1026380088001C910F2108904FF470400B92A2F86B
:102648008C01A2F88E11DBF834210792A2F88C01D4
:10265800A2F88E11DBF838210192A2F88C01A2F8B9
:102668008E11DBF83C210092A2F88C01A2F88E11A1
:1026780025A906984FF400722062059860620498B4
:10268800A0620398E062029820632098C4E904A637
:10269800DBF8CCA0C4E90000C4E902000F98A061EF
:1026A8000A98E061DBF84C012090DBF850010F90AC
:1026B80004F5A270DBF854B10CF0CEFC1F99009B16
:1026C80001F13400503103F16002C4E9D11004F182
:1026D800D40080E8200303F5907003F1C001C4F82A
:1026E800C4000C98C4F8C8000998C4F8CC0008982D
:1026F800C4F8D0000798C4E92D3300F5907300F1B1
:10270800C00500F16006C4E92300129860650E98C0
:10271800A0651198E0651498206613986066109873
:10272800A0661698E066159820671C98C4E92F21C2
:10273800019960631E9801F1C00EA06301F1600267
:102748001D9801F5907CE0631B98C4E9273104F1DA
:10275800A40320641A9883E806400B9B60641998C8
:1027680003F16002A06403F1C0011898C4E925656B
:1027780003F59075E0641798206504F1E0000D9E5C
:10278800C4E921154021C4F8B0C0C4E91D63C4E9F7
:102798001F320CF00AFC21AE102004F5907CC4F81E
:1027A80040A14ECE8CE84F002098C4F834010F9811
:1027B800C4E94E0B0DF5257DBDE8000FF0BD80B5D1
:1027C8006F4648F68820C2F20000BDE8804001F05C
:1027D800DCBC80B56F4642F2A820C2F22000006837
:1027E80080470020BDE8804006F071B980B56F468B
:1027F800C8B00DF1800BB7EE00CA0BF102000B90C8
:102808001BA845F2000200F10C01089100F1080133
:102818000430069016A8079100F11001059100F107
:102828000E019FEDE98AC2F200029FEDE89A4FF08F
:1028380000099FEDE7DA049100F10C01039100F122
:10284800080104300291019001E0BFF32F8FD2F804
:1028580000A09AF8C8000028F9D00AF1C900D0E809
:102868004F1F0129F1D1C0E8419F0029F7D1BFF3DB
:102878005F8F9AF8C400D8B19AF8C000002800F019
:10288800DF80032840F03C869AF8BC00002800F05E
:10289800DA80032840F03A869AF8B9000AF17405FC
:1028A800002800F0D380032800F0118100F034BE26
:1028B80051460AF1300C7DC9ACE87D0091E87D00F5
:1028C8008CE87D000122DAF83400D0E9000101F03B
:1028D8001F0102FA01F1C0F8881048F69420C2F2EC
:1028E80000000068032822D3572003222C9040F6CA
:1028F800F020C2F2200040F64C312B9010202A9094
:10290800C2F22001CDE92409B12028920B2221909E
:102918000120279240F222322090781EC2F2200233
:102928002991CDE922915946269206F0F0F948F608
:102938009420C2F20000006803282CD346F6997050
:102948000322C0F2000040F64C313B9040F6703054
:10295800C2F2200028923A903AA82C9040F2CB403C
:10296800C2F220000B222B9010202A90C2F22001E4
:10297800CDE92409B72021900120279240F2223284
:102988002090781EC2F220022991CDE92291594661
:10299800269206F0BCF948F69420C2F200000068BE
:1029A800032822D3972003222C9040F67C30C2F2D1
:1029B800200040F64C312B9010202A90C2F22001C2
:1029C800CDE92409B82028920B22219001202792D2
:1029D80040F222322090781EC2F220022991CDE9DD
:1029E80022915946269206F092F948F69420C2F2AE
:1029F8000000006803282ED39F2003222C9040F665
:102A0800C730C2F2200040F64C312B9010202A909B
:102A1800C2F22001CDE92409B92028920B22219085
:102A28000120279240F222322090781EC2F2200222
:102A38002991CDE922915946269206F068F90AE0D3
:102A4800DAF860500CE0DAE9194511E0DAF88C1090
:102A5800DAF8B4401DE07D258AF8C090CAF86050C5
:102A680048F688248AF8BC90C2F20004CAE91945DD
:102A780005F0DDFF01468AF8B990CAF8B4402A1873
:102A8800002D18BF511CCAF88C100AF17405CAE948
:102A98001B01504640F8901F80F8289021790029A2
:102AA80000F01C855146012241F8949FA1F1200CA9
:102AB80001F1180381F824200A4642F81C9F8CE88B
:102AC800190041E9052441F80C2CC1E9051105F06C
:102AD800AEFF2E683168401AB0F1FF3F0FDDDAF81B
:102AE800A800016800295ED0007B002818BF8AF87A
:102AF800B8909AF8B800002840F0A580CBE0686844
:102B080004682068002840F0C78441F21C50C2F2D3
:102B18002000016841F2ED50C0F20000884780466D
:102B280020688946366800281EBFC16860688847E3
:102B38000020C4E9019620612073AE68C4F80080C3
:102B480005F0A1FFBFF35F8F3168002955D0A26857
:102B58008B68D31A50D40B69002B5ED09E684FF057
:102B68000009961B1E4600F19184196900295BD063
:102B78008E68961B5BD40B69002B00F088849E68D6
:102B8800961B00F18284196900294DD08E68961B26
:102B98004DD40B69002B00F07A849E68961B1E4664
:102BA800E3D500F073BCDAE921508AF8B8900468DC
:102BB80005F069FFBFF35F8F296800293ED00A69D5
:102BC8008C4207D12A6039E00000000000FF7F47EF
:102BD8000000C84292B3134694422DD0116969B3DC
:102BE8008C421ED00A694AB3944224D0116929B391
:102BF8008C4216D00A69EDE72161346005F04EFF7A
:102C0800E8684FF080614FF0000904604EF6045008
:102C1800CEF20000016000F03FBC4FF0000900F068
:102C280036BC0B46114607E0194600F030BC0E468C
:102C3800194600F02BBC13461A690A6105F02EFFED
:102C48009AF8B80038B3DAE92150046805F01BFF98
:102C5800BFF35F8F2968E1B10A698C4201D12A600C
:102C680017E0B2B11346944211D0116989B18C4270
:102C780009D00A696AB1944208D0116949B18C42F5
:102C880001D00A69EDE70B46114600E013461A69C0
:102C98000A6105F003FFDAF894008AF8B890002872
:102CA8001EBFC168DAF898008847DAF84C0001219D
:102CB8008AF8C0108AF8BC108AF8B91001687D310A
:102CC8000160DAF84C0044F6D351C1F262010068A1
:102CD800A0FB011291094FF47A7201FB12000D91C9
:102CE800DAF838100E900868016807210160016A57
:102CF800C90709D1016AC90704BF016A5FEAC1713E
:102D080002D1016AC907F2D0426ADAF838000068CD
:102D1800016808210160ADF83C20016AC90709D1A2
:102D2800016AC90704BF016A5FEAC17102D1016A79
:102D3800C907F2D0D0F824C0DAF838000068016872
:102D48000C21016027F8E2CC016AC90709D1016AA0
:102D5800C90704BF016A5FEAC17102D1016AC907E4
:102D6800F2D0416ADAF850900C91ADF84010D9F8D9
:102D78000000042800F2BD8309F10406011F26F8AB
:102D8800102099F80E5018BF411CC9F80010052DE5
:102D98000A9218D205F10108291F4FF00A0089F894
:102DA8000E8018BFA0EB48010BEB480064460BF0FF
:102DB800ADFE4FEA4802584631460CF04DF9A4469C
:102DC80000205DB944E040F08083D6E900124FF05E
:102DD80005083089ADF88800CDE920120B9D012047
:102DE800002606E000210235013640452BF8113057
:102DF8002CD03BF8103001302A46314632F8024CCC
:102E08009C421DD900291480ECD032F8044C9C4215
:102E1800E9D9012922F8024CE4D032F8064C9C4248
:102E280010D9022922F8044CDCD032F8084C9C4214
:102E38000AD922F8064C0439083A4C1CDED1D1E7ED
:102E48000131D0E70139CEE70239CCE74FEA580023
:102E58003BF8100099F8181000EE100AB8EE400A76
:102E680071B199ED041A99ED052A3CEE413A23EE29
:102E7800022A01EE002A89ED052AB0EE420A04E092
:102E8800012189ED050A89F81810DAF854908DEDBA
:102E9800110A27F8DE0CD9F80000042800F229836B
:102EA80009F10406011F26F810C099F80E5018BF42
:102EB800411CC9F80010052DCDF824C016D205F123
:102EC8000108291F4FF00A0089F80E8018BFA0EBEF
:102ED80048010BEB48000BF019FE4FEA4802584630
:102EE80031460CF0B9F800205DB944E040F0ED82BD
:102EF800D6E900124FF005083089ADF88800CDE911
:102F080020120B9D0120002606E000210235013623
:102F180040452BF811302CD03BF8103001302A46B0
:102F2800314632F8024C9C421DD900291480ECD05D
:102F380032F8044C9C42E9D9012922F8024CE4D029
:102F480032F8064C9C4210D9022922F8044CDCD0F5
:102F580032F8084C9C420AD922F8064C0439083A3F
:102F68004C1CDED1D1E70131D0E70139CEE7023977
:102F7800CCE74FEA58003BF8100099F8181000EE1B
:102F8800100AB8EE400A71B199ED041A99ED052AB4
:102F98003CEE413A23EE022A01EE002A89ED052A89
:102FA800B0EE420A04E0012189ED050A89F81810FB
:102FB800DAF858908DED130A27F8D60CD9F80000E6
:102FC800042800F2968209F104060C9926F81010DC
:102FD800011F99F80E5018BF411CC9F80010052DA3
:102FE80016D205F10108291F4FF00A0089F80E8052
:102FF80018BFA0EB48010BEB48000BF087FD4FEA28
:103008004802584631460CF027F800205DB944E0E4
:1030180040F05B82D6E900124FF005083089ADF820
:103028008800CDE920120B9D0120002606E0002132
:103038000235013640452BF811302CD03BF81030C2
:1030480001302A46314632F8024C9C421DD90029EB
:103058001480ECD032F8044C9C42E9D9012922F8BA
:10306800024CE4D032F8064C9C4210D9022922F8CE
:10307800044CDCD032F8084C9C420AD922F8064CA1
:103088000439083A4C1CDED1D1E70131D0E70139C7
:10309800CEE70239CCE74FEA58003BF8100099F820
:1030A800181000EE100AB8EE400A71B199ED041A32
:1030B80099ED052A3CEE413A23EE022A01EE002A58
:1030C80089ED052AB0EE420A04E0012189ED050ADE
:1030D80089F81810F0EE480A27F8CE0CDAE9140639
:1030E8008DED150ADAF8484090ED050ADAF85850DF
:1030F8000BF0FBFCF0EE490A0BF0E4FCF0EE480A9A
:10310800B0EE40AA96ED050A0BF0EFFCF0EE490A86
:103118000BF0D8FCF0EE480AB0EE40BA95ED050A7F
:103128000BF0E3FCF0EE490A94F81890BCEECAEAFA
:10313800BCEECBFA0BF0C6FCBCEEC01A48F69420E5
:10314800B5EE400AC2F20000F1EE10FAB4EE490AF8
:1031580000681FEE106A1EEE108A11EE105AB8BFF2
:103168000025F1EE10FAB5EE40BAC8BF4FF6FF756C
:10317800F1EE10FAB4EE49BAB8BF0026F1EE10FA33
:10318800B5EE40AAC8BF4FF6FF76F1EE10FAB4EEDE
:1031980049AAB8BF4FF00008F1EE10FAC8BF4FF6C1
:1031A800FF78022840F2848009984FF612428DF881
:1031B8006C90A0F2F73080B290424FF0000038BF18
:1031C80001200A99A1F2F73189B291424FF000012A
:1031D80038BF012108430C99A1F2F73189B2914215
:1031E8004FF0000115AA38BF012108438DF8580097
:1031F80016A8389047F2B350C0F2000046F68B612B
:10320800CDE9350213AA3790C0F20001CDE93302A7
:1032180011A8329046F6EF60A7F1CE02C0F2000086
:103228003190CDE92F02A7F1D6023991CDE92D02CF
:10323800A7F1DE02CDF818B1CDE92B0210AACDE92D
:103248002902A7F1E202CDE927020FA840F64C3285
:10325800CDE925101BA8249046F699700EA9C0F256
:1032680000002390C2F22002CDE921010DA8209090
:1032780040F61640C2F220001021459003204290EB
:103288000B20419040F22230C2F22000449140903D
:103298000020CDE93E103AA9CDE93C02E6203B905A
:1032A80001203A90781E439205F031FDDAF8484043
:1032B800B9F1000F09D0012000234FF00009E58083
:1032C800A680A4F802802080DAE023884FF0000965
:1032D800E188A2886088DB074FF00103A4F800901A
:1032E80000F0CE8011FA85F11FFA88F3C01AB3B244
:1032F80048BF4042D21A4FEA51014FF0010348BF7C
:103308005242282AC0F0BC8093B200EE103A83B231
:1033180001EE103A637EB8EE400AB8EE411A81EE2B
:10332800000A4BB194ED051A012330EE412A82EED2
:10333800012A62EE0D0A1DE094ED021AD4E9033663
:1033480030EE011A0133E360B34284ED021A05D26C
:1033580094ED051A0023F0EE480A0BE002EE103A4D
:1033680001236376F0EE480AB8EE422A81EE021A8B
:1033780084ED051AADF86810DAF83010ADF866205B
:1033880001228DF86A30ADF86400CDED180A8DED94
:10339800171A48688DED160A00F01F00096802FA2E
:1033A80000F0C1F88C001BA8DAF85C1000F0C2FA33
:1033B80048F69420C2F20000006802285FD99DF800
:1033C8006A0047F2B35107F8A10CC0F20001059852
:1033D80046F6EF623890C0F20002089837913992A9
:1033E800CDE935100798CDF818B1CDE93310069816
:1033F800CDE931100298CDE92F100198CDE92D10B3
:103408001BA8CDE92B1016A80EA9CDE929200498F0
:10341800CDE9272003220398269046F68B60C0F258
:10342800000042922590A7F1A100249046F69970D9
:10343800C0F200000B22CDE9210140F64C31239067
:103448000DA8209040F65940C2F22000C2F2200197
:10345800459010204490CDE93E094FF488703B9088
:103468000120419240F222323A90781E4391C2F2F2
:103478002002CDE93C913AA9409205F048FC01238D
:10348800DAF848000376FFF7E6BA1E4626610C61B3
:1034980005F004FBE868046003208AF8C4008AF891
:1034A800C0008AF8BC008AF8B90041F21C50C2F288
:1034B8002000C16841F2ED50C0F20000884745F293
:1034C8000002C2F20002FFF7C2B940F624730020DE
:1034D800C2F22003294605220BF02AF940F636509D
:1034E80040F68852C2F22000C2F22002A3210BF05B
:1034F80023FA40F614720521C2F220020BF0BAF941
:1035080040F62450C2F220000BF09CF940F6A85077
:10351800C2F220000BF096F940F69850C2F2200053
:103528000BF090F9F0B503AF2DE9000FADF22C7D4B
:1035380005AC204602F0EFFD0DF26C5521464FF424
:10354800E07228460BF088FD82A82946FEF7B0FEF7
:1035580089980DF5FC7CB79B0493DDE98B618D9A06
:103568008E9B8CE80F007EA802F0C3FD81460420E4
:103578008390032082904FF47A60CDF860050DF5B2
:10358800AC608A4600900DF254507FA982AB0024AB
:10359800012284944FF0010B00F0D3FADDF85405B2
:1035A800002840F056814EF21000DDF85855CEF252
:1035B8000000016821F001010160016841F0040187
:1035C800016042F2BF71C0F209014160016841F037
:1035D80002010160016841F00101016048F688209C
:1035E800BFF35F8FC2F20000052180F804B048F2F3
:1035F8002400BFF35F8FC4F21F00026861F3030267
:103608000260726842F0100272601022C6F88820C8
:10361800D0F8D02222F47042C0F8D022D0F8E020AE
:1036280061F30302C0F8E020D0F8D42222F47042FB
:10363800C0F8D422D0F8E42061F30302C0F8E420F3
:10364800D0F8E42222F47042C0F8E422D0F8F42042
:1036580061F30302C0F8F42045F20000CDE982448A
:10366800ADF81042C2F20000ADF86845CDF86445E7
:10367800CDF86045ADF85C45CDF85845CDF85445D2
:10368800006800F1C801D1E84F2F4AB90122BFF301
:103698005F8FC1E8432FB3B1D1E84F3F002BF8D07B
:1036A80040F6F44040F6B843C2F22000BFF32F8F33
:1036B800009040F6C8407BAAC2F22000C2F2200364
:1036C8002B210BF097F842F2642242F26C2C42F262
:1036D800E823C2F22002BFF35F8FC2F2200CC2F2CD
:1036E800200380E80C1042F26422C2F2200242F267
:1036F800F028C26042F21432C2F2200242F2C82E0E
:1037080042F2AC24039542F28C25026142F28C22EB
:1037180042F2E42B0021029642F27026C2F22008FF
:10372800C2F2200EC2F22004C2F22005C2F2200228
:1037380000F1140380F8C410C0E90854C2F2200B49
:10374800C2F2200683E844080122C0E90AE8BFF370
:103758005F8F80F8C920DDF86425BDF86805ADF8ED
:10376800DC01DDF86005CDE97502DDF85825BDF806
:103778005C05ADF8E801DDF85405CDE97802BDF83F
:103788001002ADF8F401DDE98202CDE97B0242F2D4
:103798006420C2F22000039AC0E9009A42F2A820ED
:1037A800C2F22000029B026042F2E8220420C2F228
:1037B8002002C2E9003050220498CCF800004FF0F3
:1037C8007E50C6E90420BDF8DC01A8814FF07A508C
:1037D80031803183C6E90211DDE9752685E84600A6
:1037E8002976C5E90401A973DDE97865BDF8E82102
:1037F800A560C4E90016DDE97B65C4E90401CEE9EA
:1038080004014CF6CD40C3F64C60A281BDF8F4210A
:10381800CBF800102176A1738EF818108EF80E10D0
:10382800AEF80C20CEE90016CEF8085088F8201023
:10383800C8E9060188F81410C8E9030188F80810D7
:10384800C8E9000105F035F90DF22C7DBDE8000F3F
:10385800F0BDDDF8540582ABDDF85815DDF85C25C0
:1038680007C340F61450C2F2200040F604530090FB
:1038780040F6C84082AAC2F22000C2F220032B21DF
:103888000AF0B8FF80B56F46084640F63451C2F2D8
:1038980020010222BDE8804006F088BB80B56F4653
:1038A80045F200000121C2F200000068BFF35F8FFB
:1038B80080F8C91080BD80B56F46B4B005F0F7F840
:1038C80048F690200121C2F2000001AC01704EF2CE
:1038D8007140CEF20000F02101704EF20C10CEF2D1
:1038E80000004FF4003101602046CA210BF05DFB57
:1038F80045F20000C2F20000046048F69C2444F23D
:103908000000C2F20004C2F20000A04203D905F090
:10391800D8F8A04203D9FFF705FEFEF767FF40F687
:10392800B85040F6E452C2F22000C2F220025321FD
:103938000BF002F80A7AA2B1B7EE002A91ED003A2C
:1039480091ED014A32EE432A22EE042A00EE032AC0
:1039580081ED012A0A7D6AB90122C1ED040A0A75BE
:1039680018E0012281ED010A0A72B0EE402A0A7DB0
:10397800002AF1D0B7EE003A91ED034A91ED045ACE
:1039880033EE443A23EE053A00EE843A81ED043AE8
:10399800F0EE430AB5EE400A9FED563AF1EE10FA02
:1039A80084BFB5EE401AF1EE10FA13D891F8202032
:1039B800002A00F08E80B7EE000A91ED061A91ED0C
:1039C800074A30EE410A20EE040A03EE010A81EDAF
:1039D800070A85E080EE010AB5EE400AF1EE10FA1A
:1039E8006ED9B0EE004A9FED431AB6EE003AB4EE37
:1039F800440AF1EE10FA25DD9FED3F5A20EE030A46
:103A080031EE051AB4EE440AF1EE10FA1ADD20EE92
:103A1800030A31EE051AB4EE440AF1EE10FAC1BFFA
:103A280020EE030A31EE051AB4EE440AF1EE10FA5C
:103A380008DD20EE030A31EE051AB4EE440AF1EE71
:103A480010FADBDCB4EE430AF1EE10FA29D580B5A2
:103A58006F469FED2A4ABDE8804030EE000A31EEFD
:103A6800041AB4EE430AF1EE10FA1AD530EE000A41
:103A780031EE041AB4EE430AF1EE10FA41BF30EE0B
:103A8800000A31EE041AB4EE430AF1EE10FA08D532
:103A980030EE000A31EE041AB4EE430AF1EE10FAE1
:103AA800DBD4BFEE003AB7EE004A30EE033A30EE10
:103AB800040A33EE033A83EE000A31EE000A01E00D
:103AC8009FED0C0AB1EE403A91F82020002A7FF4CD
:103AD80072AF012281ED073A81F82020B0EE430A47
:103AE80080ED002AC0ED010A80ED023A80ED030A5C
:103AF800704700BF000000001872313F187231BFD4
:103B080080B56F46007840F654620B4640F6E07187
:103B1800C2F22001C2F2200251F8201052F82020EF
:103B28001846BDE8804006F02CBB80B56F460846B5
:103B380040F6C271C2F220011222BDE8804006F0B0
:103B480020BBF0B503AF2DE9000F93B00C4648F247
:103B58003461C2F20001D7F808B001F212411E46E2
:103B680091460123BFF35F8FD1E84F2FC1E8453F4E
:103B7800002DF9D1BFF35F8F32B194E80E000EC06B
:103B880013B0BDE8000FF0BD48F234650490C2F2EE
:103B980000054FF4806128460BF007FA04F073FF24
:103BA80080462846314600F051FF20B194E80700CE
:103BB800049B07C371E248F64C202168C2F200005A
:103BC800A268056046F20000C2F2000041F2381314
:103BD800C618BFF35F8F56E8003F43F0004546E83C
:103BE8000054002CF7D1002BBFF35F8F00F18B82BC
:103BF80048F2000C0124C2F2000C0CF5A063BFF3DC
:103C08005F8FD3E84F5FC3E8464F002EF9D1002DF0
:103C1800BFF35F8F40F04E824FF00046CDF80C8026
:103C2800566396634FF08046966300261660022618
:103C3800C1F84061D1F84061B6070CD5D1F84061B0
:103C4800B60744BFD1F840615FEA867603D5D1F85C
:103C58004061B607EED400250A26C1F840510DF19F
:103C68001408C1F8A861D1F8846126F08076C1F8FB
:103C78008461D1F84461C1F844610126C1F8485112
:103C8800C1F85801CDE90D1241F2381101440690EE
:103C980000F5865200F580500C910621CDE90710F9
:103CA80040460B91CDE909124946CDF83CC08DF844
:103CB8004860ADF844501093059503F050FC9DF80A
:103CC8004800012801D1059839E004F0FDFE0446BA
:103CD80004F0EDFE0598E10731D1002840F0F581A8
:103CE8000D98D0F8841021F00041C0F884104FF0EE
:103CF8008071C0F84411D0F8481121F0807169F33F
:103D08001861C0F84811D0F88410DBF8002041F0A1
:103D18008071C0F88410012A98BF01226FF07F419A
:103D28008A4228BF0A46511EC0F88010D0F8841075
:103D380041F08041C0F8841004F0BBFE2EE000285A
:103D480040F0C3810D98D0F8841021F00041C0F8EC
:103D580084104FF08071C0F84411D0F8481121F058
:103D6800807169F31861C0F84811D0F88410DBF845
:103D7800002041F08071C0F88410012A98BF012208
:103D88006FF07F418A4228BF0A46511EC0F8801052
:103D9800D0F8841041F08041C0F8841048F2045BE8
:103DA8000420C2F2000B4FF0000C8BF805000BF159
:103DB8000C05CBF800C0B8E84D0029464DC1B8E85D
:103DC8005D005DC198E85D005DC14FF0FF300821DE
:103DD800CBF8080001208BF80400FF200322029092
:103DE800CDE90021284680210022CBF844C003F009
:103DF800D1FF0C46DBF80810C00701F10101CBF830
:103E0800081040F08B81DBF80000002840F0638147
:103E18009BF80460002906F101008BF8040040F0CB
:103E280043814FF0FF304FF40071CBF808000020B9
:103E380002220290CDE9002128460021002203F049
:103E4800A9FF8A46DBF80810C00701F10101CBF889
:103E5800081040F06A81002940F026814FF0FF30B9
:103E68004FF40079CBF8080002204FF00008CDE9A4
:103E78000009284680210022CDF8088003F08AFF37
:103E8800DBF80820C00702F10102CBF8082040F057
:103E98004F8148F65020002AC2F2000080F8261010
:103EA8000BF1440180F81AA08A460162416140F290
:103EB800FF31A0F80F104FF00801818181804FF485
:103EC800FA51A0F82E8080F82D6080F82C80A0F898
:103ED8002790A0F82490A0F81B90A0F8189084735D
:103EE800C0F808A080F80680016040F0DD804FF03F
:103EF800FF304021CBF808000020CDE90001002167
:103F0800029028460122002303F044FF8946DBF88B
:103F18000810C00701F10101CBF8081040F01B811F
:103F2800002940F0C1804FF0FF304021CBF8080055
:103F38000020CDE90001802102902846012280233B
:103F480003F028FF8846DBF80810C00701F10101DB
:103F5800CBF8081040F00681DBF80000002840F09C
:103F6800C0804FF0FF300029CBF8000040F0BF8040
:103F7800CBF80800284603F0DCFEDBF80800013027
:103F8800CBF80800C0F0B9804FF0FF308121CBF8A2
:103F980008002846BFF35F8FCBF84450BFF35F8F0C
:103FA80002F0CCFB2846012102F0C8FB28468221FA
:103FB80002F0C4FB2846022102F0C0FB28468321F8
:103FC80002F0BCFB2846032102F0B8FB28468421F6
:103FD80002F0B4FB2846042102F0B0FB28468521F4
:103FE80002F0ACFB2846052102F0A8FB28468621F2
:103FF80002F0A4FB2846062102F0A0FB28468721F0
:1040080002F09CFB2846072102F098FB48F24C5628
:104018004020C2F200060024B0838421308206F1D9
:104028002400C6E92B44C6F8B440A6F81F4086F819
:104038001E80C6F818A0A6F8134086F81290C6F895
:104048000CA034800AF0B1FF4FF0806040F6D471C4
:10405800C6E937503220C6F8D6000220C4F2000064
:10406800C2F22001C6F8D2001020A6F8D00045F60A
:104078002400C2F2DD7086F8E440C6F8CC000920BE
:10408800C6E92F1042F2D9710498C0F20001C6F8AF
:10409800C440DDF80C80C0E90041404604F0FEFC55
:1040A80013B0BDE8000FF0BD40F6A020C2F220001A
:1040B8000AF01AFB40F6746040F6D462C2F220009F
:1040C800C2F2200220210AF078FB40F6F450C2F236
:1040D80020000AF009FB40F6E020C2F220000AF0B6
:1040E80003FB40F6D020C2F220000AF0FDFA40F6A9
:1040F800C020C2F220000AF0F7FA40F6B020C2F25F
:1041080020000AF0F1FA40F6046040F62462C2F298
:104118002000C2F220021F210AF04FFB40F6547023
:104128008DF81440C2F2200008E08DF814A001E0D8
:104138008DF8141040F64470C2F2200040F6E46393
:10414800009040F6347005AAC2F22000C2F22003A3
:104158000F210AF04FFB40F604708DF81490C2F25C
:10416800200005E040F6F4608DF81480C2F22000CB
:1041780040F6E463009040F6346005AAC2F22000DD
:10418800C2F2200320210AF035FBF0B503AF2DE978
:10419800000780464EF21000CEF200000068C0030F
:1041A80012D548F68420BFF35F8FC2F2000050E8B2
:1041B800001F013140E80012002AF8D1BFF35F8FD9
:1041C80002E061685046884704F05DFCBFF35F8FEA
:1041D8000546D8F800609EB3D6F8089004F027FC8E
:1041E800B168401AB0F1FF3F6FEA00014FEAD171A0
:1041F800317317DD3069C8F80000D6E90010096886
:1042080088470446307B05F001008A4604F046FCE6
:10421800002CD6D104F00BFCA0EB0900B0F1FF3F55
:10422800D2DC0AE005F0010004F038FC04F0FFFBE2
:10423800A0EB0900B0F1FF3FC6DCBDE80007F0BD08
:104248002846BDE80007BDE8F04004F027BCF0B5FB
:1042580003AF4DF804BD8268012A2ED1C3684269B4
:10426800934250D20569D0F818C0EC5C0134EC5484
:104278000CF1020494421CD80CF5807396469342C4
:1042880038BF9E46A34236D3AEEB0403052B10D3AA
:104298008B7991F807E00E7A89882B552B1999703C
:1042A800090A5E7083F804E0D9700CF107039342A1
:1042B80007D902205DF804BBF0BD07205DF804BBF8
:1042C800F0BD944528D2072105F80C100CF1010126
:1042D80091423FBF05226A54836108203CBF5DF8C4
:1042E80004BBF0BD41F220030846C2F22003114688
:1042F8001A460AF0BFFA41F230032046C2F2200300
:1043080071460AF015FA41F240041846C2F2200438
:10431800114622460AF0AEFA41F210036046C2F294
:10432800200311461A460AF0A5FA80B56F46002008
:1043380080BD80B56F4680BD80B56F46082080BDC2
:1043480080B56F4680BD80B56F460A46D0E900014A
:10435800BDE8804004F00DBD80B56F460068BDE83B
:1043680080400AF0F7BAD0B502AF82B000228029A7
:10437800019207D28DF80410012201A900F049F832
:1043880002B0D0BD4FF6FE7C0B46C0F2FF3C8A0956
:104398006CF39F13B1F5006F0BD242F0C0018DF89A
:1043A80005308DF80410022201A900F032F802B09D
:1043B800D0BD6CF39F124FEA113E0024B4EB114FAD
:1043C80007D18DF805204EF0E0018DF80630032264
:1043D8000CE08DF8062004226FF00F0444EA9141A6
:1043E8006CF39F1E8DF807308DF805E08DF80410EA
:1043F80001A900F00EF802B0D0BD80B56F46134693
:104408000A4641F28401C2F22001BDE8804005F06D
:1044180040BAF0B503AF2DE9000F83B091460D46C1
:10442800D0F8008004F02FFBD8F80810002940F0DD
:10443800F480D8F80C404FF0FF31C8F8081001227A
:1044480004F21146BFF35F8FD6E84F1FC6E8432F2B
:10445800002BF9D1BFF35F8F61B10124D8F80810A0
:104468000131C8F8081004F019FB204603B0BDE874
:10447800000FF0BDD4F80014BFF35F8FD4F8042404
:10448800BFF35F8F914204D2CB4312EB030A0BD1E7
:104498007EE0B1F5806F05D1012A79D9A2F1010A30
:1044A800002101E0C1F5806AD145CDF804A038BFEC
:1044B800CA460AEB01022144BFF35F8FC4F80C24FB
:1044C800524602900846294600950AF087FB029852
:1044D80004F20C4B94F81114BFF35F8F59B3D4F85E
:1044E8000014BFF35F8FBFF35F8F5BE8002F4BE8CB
:1044F8000023002BF9D1BFF35F8FB1F5806FD4F89B
:104508000834BFF35F8FD4F80C24BFF35F8F01D05A
:104518008A4203D39A4205D94FF48061BFF35F8F73
:10452800C4F80814BFF35F8FC4F800240021BFF358
:104538005F8F84F81114019989451FD90099A9EB57
:104548000A0C0123BFF35F8F5144D6E84F2FC6E80A
:10455800453F002DF9D1002ABFF35F8F7FF47DAF6F
:10456800D4F80034BFF35F8FD4F80424BFF35F8F0F
:10457800934205D2DD43521912D109E000246DE7B8
:10458800B3F5806F0AD1012A02D9013A002307E066
:1045980001240021BFF35F8F31705FE7C3F58062AC
:1045A800944538BF6246D018BFF35F8FC4F80C0437
:1045B800E0180AF013FB94F81104BFF35F8F48B3B7
:1045C800D4F80014BFF35F8FBFF35F8F02985BE8E6
:1045D800002F4BE80023002BF9D1BFF35F8FB1F513
:1045E800806FD4F80834BFF35F8FD4F80C24BFF37E
:1045F8005F8F01D08A4203D39A4205D94FF4806174
:10460800BFF35F8FC4F80814BFF35F8FC4F80024AA
:104618000024BEE70024029820E741F29C00C2F281
:1046280020000AF061F8F0B503AF2DE9000F8BB058
:10463800804648F69420D1F82090C2F20000006825
:1046480081451FD8D8F804008A46F8B1D8F8001078
:1046580000EB4000DAE909B50C1D860002E00C34D5
:104668000C3E0FD02068A842F9D154F8040C5946E2
:104678002A460AF0EDF90028F1D16068062818BF2B
:10468800814505D90BB0BDE8000FF0BDDAE909B5E1
:104698000AF12C00049042F2A90041F28401C0F210
:1046A800000040F253420A9004A8099042F2970091
:1046B800C0F2000005AB089002A8079046F63B2020
:1046C800C0F20000C2F22001069001A80590C2F2D3
:1046D8002002684603958DE8000B05F0DAF80BB068
:1046E800BDE8000FF0BD80B56F4680BDF0B503AFE3
:1046F8002DE9000B48F69422D1F80080C2F200029E
:104708001268904503D90020BDE8000BF0BD42684F
:104718001AB30068D1E90194061D02EB4200850036
:1047280002E00C360C3DEED03068A042F9D156F8C4
:10473800040C494622460AF08BF90028F1D170682A
:1047480000218045A0F10600B0FA80F098BF012151
:1047580040090843BDE8000BF0BD0120BDE8000B8F
:10476800F0BDD0B502AF537A012B07D1137A012BD4
:1047780002BF90F82C3054889C4200D0D0BD937969
:10478800212B04BF9288072A28D0088840F002000D
:104798000628F3D1C86809220A800068BFF35F8F32
:1047A80088B18A7C0C461146012202F0F3FFA06909
:1047B8000068BFF35F8F00281FBFA17F0122BDE8FB
:1047C800D04002F0E7BF41F2500041F27402C2F259
:1047D8002000C2F2200222210AF0A8F80A88042A3E
:1047E80018BFD0BDCA88002390F804C0012490F8EF
:1047F80005E0072AC1F8AC308379006848620846AA
:104808000C8081F8283081F829E081F82AC028BF77
:104818000722C1F8B020BDE8D04000F0D5BBD0B524
:1048280002AF84B0537A012B07D1137A012B02BF50
:1048380090F82C3054889C4201D004B0D0BD9379B4
:10484800002B5BD0202B0ED0222B2CD112780B887A
:1048580002F0010480F82E40C2F34002062B80F8D3
:104868002F20EAD14DE0D1F8B020812A5CD2062A67
:1048780019D991F8282091F8294091F82AE0032ABB
:104888004B6AB1F800C003604FF0000380F804E001
:1048980028BF1A46052C827138BF2346BCF1060F83
:1048A8004371CAD12DE0088840F002000628C4D11F
:1048B800C86809220A800068BFF35F8F98B18A7CB4
:1048C8000C461146012202F065FFA0690068BFF39B
:1048D8005F8F00281FBFA17F012204B0BDE8D04030
:1048E80018BF02F057BF41F2500041F27402C2F201
:1048F8002000C2F2200222210AF018F808880628AF
:104908009BD188690368BFF35F8F002BEBD08A7F48
:104918000020009002A80C461946012303F0E4F990
:104928000820208004B0D0BD41F22C131146C2F2F9
:1049380020030020802209F0FBFEF0B503AF4DF8FC
:10494800048D84B090F82C60804600250220CDE9C3
:1049580000050C46084631460222022303F061FD99
:10496800C0B2082863D120463146022202230095AE
:1049780003F04AFFC0B2082859D141F2AC022046E0
:10498800C2F220022421032303F0A6FDC0B20828A6
:104998004DD140F289722046C2F22002242102231E
:1049A80003F09AFDC0B2082841D10620A7F11602EB
:1049B80007F8156C242198F82D60032307F8160CC6
:1049C800204607F8146C03F087FDC0B208282ED1E2
:1049D8000120A7F1130227F8130C204624210323F2
:1049E80007F8116C03F078FDC0B208281FD108F150
:1049F80008012046FFF72BFCC1B2082917D1002077
:104A08003146009020460A22002303F0FDFEC0B282
:104A180008280CD108F120012046FFF718FCC1B284
:104A2800082904D108F114012046FFF710FC04B04E
:104A38005DF8048BF0BD80B56F460021C18581719A
:104A4800082181804FF4FA51016080BDD0B502AFD2
:104A580045F204020C46D1E90113C2F200024FF0FC
:104A6800000CD06082E80A1041F2B001C2F22001C5
:104A7800104604F0EBF8002801BF216848F694229C
:104A8800C2F200021160D0BDF0B503AF2DE9000BF2
:104A980084B041F2C80048F6482848F24C55C2F2A2
:104AA80020000390C2F2000808F10800C2F20005D5
:104AB80002A902902846012200F032FED5F8DC4017
:104AC800814694F83400012828D12068002840F055
:104AD800B481206A4FF0FF312160D0F84411C90138
:104AE80040D54FF08071C0F84411D0F84421D2016C
:104AF80040F18A80C0F84411D0F84421D20142BF65
:104B0800C0F84411D0F844215FEAC2127CD5C0F83D
:104B18004411D0F84421D201E5D475E003F0D4FF64
:104B2800064603F0C4FF2068F10710D1002840F0C2
:104B38008481206A4FF0FF312160D0F84411C90107
:104B480016D4D0F88400C043C60F00202EE00028F9
:104B580040F07381206A4FF0FF312160D0F8441192
:104B6800C90136D4D0F88400C043C60F00204EE0F7
:104B78004FF08071C0F84411D0F84421D20112D509
:104B8800C0F84411D0F84421D20142BFC0F8441102
:104B9800D0F844215FEAC21205D5C0F84411D0F814
:104BA8004421D201E6D4206801260130206003F0B8
:104BB80080FF98F8000095F8E21002292ED000280E
:104BC80065D0D5F8DC5095F83400012834D1286830
:104BD8004DE04FF08071C0F84411D0F84421D20163
:104BE80012D5C0F84411D0F84421D20142BFC0F810
:104BF8004411D0F844215FEAC21205D5C0F8441127
:104C0800D0F84421D201E6D4206801260130206082
:104C180098F8000095F8E2100229D0D1002878D140
:104C2800D5F8DC0002F0EBFCD5F8DC4094F8340051
:104C3800012833D1206846E003F046FF044603F01C
:104C480036FF2868E10712D1002840F0F680286A6C
:104C58004FF0FF312960D0F8841021F00041C0F8EE
:104C6800841028680130286003F023FF0FE0002833
:104C780040F0E380286A4FF0FF312960D0F88410B3
:104C880021F00041C0F88410286801302860002015
:104C980088F8000004B0BDE8000BF0BD03F014FF75
:104CA800054603F004FF2068E9070CD1002840F00E
:104CB800C480206A4FF0FF312160D0F84811C90143
:104CC80019D400201FE0002840F0B780206A4FF078
:104CD800FF312160D0F84811C90102D400202060BA
:104CE80014E0D0F8841041F00041C0F88410206826
:104CF800013020600AE0D0F8841041F00041C0F88B
:104D0800841020680130206003F0D3FE012088F869
:104D18000000D8F81C000168BFF35F8F002900F07D
:104D28009280002098F82220009002A8012349EAE6
:104D38000605012402F01BFEE8070ED0D8F804008F
:104D4800BFF35F8F00F58261D1E84F2FC1E8434F71
:104D5800002BF9D1BFF35F8F1AB104B0BDE8000B87
:104D6800F0BDD0F80064BFF35F8FD0F80824BFF31C
:104D78005F8FD0F80434BFF35F8F934206D19E4211
:104D88003EBFBFF35F8F0023C0F804349E4228BFA4
:104D980032469A4207D10020BFF35F8F087004B0F3
:104DA800BDE8000BF0BDD8F82810D8F80440096811
:104DB800BFF35F8F002946D0D51A98F82E200344F8
:104DC80002A82E46B5F5007F28BF4FF4007600965E
:104DD80002F08AFF9DF80800012810D194F8100409
:104DE800BFF35F8F0028B8D004F20440BFF35F8F91
:104DF80050E8001F40E80012002AF9D114E0039897
:104E080094F81014BFF35F8F0029A6D0A84238BFCA
:104E1800054604F20440BFF35F8F50E8001F2944A1
:104E280040E80012002AF8D10020BFF35F8F84F811
:104E3800100404B0BDE8000BF0BD41F20000C2F25E
:104E4800200009F051FC41F2500041F27402C2F214
:104E58002000C2F22002222109F068FDD0B502AF7D
:104E680084B00188062911D181690968BFF35F8F71
:104E780079B10023827F009302AB044618460123D0
:104E880002F032FF0820208004B0D0BD072004B013
:104E9800D0BD41F2500041F27402C2F22000C2F2C9
:104EA8002002222109F042FDF0B503AF4DF804BD00
:104EB80086B0044608880D46411E032927D30528D5
:104EC80025D0072832D1D5F8AC00D5F80630698945
:104ED8008028D5F80220ADF80C10CDE901236BD855
:104EE800E9680968BFF35F8F00295AD0C0F18003D1
:104EF800AA7C2844009300F1240304A802F037FD9B
:104F08009DF81000C0B39DF81100D8B92EE0E868EC
:104F18000168BFF35F8F002943D0AA7C04A800264C
:104F28000123009602F023FD2E801FE0E868016847
:104F3800BFF35F8FA9B30020AA7C009004A80123C7
:104F480002F015FDE868092129800068BFF35F8F2A
:104F580038B3A97C012202F01DFCA8690068BFF3E0
:104F68005F8FF0B1A97F012202F014FC0420607267
:104F780006B05DF804BBF0BD0598D5E92B120844CE
:104F8800C5F8AC009042F1D3DDE901010623BDF874
:104F98000C202B8020606160228106B05DF804BB84
:104FA800F0BD41F2500041F27402C2F22000C2F298
:104FB8002002222109F0BAFC41F2FC038021C2F24E
:104FC8002003802209F0B4FBD0B502AF84B00446B8
:104FD800D0E929C2D0F8AC00D4F8B010BCF1000F69
:104FE800A38B08BF8022091A994238BF0B461918AB
:104FF80028D2914226D8A1690968BFF35F8F39B3D7
:10500800A27FBCF1000F009308BF04F1240C0CEB45
:10501800000302A802F068FE9DF8080080B9039812
:10502800D4E92B120144C4F8AC10914208D30021F2
:10503800A28BC4F8A4100321904208BF022121804A
:1050480004B0D0BD41F21C13C2F2200309F070FB7A
:1050580041F2500041F27402C2F22000C2F2200272
:10506800222109F063FCD0B502AF0446C0680921CB
:1050780021800068BFF35F8F78B1A17C012202F024
:1050880089FBA0690068BFF35F8F00281FBFA17F5D
:105098000122BDE8D04002F07DBB41F2500041F250
:1050A8007402C2F22000C2F22002222109F03EFC62
:1050B800F0B503AF2DE9000782B01D46914688463A
:1050C80082468AB108EBC9064446D4E900012A465B
:1050D8004B6A51469847BAF8000040F0020006288B
:1050E80035D10834B442F0D1687AA0B3BAF80010C8
:1050F80041F0020006282AD1DAF80C000921AAF8A2
:1051080000100068BFF35F8FB0B19AF81210012247
:1051180002F040FBDAF818000068BFF35F8F002840
:105128001FBF9AF81E10012202B0BDE800071CBF7D
:10513800BDE8F04002F02EBB41F2500041F274028B
:10514800C2F22000C2F22002222109F0EFFB02B0D5
:10515800BDE80007F0BD297AA87939B3012912D032
:10516800022908BF0028C1D16988DAF8DC0001F0FB
:105178008F0102F05CFABAF800100429B8D1AAF835
:105188002400002037E070B30A28AFD1BAF8001025
:105198000429ADD1BAF80610002001228AF82400AB
:1051A800AAF80020002918BF01212CE0E8B306283E
:1051B8002FD008289AD1BAF80010042998D10122D2
:1051C800BAF80610AAF8002000209AF8E220002970
:1051D80018BF0121CAE92B01901EB0FA80F04009DE
:1051E8008AF8240011E0BAF8001004297FF480AF8F
:1051F8000020AAF82400BAF806100122AAF8002014
:10520800022928BF0221CAE92B015046FFF7DCFE1C
:105218006CE769884A4628885346CDE900010AF1B7
:10522800B400414600F008F960E7BAF80010042914
:105238007FF45EAF9AF8E0000126BAF80630002243
:105248009AF8E1104000AAF80060C0B2022B28BF0B
:1052580002230843CAE92B23AAF82400D5E7000053
:10526800F0B503AF4DF8048D84B01D4680468AB171
:1052780001EBC2040E46D6E900012A460B6A4146F4
:105288009847B8F8000040F00200062825D10836F3
:10529800A642F0D1687A20B3B8F8000040F00200C6
:1052A80006281AD1D8F80C000921A8F800100068BF
:1052B800BFF35F8F002856D098F81210012202F031
:1052C80069FAD8F818000068BFF35F8F00284AD041
:1052D80098F81E10012202F05DFA04B05DF8048B04
:1052E800F0BD2A7AA8792988002A47D0012A10D047
:1052F800022A12D1012868D0032808BF00290CD13E
:1053080069880122D8F8DC0001F08F0102F042FA26
:1053180083E00B2808BF00293FD0B8F8000040F010
:1053280002000628D9D1D8F80C000921A8F80010E5
:105338000068BFF35F8FB0B198F81210012202F035
:1053480029FAD8F818000068BFF35F8F00281FBF3C
:1053580098F81E10012204B05DF8048B1CBFBDE84C
:10536800F04002F017BA41F2500041F27402C2F262
:105378002000C2F22002222109F0D8FA01380828B8
:10538800CBD8DFE800F0060537052D0505053E00FA
:10539800C3E70129C1D1002030E0B8F80000062891
:1053A8007FF47AAFD8F818000168BFF35F8F00293F
:1053B800D9D098F81E200020009002A8012302F0FE
:1053C80093FC0820A8F8000066E70029A5D16988A1
:1053D8000022D8F8DC0001F08F0102F0DBF91CE0B4
:1053E800481E80B27F28BFF498AFD8F8DC0002F0DE
:1053F800F6F90FE001297FF490AF012088F8E0006A
:105408000BE021B101297FF488AF022003E098F86E
:10541800E20030B1012088F8E2004046FFF71EFDA7
:105428003AE7B8F8000040F0020106297FF436AFE9
:105438004046FFF718FE2FE7F0B503AF2DE9000748
:105448008CB0BE680D46014698464FF0FF33B0B2A7
:1054580003EB10200E2800F22B81DFE810F00F007C
:1054680054002900290129012901290129012901BB
:10547800290129012901290129018900B8F8000019
:10548800042840F0F380002080220A908DF82C0038
:105498000690049004A8099208F12402B8F806407E
:1054A800089203F068F8C0B2082800F0C180DDE077
:1054B800F3B2032B00F2EE8004220846DFE803F083
:1054C80002959298B8F80000042840F0CF80002098
:1054D80080210A9001AA8DF82C00022306900490DE
:1054E80040F20940099108F12401ADF8040004A82C
:1054F80008910321B8F8064002F0EEFFC0B2082870
:1055080000F09680B2E0B8F80000042840F0AE80C1
:10551800002014460A9080228DF82C0006900490F2
:1055280004A8099208F12402B8F80690089202F03B
:105538007FFEC0B2082840F0998094B105EBC406FC
:1055480004AC4FF0000AD5E90001CA68214690472B
:10555800C0B2082840F08A800835CDF818A0B542B6
:10556800F1D104A802F04CFF0A98802830D962E0F3
:10557800B8F80000042879D1002080210A90144648
:105588008DF82C0006900490019004A8039001A8BF
:10559800099108F12401B8F80690089103F0B4F9CC
:1055A800C0B2082862D16CB105EBC40601ACD5E9DC
:1055B80000010A6921469047C0B2082856D108352B
:1055C800B542F4D101A803F0F8F90A98802832D836
:1055D80001220021A8F80020484538BF8146C8E9C3
:1055E8002B1950E001F108000C22006830B95FE087
:1055F80001F1100014220068002859D08A58B8F820
:105608000010042932D180230021099308F12403D2
:10561800089304AB0A918DF82C1006910491014669
:105628001846B8F8064003F043F8C0B208281DD160
:105638000A9880281ED9D8F80C000921A8F800106B
:105648000068BFF35F8F002858D098F81210012225
:1056580002F0A0F8D8F818000068BFF35F8F0028A0
:105668004CD098F81E10012202F094F80CB0BDE856
:105678000007F0BD01220021A8F80020A04238BF91
:105688000446C8E92B144046FFF79EFC0CB0BDE861
:105698000007F0BD62B1FC6805EBC209D5E900015D
:1056A80022464B693146984798BB08354D45F5D198
:1056B800B8F8000040F002000628D7D1D8F80C004E
:1056C8000921A8F800100068BFF35F8FB0B198F8FF
:1056D8001210012202F05EF8D8F818000068BFF333
:1056E8005F8F00281FBF98F81E1001220CB0BDE87C
:1056F80000071CBFBDE8F04002F04CB841F2500072
:1057080041F27402C2F22000C2F22002222109F002
:105718000DF90A46B8F8001004293FF474AFA5E75C
:10572800F0B503AF2DE9000F93B00D46D0F8DC10AB
:10573800064608A8144602F096F896F8E220BDF846
:105748002010032A0FD100294FF0000018BF0329A9
:105758000FD096F8E320042A00F0D081042086F8C0
:10576800E22086F8E3000020DFE801F003113207A9
:10577800030013B0BDE8000FF0BD032086F8E32056
:1057880086F8E200002013B0BDE8000FF0BDD6F89F
:10579800DC0002F011F900204FF48061002C86F83B
:1057A800E40086F8E000A6F8E2103080E1D005EBCE
:1057B800C404083D55F8080F69688969884705F1E8
:1057C8000800A042F6D1002013B0BDE8000FF0BDDC
:1057D800BDF82200BDF82410BDF826200590084326
:1057E80040EA0209079106925FEAC970049400F042
:1057F800D2800798C00748D03088013807282CD8AD
:10580800DFE800F00415082B2B2B2B283046FFF778
:10581800DBFB3AE0F0680068BFF35F8F002800F018
:105828007881B17C002201F0B5FF052013E0B06952
:105838000168BFF35F8F002900F06B810020B27F01
:1058480000900AA8012302F04FFA9DF82800E0B959
:10585800032000E00020308017E0F0680921318043
:105868000068BFF35F8F002800F05381B17C0122EC
:1058780001F090FFB0690068BFF35F8F002800F067
:105888004881B17F012201F085FF0698C0070DD13C
:105898000598C0077DD00AA83146FFF705FB9DF89B
:1058A8003100042875D09DF82FA0F3E0F068016856
:1058B800BFF35F8F002900F02C818020B27C00901C
:1058C80006F124030AA802F052F89DF828000128DE
:1058D80004D19DF82900002843D15AE00B99812969
:1058E80080F0228108293CD1F068D6F8262096F865
:1058F80024100392748D01F01F0296F82580042A63
:10590800006828BF0422BFF35F8F002800F00181E0
:10591800C1F3411301F0800AB17C42EA032B002253
:1059280001F038FFBAF1000F40F098800399002C7D
:1059380000F0A180802C40F2D280F06809213180EB
:105948000068BFF35F8F002800F0E380B17C01227C
:1059580001F020FFB0690068BFF35F8F049CA0B915
:10596800D7E0F068092131800068BFF35F8F002815
:1059780000F0CF80B17C012201F00CFFB069006813
:10598800BFF35F8F002800F0C480B17F012201F0CF
:1059980001FF29F00109E000B9F1000F0395029019
:1059A80047D00498002854D0DDE90210A0F108057A
:1059B8004FF0020B012600EB010806982C461BEA63
:1059C800000F0AD054F8080F61688A6A3146904778
:1059D80004F108004045F5D10EE005981BEA000FD8
:1059E8000AD02C4654F8080F6168CA6A31469047B5
:1059F80004F108004045F5D107981BEA000F0DD0C7
:105A080066F07F04AA465AF8080FDAF804100A6B01
:105A1800214690470AF108004045F4D129EA0B09CC
:105A28005FEA094005D0701C0F2E4FEA4B0B064663
:105A3800C3D3049868B1DDE90210A0F10805441841
:105A480055F8080F6968C969884705F10800A04238
:105A5800F6D1012013B0BDE8000FF0BD0399042072
:105A6800A6F80AB086F809A086F80880F480C6F877
:105A78000210308004E0062000243080C6F8B040D0
:105A8800ADF82C40049CADF830B08DF82FA08DF8FF
:105A98002E800A91BAF1000F12D0BAF1800F7FF46C
:105AA80078AFDDE90A120DABBDF83000CDE90D1273
:105AB8002946ADF83C0030462246FFF7F9FA68E778
:105AC800DDE90A1210ABBDF83000CDE91012294605
:105AD800ADF8480030462246FFF7C2FB59E70020E0
:105AE800F480C6E92B04049C70720720A6F80AB05B
:105AF80086F80880C6F8021030804AE741F23C1068
:105B080041F25812C2F22000C2F220021C2108F011
:105B180054FE41F2500041F27402C2F22000C2F277
:105B28002002222108F002FF41F20C130020C2F2E9
:105B38002003802208F0FCFDF0B503AF2DE9000B2F
:105B480082B0044600688846416D21F00301416532
:105B5800104640F2E24100F08AFDD8F800504FF4B8
:105B680000504FF4805140224FF4803300E06961C7
:105B78002E69B6040ED52E69F604F8D52E69B6F14D
:105B8800FF3FF5DC2E69F60306D42E69760605D4A8
:105B98006A61EDE76861EBE7AB61E9E740F6B46697
:105BA8002146C2F220060022304600F060FCB01CFC
:105BB8002146002200F05BFC301D2146002200F047
:105BC80056FCB01D2146002200F051FC06F10800E9
:105BD8002146002200F04BFC06F10A002146002273
:105BE80000F045FC06F10C002146002200F03FFCC5
:105BF80006F10E002146002200F039FC06F11000E3
:105C08002146002200F033FC06F112002146002252
:105C180000F02DFC06F114002146002200F027FCBC
:105C280006F116002146002200F021FC06F11800BA
:105C38002146002200F01BFC06F11A002146002232
:105C480000F015FC06F11C002146002200F00FFCB4
:105C580006F11E002146002200F009FC2068416977
:105C680089010FD5416921F000714161816C41B111
:105C7800816C00291CBF816C002902D0816C00292D
:105C8800F4D120684169012221F060514161206806
:105C9800816962F30D318161816C41B1816C0029A8
:105CA8001CBF816C002902D0816C0029F4D12068C6
:105CB800416941F000714161816C41B1816C0029F9
:105CC8001CBF816C002902D0816C0029F4D14FF4EB
:105CD80080502860642028604FF40050686028686D
:105CE800002809D4286800285CBF2868002803D445
:105CF8002868B0F1FF3FF2DC20680122016962F3F5
:105D080002010161816C41B1816C00291CBF816C69
:105D1800002902D0816C0029F4D12068416921F45E
:105D2800E0514161816C41B1816C00291CBF816CDB
:105D3800002902D0816C0029F4D12068816941F4DE
:105D4800402181612068416921F000714161816CC5
:105D580041B1816C00291CBF816C002902D0816C83
:105D68000029F4D1206841F26816C2F22006002208
:105D7800416941F4407141613046214600F077FBAA
:105D8800B01C2146002200F072FB301D2146002283
:105D980000F06DFBB01D2146002200F068FB206872
:105DA800022541F270160022C2F22006816B65F3CB
:105DB800D84181632068816B41F48021816330463A
:105DC800214600F054FBB01C2146002200F04FFB96
:105DD800301D2146002200F04AFBB01D214600225A
:105DE80000F045FB206841F278164FF00309C2F233
:105DF80020060022816965F30511816120688169A7
:105E080069F39C6181613046214600F030FBB01C8B
:105E18002146002200F02BFB301D2146002200F015
:105E280026FBB01D2146002200F021FB06F10800E8
:105E38002146002200F01BFB2068172240F63C3662
:105E4800C2F22006C16962F30501C161206800221F
:105E5800C16941F04001C1613046214600F007FBAD
:105E6800B01C2146002200F002FB301D2146002212
:105E780000F0FDFAB01D2146002200F0F8FA06F104
:105E880008002146002200F0F2FA06F10A00214635
:105E9800002200F0ECFA06F10C002146002200F086
:105EA800E6FA06F10E002146002200F0E0FA20682A
:105EB80040F62C1242F21073416A41F040014162EF
:105EC8002068416A65F30501416201201C210090A8
:105ED800404600F0E0FA40F60510214627F81A0C73
:105EE800A7F11A00002200F0C2FA20680E22C16948
:105EF80065F38B21C161206841F28215C2F2200549
:105F0800816A69F3881181622068816A62F30501F8
:105F1800816228462146032200F0A9FAA81C2146DE
:105F2800032200F0A4FA281D2146032200F09FFA5C
:105F3800A81D2146032200F09AFA05F1080021461F
:105F4800032200F094FA05F10A002146032200F02A
:105F58008EFA05F10C002146032200F088FA05F1BB
:105F68000E002146032200F082FA05F110002146B6
:105F7800032200F07CFA05F112002146032200F00A
:105F880076FA05F114002146032200F070FA05F1B3
:105F980016002146032200F06AFA05F1180021468E
:105FA800032200F064FA05F11A002146032200F0EA
:105FB8005EFA05F11C002146032200F058FA05F1AB
:105FC8001E002146032200F052FA05F12000214666
:105FD800032200F04CFA05F122002146032200F0CA
:105FE80046FA05F124002146032200F040FA05F1A3
:105FF80026002146032200F03AFA05F1280021463E
:10600800032200F034FA05F12A002146032200F0A9
:106018002EFA05F12C002146032200F028FA05F19A
:106028002E002146032200F022FA05F13000214615
:10603800032200F01CFA05F132002146032200F089
:1060480016FA05F134002146032200F010FA05F192
:1060580036002146032200F00AFA05F138002146ED
:10606800032200F004FA05F13A002146032200F069
:10607800FEF905F13C002146032200F0F8F905F18C
:106088003E002146032200F0F2F905F140002146C6
:10609800032200F0ECF905F142002146032200F04A
:1060A800E6F905F144002146032200F0E0F905F184
:1060B80046002146032200F0DAF905F1480021469E
:1060C800032200F0D4F905F14A002146032200F02A
:1060D800CEF905F14C002146032200F0C8F905F17C
:1060E8004E002146032200F0C2F902B0BDE8000BC1
:1060F800F0BD80B56F4648F248110068C4F21F0130
:1061080005230A6863F303020A60416841F0080145
:106118004160032180BDF0B503AF2DE9000F81B0C8
:1061280048F680214FF0010CC2F20001BFF35F8FE7
:10613800D1E84F2FC1E843CF002BF9D1BFF35F8FD0
:10614800002A01BF48F20001C4F20D010022C4F286
:106158002F0201BF02F5542C02F5502E02F54C28EF
:10616800A1F5004401BFA1F5003501F5F61601F5CA
:10617800F413C0E9683601BFC0E96A54C0E96C8EFF
:10618800C0E96EC101F5005E01BF01F5805640F21D
:10619800040CC4F22E0C01F5021401BF0CF5FE75B7
:1061A80001F5004300F5C07888E8380001BF00F524
:1061B800C67383E81210C0E9666EA1F5404C01BFB2
:1061C80001F5881E01F5861801F5841401F582137E
:1061D80001BF01F5003602F51025C0E9585600F553
:1061E800B47501BF85E81A41C0F87CC1A1F5804C9F
:1061F80002F51C2E01BF02F5182802F51424A1F59A
:10620800E03301F5282601BF01F5EE15C0E9505627
:1062180000F5A47585E8184101BFC0E9562C02F5C0
:10622800782802F5742902F5702401BF02F56C2361
:106238004CF2000CC4F2070C0CF5004601BF01F546
:10624800E03E01F58E15C0E9485EC0E94A6101BF2C
:1062580000F5987585E81802C0F83C8101F54828D2
:1062680001BF01F5442901F5402A01F53C2B01F550
:10627800382301BF01F5342401F5302501F52C261A
:10628800C0E9406501BFC0E94243C0E944BAC0E97A
:10629800469802F5302801BF02F52C2902F5282A74
:1062A80002F5242B02F5861301BF02F5841402F5CA
:1062B800821502F58016C0E9386501BFC0E93A4386
:1062C800C0E93CBAC0E93E9801F5F01801BF01F5F4
:1062D8009219A1F5503AA1F5403BA1F5303301BF21
:1062E80001F5901401F58C1501F58A16C0E93065A1
:1062F80001BFC0E93243C0E934BAC0E9369844F274
:10630800000B01BFC4F2002B0BF500490BF5804AC6
:106318004FF0844801BF01F56C2601F5682401F5AA
:106328006425A1F5C03301BFC0E9283500F1A803F1
:1063380083E85009C0E92EA901BF01F5602801F5DD
:10634800E61901F5E81AA1F5203601BF0BF5E0338F
:1063580001F5582401F55425C0E9205401BF00F186
:10636800880484E84804C0E9259EC0F89C8001BFE1
:10637800A1F5103E01F5FE1801F5001902F5642A91
:1063880001BF02F5602302F55C2602F5582501F5E8
:10639800A03401BF00F1600B8BE87000C0E91B3A24
:1063A800C0E91D9801BFC0F87CE001F5803E02F508
:1063B80040480CF5804901BF01F5804A01F5F21308
:1063C80044F20806C4F2090601BF06F1100506F1F9
:1063D8000804C0E91064C0E9125301BFC0E914A958
:1063E800C0E9168E0CF5C03E01F5103801BF01F565
:1063F800801901F57C2401F5782302F57C2601BF7C
:1064080002F54825C0E9085600F1280585E8180274
:1064180001BFC0E90D81C0F83CE002F5442E02F549
:106428000C2601BF01F5D21501F5242402F54022FE
:10643800A1F5803301BFA1F5A031C0E90013C0E97F
:10644800022C103001BF80E8704001B0BDE8000F99
:10645800F0BD41F2D21041F20822C2F22000C2F28D
:106468002002352108F062FA80B56F46FEE780B554
:106478006F4603784078096801EB83014000C0B299
:106488000323D1F868C0834002FA00F02CEA030322
:106498001843886680BDF0B503AF2DE90007804634
:1064A800A1F11B001C2880F088801D4616469A42E0
:1064B80000F28E80002D00F0968043F200698A4633
:1064C800C0F26E192A46A6FB0901002308F012FE45
:1064D8000AFB09004CF67F11CDF64111084443F23E
:1064E8007F61C2F2BE6188425CD8D7F808C04FF419
:1064F8008032D8F800004FF480534FF4005100E088
:106508008167046FE40307D5046FA404F8D4046F0B
:10651800E40403D44367F4E74267F2E79CFAACF17A
:1065280041F21832B1FA81F1C0F88060C0F8905099
:10653800C2F2200252F8212041F20436C0F870A0BD
:10654800036FC2F2200656F8211023F4C0131A4331
:106558000267D0F8702147F6FF73CFF67F731A40B1
:106568004FF4805342EAC15242EAC131C0F8701177
:106578004FF400514FF4803200E08367066FB60491
:106588000BD5066FF604F8D4066FB6F1FF3FF5DCBD
:10659800066FF60303D58267F0E74167EEE7BDE8CB
:1065A8000007F0BD41F2C02041F2F422C2F22000FF
:1065B800C2F22002652108F0BFF941F2182041F229
:1065C8005C22C2F22000C2F22002892108F0B4F94C
:1065D80041F26C2041F2A022C2F22000C2F2200255
:1065E800672108F0A9F941F2B020C2F2200008F0B2
:1065F8001FF980B56F4680BDF0B503AF2DE9000FD8
:10660800ADF5057D0DF1040980464FF4007148464B
:1066180008F0CBFC44F2B82A0DF5017BC2F2000A5F
:1066280000246FF00F055646DAE96001CDE98301D1
:1066380058468294819602F0D4F90DF5017C09EB55
:10664800050010350C369CE80E1001341030B5F5F5
:10665800F87F80E80E10E7D101A940464FF4007298
:1066680008F0FAFC0DF5057DBDE8000FF0BD80B51A
:106678006F46B1F5487F98BF4FF4487140F22762E2
:10668800914228BF114644F2AF73A1F548710068E2
:106698008AB25A43C368A1EB124189B2490801EB97
:1066A800124123F01F0242EA1111C16004E001689F
:1066B800B1F1FF3FD8BF80BD0168002905D401684A
:1066C80000295CBF01680029F1D580BDF0B503AF92
:1066D8002DE9000B44F2E043C4F21F031B68C3F327
:1066E8000B2E4FEA135CE6451FBF0124C1F8884111
:1066F800DBB24FF47A781FBF03FB08F9ACEB0E044A
:10670800D1F8906149F658651FBFCFF6FF7513FBA6
:10671800085393FBF4F3C2EA06021FBFC1F89021A5
:1067280080E80A40C0F80C90BDE8000B18BFF0BD27
:1067380041F22C30C2F2200008F07AF8F0B503AF2D
:106748004DF804BD044690F834000D46012801D1E7
:10675800206835E002F0B8F9064602F0A8F920688A
:10676800F1072DD1002855D14FF0FF306900206086
:10677800E8B241EAD011A268C8B2824217D9E269E8
:1067880001F00F011268BFF35F8F92B222FA01F194
:10679800C9070CD0A169814242D9616900EB800028
:1067A80001EB80008068016821F0005101602068D9
:1067B800013020605DF804BBBDE8F04002F079B913
:1067C80040BB4FF0FF3069002060E8B241EAD011C9
:1067D800A268C8B2824217D9E26901F00F011268B3
:1067E800BFF35F8F92B222FA01F1C9070CD0A169F9
:1067F800814215D9616900EB800001EB8000806857
:10680800016821F0005101602068013020605DF8C6
:1068180004BBF0BD41F23C30C2F2200007F064FF37
:1068280041F20C42C2F2200208F024F8F0B503AF9E
:106838002DE9000794B080460068002840F0828067
:106848004FF0FF30C2464AF8200B002008210C9078
:10685800CDE9060108F1040908900121039001908F
:1068680001A800F1400600F11004CDF84090059110
:106878000AE022F44C0242EA814101F54001C0F8E5
:10688800C411059802281FD02046314601F0B9FAF4
:10689800D0B1017C11F07F02F3D0DAF80030082A79
:1068A800119255D24DB2417C501EB5F1FF3FC0B296
:1068B80003EB8000D0F8C421DBDD22F00C0242EAB1
:1068C800810141F0C001DAE700200821CDE9060185
:1068D8000121CDF840900C9008900591039001900B
:1068E8000CE0B1F1FF3F06DD81680968C1F30A4297
:1068F800514601F0C1FB059802281AD020463146BE
:1069080001F07FFAA8B1027C51B212F07F02E8D000
:10691800DAF80030082A11921AD2013A0029D2B2C4
:1069280003EB8202D2F8C421E5D412F08001DBD156
:10693800E1E7D8F800000130C8F8000014B0BDE85D
:106948000007F0BD41F23C30C2F2200007F0CCFE57
:1069580046F6997041F2DC32C0F2000012A9139099
:1069680011A8129040F62200C2F22000C2F22002C2
:1069780007F0E2FFF0B503AF2DE9000F83B0D1F8BF
:1069880000B00A46DBF80010002940F0D781D2E9B0
:1069980001514FF0FF33CBF80030D2682B78DBF889
:1069A80008405E0046EAD316F3B29C423CD9DBF8B5
:1069B8001C4006F00F062468BFF35F8FA4B224FAC8
:1069C80006F6F60730D0DBF818609E4240F2C28126
:1069D8002B785E0635D05E00DBF8085046EAD31601
:1069E800F3B29D4240F2B081DBF81C5006F00F066E
:1069F8002D68BFF35F8FADB225FA06F6F60700F0F3
:106A0800A381DBF818609E4240F2AC81DBF8146089
:106A180003EB830306EB830ADAF80C60766816F05A
:106A2800680F20D0072100E0052141700121DBF823
:106A380000200170501CCBF8000003B0BDE8000F27
:106A4800F0BDDBF80830002B1FBFDBF81C301B68DB
:106A5800BFF35F8F5FEAC3731BD141F25C30C2F2B0
:106A6800200007F0BDFED9469AF8104059F820CF0B
:106A780004F01F0566B20124DCF8B831B6F1FF3F17
:106A8800D8BF1B0CAC4023401B0600F0B48000218B
:106A9800CBE7DBF81830002B00F06C81DA460124D4
:106AA8005AF8203F082A5AF80C9CD3F8ACE199F818
:106AB800106006F01F0C04FA0CF556D315EA0E0404
:106AC80053D0D9F80860C3F8AC51D3F8402142F448
:106AD8000052C3F84021D6E90A25D3F84041A4045E
:106AE80025D4D3F8402142F40052C3F84021D6E916
:106AF8000A25D3F84041A4045FBFD3F8402142F4EB
:106B08000052C3F84021D6E90A255CBFD3F84041BA
:106B18005FEA84440BD4D3F8402142F40052C3F80E
:106B28004021D6E90A25D3F84041A404CDD5D3F8AD
:106B3800406126F40056C3F840614D6001250A60A3
:106B480099F81020DAF8001053B202F01F02D1F8B9
:106B5800B861B3F1FF3FD8BF360C95402E403606DA
:106B680000F095804FF00808E4E0D9F80C4064681C
:106B780014F0680F7FF456AFD3F8B84176B2B6F187
:106B8800FF3FD8BF240C25402D067FF480AFB6F117
:106B9800FF3F4FF48036C8BF01264FF47F0506FA41
:106BA8000CF6C8BFFF252E40C3F8BC6199F9103018
:106BB8004FF4803EDAF800604FF47F04B3F1FF3FF2
:106BC80003F01F03C4BFFF244FF0010E05460EFA61
:106BD80003F348462340C6F8783101F0D1FA8046DD
:106BE800D9F8080051460068C0F30A42484601F047
:106BF80043FA28469EE0BBF8303006F00F04E34025
:106C0800DB073FF444AF4FF480330290B6F1FF3F07
:106C1800C8BF01234FF47F0603FA05F3C8BFFF2658
:106C28003340CCF8BC314FF480309AF910304FF42F
:106C38007F04D9F80060B3F1FF3F03F01F03C4BF1E
:106C4800FF24012098402040C6F87801DAF80C604B
:106C5800DAE9013005687468F669C5F30A484245FF
:106C680038BF9046C4F30E42B21A424538BF904628
:106C7800434538BF9846B8F1000F53D0DAF800E022
:106C880008F00302B8F1040F1ED2002639E04FF4D1
:106C98008036B3F1FF3FC8BF01264FF47F0306FAE1
:106CA80002F2C8BFFF231A40C1F87821D9F80810AA
:106CB800054648460968C1F30A42514601F0DCF925
:106CC80028464FF0080835E0CDE9002940F2FC726B
:106CD80008EA020C4D1C00260EEB06041EF80630CE
:106CE800A81994F8019005F806900436B445A278DE
:106CF80000F8013C4270E2788270EDD1DDE90029AC
:106D0800B6446AB19EF80000012A885508D031447B
:106D18009EF80100022A48701CBF9EF80200887085
:106D2800DAF8080000684946C0F30A42504601F004
:106D3800A3F902980021C0F8048078E641F23C30BB
:106D4800C2F2200007F0D0FC41F2AC30C2F22000C1
:106D580007F046FD41F21C42C2F2200218463146B5
:106D680007F088FD41F20C42C2F220021846314673
:106D780007F080FD41F20C420020C2F220020021FF
:106D880007F078FDF0B503AF4DF804BD84B0046892
:106D9800216800296DD1D0E901014FF0FF3222604E
:106DA800A5680378580040EAD312D0B2854259D971
:106DB80091F800C002F00F02E169012505FA02F21C
:106DC8000968BFF35F8F0A424CD0A16981425CD940
:106DD800A168814253D9E1690968BFF35F8F0A420C
:106DE8004DD0A169814256D9214600EB800051F867
:106DF800206F51F80C5C05EB8000057C05F07F02E4
:106E08000192082A4DD26DB205F03F024FFA83FE77
:106E1800002D06EB8202D2F8C03146BF23F480333E
:106E28006CF310436CF30003BEF1000FC2F8C031DD
:106E380018D45FEACC7215D10A68012690F910308F
:106E4800002BD2F8B82103F01F0348BF120C06FA32
:106E580003F31A40120605D182681268C2F30A4287
:106E680001F00AF920680130206004B05DF804BB25
:106E7800F0BD41F23C30C2F2200007F035FC41F28F
:106E8800BC30C2F2200007F0ABFC41F21C42C2F257
:106E9800200207F0EFFC41F20C42C2F2200207F098
:106EA800E9FC46F6997041F2DC32C0F2000002A912
:106EB800039001A8029040F62200C2F22000C2F21C
:106EC800200207F039FDF0B503AF4DF804BD82B0DC
:106ED80004682168002940F0F680D0E9011E4FF0CF
:106EE800FF33D0E903C2204640F8043B0B78DBB1FE
:106EF8004978A5684A0042EAD112D3B29D4240F2CD
:106F0800C580E56902F00F022D68BFF35F8FADB24F
:106F180025FA02F2D20700F0B980A169994240F23D
:106F2800DE8001200521C7E01378A66843F001013F
:106F38004D0045EAD315EBB29E4240F2A780E669C0
:106F480005F00F053668BFF35F8FB6B226FA05F570
:106F5800ED0700F09B80A169994240F2C080137848
:106F6800A66843F002014D0045EAD315EBB29E42F4
:106F780040F28C80E66905F00F053668BFF35F8F35
:106F8800B6B226FA05F5ED0700F08080A1699942AE
:106F980040F2A5801378A66843F003014D0045EA46
:106FA800D315EBB29E4271D9E66905F00F05366834
:106FB800BFF35F8FB6B226FA05F5ED0766D0A16973
:106FC800994240F28C801378A66843F004014D0082
:106FD80045EAD315EBB29E4258D9E66905F00F058C
:106FE8003668BFF35F8FB6B226FA05F5ED074DD0C8
:106FF800A169994273D91378A66843F005014D0039
:1070080045EAD315EBB29E4240D9E66905F00F0573
:107018003668BFF35F8FB6B226FA05F5ED0735D0AF
:10702800A16999425BD91378A66843F006014D001F
:1070380045EAD315EBB29E4228D9E66905F00F055B
:107048003668BFF35F8FB6B226FA05F5ED071DD097
:10705800A169994243D91278A56842F007014B000B
:1070680043EAD212D3B29D4210D9E56902F00F0269
:107078002D68BFF35F8FADB225FA02F2D20705D0B3
:10708800A16999422BD90120032115E0E26ABEF8D3
:1070980000309A4203D3D21AA66AB24202D2012021
:1070A800042109E0E2620D469CF80060009600F0B9
:1070B80065FF70B10020294622680132226002B0C3
:1070C8005DF804BBF0BD41F23C30C2F2200007F08D
:1070D8000BFB41F26C30C2F2200007F081FB41F259
:1070E8001C421846C2F2200207F0C4FBF0B503AFF9
:1070F8002DE9000F83B00E683268002A40F0008244
:10710800D1E9015ECC684FF0FF3131602978B2686F
:107118004B0043EAD111CBB29A4272D9F26901F01D
:107128000F011268BFF35F8F92B222FA01F1C9070B
:1071380067D0B169994240F2EF8129784A0662D056
:107148004B0043EAD111B268CBB29A4240F2DE81D9
:10715800F26901F00F011268BFF35F8F92B222FA51
:1071680001F1C90700F0D281B169994240F2E18189
:10717800716903EB830201EB8209D9F80C104968A5
:1071880011F0680F54D1B04699F8102058F820CF64
:1071980002F01F0355B20122DCF8B811B5F1FF3F28
:1071A800D8BF090C9A401140090657D102904FF4F4
:1071B8008030B5F1FF3FC8BF01204FF47F0100FACE
:1071C80003F0C8BFFF210840CCF87801D9E90101D4
:1071D80009684FEA114A6FF3DF2A544538BFA246BF
:1071E800504538BF8246BAF1000F00F0C280D9F886
:1071F80000400AF00302BAF1040F67D200212346C7
:107208007CE005212BE0B1680229C0F08C81F1698E
:107218000968BFF35F8F890740F18581B16901294A
:1072280040F28E8171690A6A526812F0680F01D0C3
:10723800072114E0B14691F8242059F820CF02F034
:107248001F0A53B20122DCF8B85102FA0AF2B3F16C
:10725800FF3FD8BF2D0C2A4012060AD000214170EA
:10726800012132680170501C306003B0BDE8000F86
:10727800F0BD02904FF48030B3F1FF3FC8BF01204A
:107288004FF47F0200FA0AF0C8BFFF221040CCF882
:10729800780101F11408D1E9060109684FEA114A99
:1072A8006FF3DF2A544538BFA246504538BF82469F
:1072B800BAF1000F00F0BF80D8F800400AF0030CC4
:1072C800BAF1040F5FD20021234676E00EF10103E4
:1072D8002AF0030B002101925D185A5C15F8010C85
:1072E80095F801C0AD7860546018043142708B4540
:1072F80080F802C0C570EFD1019A631862B11EF818
:107308000100012A187007D00EEB0100022A41780B
:1073180059701CBF80789870AAF10100012101EB17
:10732800501505F0030B01F0C6FB4EF6707024F003
:107338001F01CEF20000BAF1610F0ED325F003024F
:1073480001F120030160036001F14003036001F1D2
:1073580060038031043A0360F2D1BBF1000F1CBF17
:107368000160BBF1010F40F0B98001F0A4FB01F00E
:10737800A5FB48464146524600F07EFE0298C0F8FA
:1073880004A000216DE70EF101032AF0030B002190
:10739800CDF804805D185A5C15F8010C95F8018049
:1073A800AD7860546018043142708B4580F80280D3
:1073B800C570EFD1DDF804806318BCF1000F0ED062
:1073C8001EF80100BCF1010F187008D00EEB010087
:1073D800BCF1020F417859701CBF80789870AAF1EF
:1073E8000100012101EB501505F0030B01F063FBCF
:1073F8004EF6707024F01F01CEF20000BAF1610F52
:107408000ED325F0030201F120030160036001F1AE
:107418004003036001F160038031043A0360F2D154
:10742800BBF1000F1CBF0160BBF1010F5FD101F080
:1074380042FB01F043FB40464946524600F01CFE21
:10744800B06800281FBFF0690068BFF35F8F5FEA6C
:10745800C07005D141F28C30C2F2200007F0C0F9AB
:10746800B0690028029872D0D6F814C00121326A97
:107478009CF81030D2F8B8415DB203F01F03B5F1A3
:10748800FF3FD8BF240C9940214009067FF477AF0D
:107498004FF48031B5F1FF3FC8BF01214FF47F049D
:1074A80001FA03F1C8BFFF242140C2F8BC119CF9BE
:1074B80010104FF480304FF47F05D9F80020B1F157
:1074C800FF3F01F01F01C4BFFF2501208840494646
:1074D8002840C2F87801604600224DE701F12002F9
:1074E8000260BBF1020F1CBF403101603DE701F1B2
:1074F80020020260BBF1020F1CBF4031016096E719
:1075080041F23C30C2F2200007F0EEF841F2CC30F4
:10751800C2F2200007F064F941F21C421846C2F298
:10752800200207F0A7F941F27C30C2F2200007F0F0
:1075380057F941F20C421846C2F2200207F09AF9B4
:1075480041F20C420120C2F2200207F093F941F205
:107558000C420020C2F22002002107F08BF9F0B59E
:1075680003AF4DF804BD044690F834000D460128D9
:1075780001D1206829E001F0A7FA064601F097FA40
:107588002068F10721D1002801BF206A4FF0FF31A0
:107598002160D0F8481101BF21F0410165F30001D5
:1075A80065F38611C0F8481101BF206801302060DA
:1075B8005DF804BB04BFBDE8F04001F07ABA41F2BF
:1075C8003C30C2F2200007F08FF8002801BF206A83
:1075D8004FF0FF312160D0F8481101BF21F041017F
:1075E80065F3000165F38611C0F8481101BF2068F2
:1075F800013020605DF804BB08BFF0BDDFE790F8FC
:107608003410012908BFFFF711B9B0B502AF04461D
:1076180001F05AFA054601F04AFA2046FFF706F942
:10762800E807BDE8B04018BF704701F042BAF0B5AE
:1076380003AF4DF804BD84B0044690F834000D46FD
:10764800012801D1206845E001F03EFA064601F024
:107658002EFA2068F1073DD16FF00041884275D2BB
:1076680001302060E8B2690041EAD011A268C8B2CE
:10767800824271D9E26901F00F011268BFF35F8F8E
:1076880092B222FA01F1C90766D0A169814269D98B
:10769800626900EB8000216A02EB8000007C00F048
:1076A8007F020192082A63D240B200F03F0200280C
:1076B80001EB8201D1F8C0512168A1F101012160DB
:1076C80048BF2D0C01F0F5F905F0010004B05DF894
:1076D80004BBF0BD6FF00041884237D20130206012
:1076E800E8B2690041EAD011A268C8B2824233D92F
:1076F800E26901F00F011268BFF35F8F92B222FABC
:1077080001F1C90728D0A16981422BD9626900EB30
:107718008000216A02EB8000007C00F07F02019269
:10772800082A25D240B200F03F02002801EB82016E
:10773800D1F8C0512168A1F10101216048BF2D0C89
:1077480005F0010004B05DF804BBF0BD41F24C3017
:10775800C2F2200006F0DAFF41F29C30C2F22000AB
:1077680007F03EF841F21C42C2F2200207F082F80C
:1077780046F6997041F2DC32C0F2000002A903908B
:1077880001A8029040F62200C2F22000C2F22002B4
:1077980007F0D2F8D0B502AF84B007F8161CA7F1ED
:1077A800150107F8152CA7F11602039190F834106B
:1077B800CDE90102012904D101A8FFF7E3FA04B0D9
:1077C800D0BD01F081F9044601F071F901A8FFF775
:1077D800D9FAE00708BF01F06CF904B0D0BDF0B5E4
:1077E80003AF4DF804BD044690F834000D46012857
:1077F80001D1206823E001F067F9064601F057F946
:107808002068F1071BD1002801BF206A4FF0FF3123
:107818002160690601BF01F18071C0F85411206828
:10782800013001BF20605DF804BBBDE8F04001F005
:1078380040B941F23C30C2F2200006F055FF002862
:1078480001BF206A4FF0FF312160690601BF01F1D5
:107858008071C0F854112068013002BF20605DF8C3
:1078680004BBF0BDE5E7F0B503AF4DF804BD054630
:1078780091F834000C4601280ED12068002870D1F8
:10788800206A4FF0FF312160D0F844114A063BD4FA
:10789800C90724D100203BE001F016F9064601F0A3
:1078A80006F9F0070ED1206800285AD1206A4FF057
:1078B800FF312160D0F844114A0630D4C90733D1CA
:1078C800002045E0206800284BD1206A4FF0FF31A6
:1078D8002160D0F844114A0616D4C907DAD001212C
:1078E800C0F84411D0F8BC11D0F8BC21C9B2C2F319
:1078F800074221861304C0F8BC31AA806980D0F8F9
:10790800AC01E880022003E04021C0F844110120C6
:1079180021682880481C20605DF804BBF0BD402128
:10792800C0F84411012013E00121C0F84411D0F837
:10793800BC11D0F8BC21C9B2C2F307422186130496
:10794800C0F8BC31AA806980D0F8AC01E880022078
:1079580021682880481C206001F0ABF85DF804BB62
:10796800F0BD41F23C30C2F2200006F0BDFEB0B5D9
:1079780002AF86B0BD6807F8192C91F83420CDE91C
:107988000435A7F11903012ACDE9021304D102A98C
:10799800FEF7F0FF06B0B0BD044601F095F80546C5
:1079A80001F085F802A92046FEF7E4FFE80708BFC2
:1079B80001F07FF806B0B0BDF0B503AF4DF804BDD7
:1079C80094B0044690F83400012876D12068002845
:1079D80040F07281206A4FF0FF312160D0F8B81171
:1079E800C0F8B811D0F8BC11C0F8BC11D0F87811A3
:1079F800C0F878110021C0F87C11D0F8B01159B145
:107A0800D0F8B01100291CBFD0F8B011002903D05C
:107A1800D0F8B0110029F0D14FF0FF31C0F8B411FF
:107A2800D0F8B41159B1D0F8B41100291CBFD0F85E
:107A3800B411002903D0D0F8B4110029F0D1201DC9
:107A4800109000200821CDE9060101210C90089032
:107A58000390019001A800F1400500F1100605917E
:107A680003E00598022800F017813046294600F007
:107A7800C8F9002800F01081007C10F07F01F0D0D8
:107A8800226A0829119180F01D81013940B2B0F1B4
:107A9800FF3F6FF40C00C9B202EB8101D1F8C42199
:107AA800C8BF6FF08C0000EA02004FF40022C8BF84
:107AB80008221043C1F8C401D3E701F005F80546D0
:107AC80000F0F5FF2068E90775D1002840F0F48040
:107AD800206A4FF0FF312160D0F8B811C0F8B81112
:107AE800D0F8BC11C0F8BC11D0F87811C0F87811E2
:107AF8000021C0F87C11D0F8B01159B1D0F8B011FC
:107B080000291CBFD0F8B011002903D0D0F8B0115B
:107B18000029F0D14FF0FF31C0F8B411D0F8B411FA
:107B280059B1D0F8B41100291CBFD0F8B4110029FC
:107B380003D0D0F8B4110029F0D1201D10900020F6
:107B48000821CDE9060101210C90089003900190CD
:107B580001A800F1400500F11006059103E0059821
:107B6800022800F0A0803046294600F04AF9002893
:107B780000F09980007C10F07F01F0D0226A08297B
:107B8800119180F09F80013940B2B0F1FF3F6FF44E
:107B98000C00C9B202EB8101D1F8C421C8BF6FF053
:107BA8008C0000EA02004FF40022C8BF08221043EC
:107BB800C1F8C401D3E700287ED1206A4FF0FF3115
:107BC8002160D0F8B811C0F8B811D0F8BC11C0F8CD
:107BD800BC11D0F87811C0F878110021C0F87C11D8
:107BE800D0F8B01159B1D0F8B01100291CBFD0F8A5
:107BF800B011002903D0D0F8B0110029F0D14FF00E
:107C0800FF31C0F8B411D0F8B41159B1D0F8B4119B
:107C180000291CBFD0F8B411002903D0D0F8B41142
:107C28000029F0D1201D109000200821CDE906017F
:107C380001210C9008900390019001A800F14005E3
:107C480000F11006059102E00598022824D030467C
:107C5800294600F0D6F8F8B1007C10F07F01F3D087
:107C6800226A082911912DD2013940B2B0F1FF3FA3
:107C78006FF40C00C9B202EB8101D1F8C421C8BF6E
:107C88006FF08C0000EA02004FF40022C8BF0822FF
:107C98001043C1F8C401D7E720680130206014B050
:107CA8005DF804BBF0BD20680130206000F001FFE2
:107CB80014B05DF804BBF0BD41F23C30C2F22000C4
:107CC80006F012FD46F6997041F2DC32C0F200006F
:107CD80012A9139011A8129040F62200C2F22000B7
:107CE800C2F2200206F028FEB0B502AF86B0BD6829
:107CF80007F8192C91F83420CDE90435A7F11903B8
:107D0800012ACDE9021304D102A9FFF7EFF906B061
:107D1800B0BD044600F0D8FE054600F0C8FE02A932
:107D28002046FFF7E3F9E80708BF00F0C2FE06B0F7
:107D3800B0BDB0B502AF044690F83400012801D1B7
:107D480020681BE000F0C0FE054600F0B0FE206889
:107D5800E90713D1002801BF206AD0F8401141F08B
:107D68000101C0F8401104BFBDE8B04000F0A1BE59
:107D780041F23C30C2F2200006F0B6FC002801BFF8
:107D8800206AD0F8401141F00101C0F8401108BF45
:107D9800B0BDEDE7B0B502AF88B007F8221CA7F177
:107DA80022010791A7F11F010691A7F11E01D7E94A
:107DB800024507F8212CA7F12102059190F834100B
:107DC80007F8203C012907F81F4C27F81E5CCDE96D
:107DD800030204D103A8FFF776F808B0B0BD00F09D
:107DE80073FE044600F063FE03A8FFF76CF8E20791
:107DF80005D104460D4600F05CFE2946204608B031
:107E0800B0BDB0B502AFC26AC168012903D1D0E9DB
:107E18000413994250D10168012941D1D0E90113D5
:107E280099423DD200F1180C4FF0020E012403E0F4
:107E3800D0E90113994233D24B1C436041F08003CF
:107E4800C9B2C0F814E041EA032101830021C460EB
:107E580003E0D0E904139942EAD01CF8013001315B
:107E680001615568590041EAD311CBB29D42F0D95E
:107E7800956901F00F012D68BFF35F8FADB225FA48
:107E880001F1C907E5D05169994269D9116903EB34
:107E9800830301EB8303197C4906DAD01846B0BD89
:107EA800C1690023C360012903D1D0E90815A9429B
:107EB8002BD1C3611846B0BD00F1180C03E0D0E91E
:107EC80004139942A7D01CF80130013101615468AC
:107ED800590041EAD311CBB29C42F0D9946901F020
:107EE8000F012468BFF35F8FA4B224FA01F1C90718
:107EF800E5D05169994233D9116903EB830301EB4A
:107F08008303197C4906DAD0C8E700F1280E03E09C
:107F1800D0E90815A942CCD01EF801500131016200
:107F28005468690041EAD5115FFA81FC6445EFD9CC
:107F3800946901F00F012468BFF35F8FA4B224FA9B
:107F480001F1C907E4D05169614510D911690CEBF9
:107F58008C0501EB85010D7C6D06D9D00846B0BDB6
:107F680041F20C421846C2F2200206F083FC41F2AC
:107F78000C426046C2F2200206F07CFCF0B503AF6A
:107F88002DE9000B84464668C8B24D0045EAD01476
:107F9800E0B2864217D9DCF8189004F00F04D7F83D
:107FA8000880012606FA04FEBFF35F8F59E8006FC8
:107FB80046EA0E0449E80045002DF7D116EA0E0FEF
:107FC800BFF35F8F03D00020BDE8000BF0BDDCF8E5
:107FD8000CE0864542D9DCF814E0864545D9DCF842
:107FE80000601D46B3F5806F06EB8014266846F0E6
:107FF80000562660266828BF4FF480656FF31A463E
:1080080046EA0546266026685FEA0865DCF808E067
:1080180026F40049DCF810C04EB24D4608BF05F5FD
:108028000045B6F1FF3FD8BF4D4625604501012602
:108038004EF805600EEB401600EB8000756825F0E1
:10804800FF0575604CF820200CEB80000174011DC1
:1080580080F8118058C1BDE8000BF0BD41F2EC3248
:108068007146C2F2200206F005FC41F2FC3271466C
:10807800C2F2200206F0FEFBF0B503AF4DF8048D06
:1080880082B005468846EE68012100683160716853
:10809800F26162F31E417160CAB1B06040F6FF71CF
:1080A800B068884300F58050F060F0686FF30B000B
:1080B80000F58050306130696FF30B0000F5805097
:1080C800706170696FF30B0000F5805004E00020C8
:1080D800B060F06030617061B0618021706840F418
:1080E80000407060706861F307007060009600F0EF
:1080F800E2FC4EF670746846CEF2000420F01C00D4
:10810800206000F0D8FC00F0D9FCA8688660C1683F
:1081180021F0FF01C160019000F0CDFC01A820F022
:108128001C0020602030206000F0C5FC00F0C6FC78
:1081380095F910104FF47F02D8F800004FF48033FF
:10814800B1F1FF3F01F01F01C8BFFF22C8BF0123E3
:1081580003FA01F11140C0F8B011D0F8B01159B1CB
:10816800D0F8B01100291CBFD0F8B011002903D0F5
:10817800D0F8B0110029F0D102B05DF8048BF0BD41
:10818800F0B503AF2DE9000B0346D0E901C0DC6868
:108198000068D4F804E0C0F30A40E469824238BFBA
:1081A8001046CEF30E42A21A824238BF10468445CA
:1081B80038BF604648B1D3F8008000F0030C0428AB
:1081C80006D20023BCF1000F1FD1BDE8000BF0BDA3
:1081D80040F2FC7300EA030E01F10109002308EBE9
:1081E800030618F8035009EB0304727809F8032012
:1081F80004339E45B27804F8015C6270F278A2708C
:10820800EDD19844BCF1000FDFD098F80020BCF104
:10821800010FCA54D9D0194498F80120BCF1020FB3
:108228004A701CBF98F802208A70BDE8000BF0BDA8
:10823800F0B503AF4DF804BD91F82330012591F84E
:10824800226091F82440002B91F82510D0E9052CE4
:108258000CF1020E01770CF10401C0E900516FF036
:108268007F0518BF6FF03F0596451CD80CF5807345
:108278001146934238BF1946734532D3A1EB0E011C
:10828800072910D345EA441104694FF0807344F874
:108298000E3004EB0E03597100219E7119710CF117
:1082A8000903934203D902205DF804BBF0BD94454D
:1082B8001ED2092104F80C100CF1010191423FBFB4
:1082C80002226254836108203CBF5DF804BBF0BD04
:1082D80041F23C430846C2F2200311461A4606F012
:1082E800C9FA41F24C437046C2F2200306F020FA64
:1082F80041F22C436046C2F2200311461A4606F0AA
:10830800B9FAF0B503AF2DE9000B9446120601D077
:1083180042690AE00268012A3AD1446842699442F3
:108328005CD20669355D01353555D0F818E04FF057
:108338000108D7E904490EF10405002CC0E90285BB
:1083480008BFA1460EF1020494421DD80EF58076AE
:108358001546964238BF3546A64237D32D1B072D02
:1083680012D30569D7E9028629552919CB7000234C
:108378008B700EF10903934281F806904E7181F8D3
:10838800048081F801C007D90220BDE8000BF0BDC8
:108398000720BDE8000BF0BD964528D2092105F855
:1083A8000E100EF1010191423FBF04226A5483610D
:1083B80008203CBFBDE8000BF0BD41F23C43084635
:1083C800C2F2200311461A4606F054FA41F24C4311
:1083D8002046C2F22003294606F0AAF941F25C437E
:1083E8002046C2F2200311461A4606F043FA41F22B
:1083F8002C437046C2F2200311461A4606F03AFA98
:108408004269032A81BF016980694880704780B545
:108418006F4641F26C430220C2F22003042106F0A9
:1084280087F9F0B503AF2DE9000B057F012D35D194
:108438001546D0E9052C0CF1020E96451ED80CF510
:1084480080761446964238BF344676452AD3A4EB44
:108458000E04062C12D304690026D7E9028904F811
:108468000E1004EB0E018B700CF1080393424E7151
:1084780081F8049081F803804D7003D90220BDE88B
:10848800000BF0BD944515D2082104F80C100CF12E
:108498000101914217D20B22836162540820BDE882
:1084A800000BF0BD41F24C437046C2F22003214656
:1084B80006F03EF941F22C436046C2F22003114611
:1084C8001A4606F0D7F941F23C430846C2F22003A7
:1084D80011461A4606F0CEF9F0B503AF2DE90007AC
:1084E800D0E9058A04460AF10200404518D80AF581
:1084F80080754646454538BF2E4685422BD3361AE9
:10850800B3420DD8264624698946114620441A46A6
:108518001D4606F063FBA81C0AEB0001414503D980
:108528000220BDE80007F0BDC2451CD204F80A00CD
:108538000AF1010040453FBF04F80090B1610820EE
:10854800BDE8000738BFF0BD41F23C424146C2F2E7
:10855800200206F08FF941F24C433146C2F2200363
:10856800424606F0E5F841F22C425046C2F220029B
:10857800414606F07FF9F0B503AF2DE9000F87B04B
:10858800D1F800A00E698D68BAF1000F18BF4FF03E
:10859800010A002E18BF0326002D18BF0225D0E9B6
:1085A800052C0CF1020E964504D9022007B0BDE84F
:1085B800000FF0BD0CF580731446934238BF1C467B
:1085C80073455BD3A4EB0E03102B04D2022007B033
:1085D800BDE8000FF0BD91F821300124069391F811
:1085E80020300393CB7F04938B7FB1F81A80B1F8C6
:1085F8001890898B0593D0F810B00B0A02934FEAB4
:10860800182301934FEA192300934FF404732BF8AE
:108618000E300BEB0E039972019959720099D971BA
:10862800069959710399197104999E73029ED9701C
:108638000599DC735D7383F80CA0DE7283F80880FB
:1086480083F8069099700CF11203934204D9022022
:1086580007B0BDE8000FF0BD944517D212210BF802
:108668000C100CF10101914219D2012283610820FA
:108678000BF8012007B0BDE8000FF0BD41F24C43F4
:108688007046C2F22003214606F052F841F22C430C
:108698006046C2F2200311461A4606F0EBF841F292
:1086A8003C430846C2F2200311461A4606F0E2F897
:1086B800F0B503AF2DE9000F83B096460646D0E922
:1086C8000520831C934204D9022003B0BDE8000FA3
:1086D800F0BD904280F08780356900232B54431CFD
:1086E800934280F0888002960326EE542B1801EB03
:1086F8000E0B03F1020C019500254FF0000A4419F6
:10870800BAF1000F04F1020E0BD10EE02CF805A00F
:108718000235CA4641464419BAF1000F04F1020E67
:1087280003D04FF00009884642E0594550D08846AA
:1087380018F9013BB3F1FF3F5FFA83FA36DC4E7854
:108748000AF01F08BAF1E00F06F03F0620D38B7835
:10875800BAF1F00F03F03F0343EA86161DD3CB7836
:1087680003F03F0343EA861308F0070601F1040803
:1087780043EA86490021B1EB194F16D009F57F016C
:10878800372363F39F294FF4584343EA912A0FE0B4
:1087980046EA881A01F1020808E046EA083901F1B8
:1087A80003080021B1EB194FE8D1CA464FF0000980
:1087B8009645BFF489AF211D1EF1030F98BF914262
:1087C800A4D941F29C437046C2F2200305F0B0FFE1
:1087D800019AA91C11540298C0F818E0082003B0A7
:1087E800BDE8000FF0BD41F27C431146C2F2200300
:1087F8001A4606F03FF841F28C4C1846C2F2200C9B
:108808001146624606F036F880B56F4684B0D7F850
:1088180008E0944600220292CDE9003E6346FFF745
:1088280070FD04B080BDF0B503AF4DF804BD056818
:10883800012D15D1D0E901067469A04246D23469E8
:10884800255C013525540224D6E905C01D180335D9
:10885800654598BFFC2B08D920465DF804BBF0BDE0
:10886800072420465DF804BBF0BD604535D2356964
:10887800DC1C2C54441CD6F814C0644534D2D6F8F9
:1088880010C010250CF80450841CD6F814C0644598
:1088980032D2356903302955C418D6F814C00DD220
:1088A80064450BD83169084411461A4606F096F912
:1088B800B461082420465DF804BBF0BD41F2EC43E6
:1088C8002146C2F22003624605F032FF41F2AC4273
:1088D8002146C2F2200205F0CDFF41F2BC426146BA
:1088E800C2F2200205F0C6FF41F2CC42C2F22002D9
:1088F8002046614605F0BEFF41F2DC42C2F220028A
:108908002046614605F0B6FFB0B502AF8368012185
:10891800D3E9052C0CF104040CF1020E9645C0E9CC
:10892800001416D80CF580741146944238BF2146BD
:10893800744532D3A1EB0E0103290AD31C69002523
:1089480004EB0E0124F80E508D700CF105019142D4
:1089580001D90220B0BD944526D2052504F80C5053
:108968000CF1010C94453FBF0F2204F80C209961CB
:1089780040F66C323FBFC2F2200202210423BDE858
:10898800B04038BFFFF74FBF41F23C43C2F220036B
:10899800114660461A4605F06DFF41F24C43704699
:1089A800C2F2200305F0C4FE41F22C43C2F22003B8
:1089B800114660461A4605F05DFF81680023036092
:1089C8004A69032A81BF086989694180704780B56F
:1089D8006F4641F2FC430220C2F22003042105F055
:1089E800A7FE014640681F289FBF896801EB401019
:1089F8004FF4805100229FBF425000F58050828082
:108A080082719FBFC2718260C26002619FBF828211
:108A1800C282826182839CBFC283704780B56F46E1
:108A280041F20C522021C2F2200205F023FF4EF23F
:108A38001000CEF200000068C00348F68420C2F29D
:108A480000000ED580B56F46BFF35F8F50E8001F5A
:108A5800013140E80012002AF8D1BFF35F8FBDE86A
:108A680080400068704780B56F4680BD80B56F460E
:108A7800BDE88040004780B56F46014641F21C5072
:108A8800C2F2200080BDD0B502AF00F01DF8012170
:108A980021EA000400F00BF82046D0BD80B56F46EF
:108AA800002808BF80BDBDE8804000F002B872B65B
:108AB800704762B67047BFF34F8F7047BFF36F8F31
:108AC8007047EFF308807047EFF31080704780F32A
:108AD8001188704780B56F4692B0019044F24040CB
:108AE800C2F200000021D0E84F2FC0E8431F002B3E
:108AF800F9D17AB348F69420C2F20000006848B36E
:108B080046F68F106223C0F200000B93039001A871
:108B1800029002A840F2A133109040F2A150C2F294
:108B28002003C2F2200041F22C510F900D200A932D
:108B38000023C2F2200101220E90CDE90803C920CA
:108B4800CDE90420781E0D91CDE9063104A90C92D7
:108B580000F0DDF800F000F880B56F4648F24810E4
:108B68000521C4F21F004BF2004301603821C0F810
:108B7800F0114CF26C00C4F20A0041F6004E016894
:108B88004EF6004CC0F2C443C0F64E6E21F0080108
:108B980001604CF28400C2F2601CC4F21B0050F861
:108BA800801C41F0080140F8801C082101601A4629
:108BB800013AFDD141601A46013AFDD101601A46D9
:108BC800013AFDD141601A46013AFDD101601A46C9
:108BD800013AFDD141607246013AFDD10160724609
:108BE800013AFDD141601A46013AFDD10160724651
:108BF800013AFDD141601A46013AFDD10160724641
:108C0800013AFDD141607246013AFDD101601A4630
:108C1800013AFDD141601A46013AFDD101601A4678
:108C2800013AFDD141601A46013AFDD101601A4668
:108C3800013AFDD141606246013AFDD1B6E780B5FF
:108C48006F460068BDE8804005F0A6BE80B56F4657
:108C580048F6982E4FF0010CC2F2000E5EE8003F75
:108C68007BB94EE800C2002AF8D1BFF35F8F4FF0FE
:108C7800010CBCF1000F0BD1012B22D08CF00100AC
:108C880080BD4FF0000CBFF32F8FBCF1000FF3D065
:108C980044F24442C2F20002C2E900010220BFF3DA
:108CA8005F8FCEF800008CF0010080BD10BFDEF8A9
:108CB8000000012802BF10BFDEF800000128DDD146
:108CC80010BFDEF80000012802BF10BFDEF8000068
:108CD8000128D3D1EAE780B56F4680BD80B56F46DD
:108CE80080BD80B56F46002080BD80B56F460068A6
:108CF80041F24C52C2F220020B4652F8301002EBFD
:108D0800C00042681846BDE8804001F04FB980B500
:108D18006F4648F69820C2F20000026844F24440C8
:108D2800BFF35F8FC2F20000D0E9003C41F29450DB
:108D3800022A41F27C52C2F22000C2F2200208BF8D
:108D4800184608BF62461269BDE88040104780B5E2
:108D58006F4600680A46D0E90001BDE8804000F08F
:108D68008BBA80B56F46D0E90002D268BDE8804072
:108D7800104780B56F460B46014610461A46BDE8B7
:108D8800804001F013B980B56F460B46D0E9001258
:108D98001846BDE8804001F009B9F0B503AF2DE9E8
:108DA800000F85B003469446B0F57A7F5ED3CDE9CF
:108DB800021241F29454039AA1F1020E4FF0000CF2
:108DC8006FF0030A6FF002056FF00106C2F220048B
:108DD8008046019041F2597012EB0A03CDF2B710A8
:108DE800A8FB0030C0F08D80410B42F2107001FBEF
:108DF8001083049141F27B410EEB020B98B280087C
:108E080048434FEA504914F819000BF8020C50195E
:108E180075D304EB490040780BF8010C90196CD31A
:108E2800642009FB103080B214F810300EF80230BC
:108E380002EB0C03013B934257D204EB4000049B26
:108E4800AEF1040E043E4078043D8BF8010049F26F
:108E58007F60AAF1040AACF1040CC0F298008045C6
:108E68009846B7D8039ADDE901019444092B21D922
:108E7800ACF1020595424ED29EB241F2945EB4081E
:108E880041F27B466643C2F2200EACF1010C9445D8
:108E98004FEA56484FF0640608FB1636B6B21EF87D
:108EA80016404C5540D20EEB4606767801F80C6019
:108EB80018B90AE09846654638B1B8F1000F04D1F0
:108EC800284605B0BDE8000FF0BD013D954222D20D
:108ED80041F29452C2F2200202EB48004078485511
:108EE800284605B0BDE8000FF0BD039941F2606265
:108EF800C2F22002184605F0BDFC901903E0501993
:108F080001E002EB0A0041F26063C2F2200311465D
:108F18001A4605F0AFFC41F2606C2846C2F2200CFC
:108F28001146624605F0A6FC41F260636046C2F253
:108F3800200311461A4605F09DFCF0B503AF2DE954
:108F4800000F89B08146B0F57A7071F10000039185
:108F58007ED3A2F1020A6FF003056FF0020E6FF0E4
:108F680001084FF0000B4E4604930292CDF804908E
:108F7800304642F210720023C146F046079106F0CF
:108F8800B9F8049C089129466219C0F0BF8042F2E2
:108F98001072CDE9056000FB126341F27B4641F295
:108FA800945CC2F2200CC6469AB292087243560CE0
:108FB8000AEB04021CF8165002F8025C14EB0805D0
:108FC800C0F09B800CEB4605C8466D7802F8015C42
:108FD80014EB0905C0F08880642506FB15339EB2A2
:108FE8001CF816300AF8043004EB0B03013BA342CB
:108FF80072D20CEB460349F27F600D1F05995B782E
:10900800C0F298005370421A07984FF00002089C6B
:10901800AAF1040A82410698A8F10408AEF1040EE8
:10902800ABF1040B21460646A2D3049BDDE901926D
:1090380003EB0B0ED0F109064FF0000575EB0406A3
:1090480010D305467646039850EA09002CD133E040
:1090580048460C469E46D0F109064FF0000575EBD0
:109068000406EED2AEF102069E4257D281B241F218
:109078007B45890841F2945C6943C2F2200C4D0C8F
:10908800642105FB110081B21CF811009055AEF166
:10909800010098424AD20CEB41010024497811544E
:1090A800039850EA090007D055EA040004D1304675
:1090B80009B0BDE8000FF0BD013E9E422ED241F23C
:1090C8009450C2F2200000EB45004078905530469D
:1090D80009B0BDE8000FF0BD049941F27062C2F218
:1090E8002002184605F0C6FB04EB080041F2706246
:1090F8002146C2F2200205F0BDFB04EB0E0041F24E
:1091080070622146C2F2200205F0B4FB601841F2F9
:1091180070622146C2F2200205F0ACFB41F2706297
:109128003046C2F22002194605F0A4FB41F27062F3
:109138001946C2F2200205F09DFB80B56F4684B047
:10914800037841F2945CC2F2200C0A2B0DD329203B
:109158005843020B642002FB1030C0B23CF81000E8
:1091680027F8020C01201BB903E003201A4603B1BB
:109178003AB102F07F020138FB1E0CEB4202527832
:109188001A54C0F10302FB1E18440023CDE9000263
:1091980008460121012200F025FC04B080BDB0B5CD
:1091A80002AF84B0028841F2945C8E46C2F2200C71
:1091B800D0087C2814D9100940F24731484342F2BC
:1091C800107141F27B44C00C00FB11218BB29B084B
:1091D80063435B0C3CF8133027F80C3C012308E090
:1091E8000A2A16D3900841F27B41484303231146CB
:1091F800400C8CB241F27B45A4086C436425640C96
:1092080004FB151189B23CF8111027F80A1C1AB989
:1092180003E00523104602B138B14000013B1CFAB7
:1092280080F0A7F10D014078C854A7F10D01C3F1F2
:10923800050019440122CDE90010704601210023E0
:1092480000F0D0FB04B0B0BDB0B502AF86B0006886
:10925800A7F112050C460A222946FFF79EFDC0F128
:109268000A01284401220023CDE9000120460121FA
:1092780000F0B8FB06B0B0BDF0B503AF4DF8048DF3
:1092880088B09046926893010ED452014BD403AD36
:1092980014232A46FFF751FEC0F114012844012285
:1092A8000023CDE9000191E040F65C3E0DF10C0C85
:1092B80010251122C2F2200E00F00F030CEB02065B
:1092C8001EF8033006F8023C030943EA017353EA27
:1092D80011146AD003F00F031EF8033006F8033C9C
:1092E800030A43EA016353EA112460D003F00F0331
:1092F800043A1EF8033006F8043C030B43EA015312
:1093080053EA113456D003F00F03000C40EA014031
:10931800043D1EF8033006F8053C50EA11434FEAB5
:109328001141C9D13DE040F61C3E0DF10C0C102551
:109338001122C2F2200E00F00F030CEB02061EF8F9
:10934800033006F8023C030943EA017353EA111497
:109358002BD003F00F031EF8033006F8033C030A72
:1093680043EA016353EA112421D003F00F03043ABE
:109378001EF8033006F8043C030B43EA015353EA92
:10938800113417D003F00F03000C40EA0140043DEC
:109398001EF8033006F8053C50EA11434FEA114124
:1093A800C9D1501E1546024605E0023A03E0013DC8
:1093B800033A00E0023DC5F111000CEB020141F255
:1093C80082620223CDE90010C2F220024046012148
:1093D80000F008FB08B05DF8048BF0BDF0B503AFF2
:1093E8002DE9000FADF2744D10EE10BA03264FF6BA
:1093F800FE7C4FF0020AC0F2FF0C5B466FF3DF53AE
:10940800002B08BF02261BF0FF4518BF0426B3FA3D
:1094180083F4B5F1FF4F08BF660903F50005CBF3E8
:10942800C75493B2002C08BF0CEA4B05039305F010
:109438000108DFE806F02503141706004FF0030AB9
:109448000FE0B5F5000F12D1A4F1980E4FF0000C03
:109458004FF002094FF000754FF0010A10E04FF08D
:10946800040A0DE088F0010AA4F1960E04E06D00EC
:1094780088F0010AA4F1970E4FF0000C4FF0010993
:109488000023012647F8405C5FFA8AF5012D47F86A
:10949800309C47F8343C47F8386C07F826AC27F876
:1094A80028EC47F82CCC47F83CCC0AD9022D5AD1E5
:1094B80041F27871A7F18002C2F220014FF0000A50
:1094C800A1E005250FFA8EF3002B48BF6FF00B05BE
:1094D8005D4341F2816441F25C6CC2F22004BBF14D
:1094E800000FC2F2200C44BF6446664600294FEACA
:1094F800DB7A18BF264618BF4FF0010AB5F57B5F27
:1095080080F0B08048F200040290152000EB151599
:10951800CFF6FF74A7F1800910B2B0F1FF3FC8BFC2
:1095280054429346A7F1400104AA48462B460094AA
:1095380001F0ABF957F8800C0FFA84F8E0B3A7F103
:109548008002A7F1500307CA07C337F9482C4245E0
:1095580040DD042357E91401CDE90093039B01F092
:109568002FF8024664E041F25C6641F28163C2F280
:109578002006C2F22003BBF1000F4CBF3346012680
:1095880000294FEADB7A18BF1E4618BF4FF0010AC0
:10959800042D32D10221120427F8801C4AD041F24E
:1095A8007E72C2F2200247F87C2C039A47F8702C8E
:1095B800002227F8742C44E0A7F15000A7F14001DD
:1095C80004AA2B46CDF8008001F0ACFF37F9482CEF
:1095D8004245BEDC02215FEA0B4027F8801C1CD004
:1095E80041F27E70C2F2200047F87C0C039847F8DD
:1095F800700C002027F8740C16E041F27B71A7F17B
:109608008002C2F2200147F87C1C032147F8781C2D
:10961800022127F8801C012117E041F25D60012139
:10962800C2F2200047F87C0CA7F1800247F8781CAA
:1096380002980AE041F25D61C2F2200147F87C1C01
:10964800012147F8781CA7F1800247E91221A7F108
:10965800500147E9146A00F0F9FA0DF2744DBDE8BB
:10966800000FF0BD41F2F47041F61C02C2F2200076
:10967800C2F22002252105F059F90000F0B503AF28
:109688002DE9000FA1B010EE105A894603244FF0BF
:10969800020829466FF3DF51002908BF022415F09C
:1096A800FF4318BF0424B1FA81F6B3F1FF4F4FF618
:1096B800FE7308BF7409C5F3C756C0F2FF0301F56E
:1096C8000001002E08BF03EA450193B2029301F09E
:1096D800010BDFE804F02503141706004FF0030818
:1096E8000FE0B1F5000F12D1A6F1980C4FF0000A67
:1096F8004FF0020E4FF000714FF0010810E04FF0EC
:1097080004080DE08BF00108A6F1960C04E049006E
:109718008BF00108A6F1970C4FF0000A4FF0010EEC
:109728000023012418915FFA88F10129CDF870E02F
:109738001B931A948DF87A80ADF878C0CDF874A090
:10974800CDF864A00FD9022932D141F2787108AA64
:10975800C2F220010025099103210A910221ADF8E6
:109768002010012172E00DF1200A18A9A7F1910239
:1097780006465046112301F0C5FA41F2816141F2D3
:109788005C60C2F22001002DC2F2200044BF0146F5
:109798000446B9F1000F18BF0C4608984FEAD57572
:1097A80018BF012550B308AA14AB07CA07C32CE099
:1097B80041F25C6441F28163002DC2F22004C2F2DE
:1097C80020034FEAD5754CBF23460124B9F1000F99
:1097D80018BF1C4618BF0125042923D102211204F1
:1097E800ADF820102AD041F27E72C2F2200209920E
:1097F80001220C920022ADF82C2025E014A818A90B
:10980800A7F19102112303F022F80423DDE91401E2
:10981800CDE900A3BDF85820029B00F0D1FE024616
:10982800304613E041F27B71C2F220010991032115
:109838000A910221ADF82010012106E041F25D6194
:10984800C2F22001099101210A9108AACDE9162145
:1098580014A9CDE9144500F0F9F921B0BDE8000FCD
:10986800F0BD80B56F460B46896890ED000AC800C8
:1098780007D4C1F3405118460022BDE88040FFF7E5
:10988800FDBEDA89C1F340511846BDE88040FFF7B4
:10989800A5BDF0B503AF2DE9000F85B006469B4680
:1098A8008A46D80764D115780020002D6ED0DAF8E2
:1098B8000C904FF0000802E01578002D6AD0541C77
:1098C80068B2B0F1FF3F07DD304621462A46C84757
:1098D80000285AD16219EFE7802D09D0C02D12D186
:1098E8005BF83800002104912021C6F2000131E024
:1098F800B2F80140D51C304629462246C847002800
:1099080043D12A19D8E7E80703D12021C6F200017C
:1099180002E0D2F80110541DA8074CBF34F8022BFE
:10992800002268074CBF34F8023B0023280748BFD1
:1099380034F8028BE80644BF0BEBC2008288A80605
:1099480044BF0BEBC30083885BF83800ADF81230D6
:10995800ADF8102003910BEBC801CDF808A04A68B8
:1099680001A90196904780B908F101082246A3E7AA
:109978004FEA5B031146DAF80CC030461A4605B0C8
:10998800BDE8000FBDE8F0406047012005B0BDE824
:10999800000FF0BD002005B0BDE8000FF0BDF0B528
:1099A80003AF4DF8048DD7F808801C460E46B2F573
:1099B800881F0AD03369114605469847014628464C
:1099C80019B101205DF8048BF0BD3CB1F368214664
:1099D80042465DF8048BBDE8F040184700205DF86A
:1099E800048BF0BDF0B503AF2DE9000F87B0FE681A
:1099F8001C461546814659B1D9F808B01BF4001029
:109A080006EB50584FF02B0008BF4FF4881004E0C5
:109A1800D9F808B006F101082D200690B86805901D
:109A28005FEA0B2017D40025B9F80CA0D045C0F088
:109A3800818020462B46D9E9004500902946069AA0
:109A48002046FFF7ACFF002841D00124204607B08C
:109A5800BDE8000FF0BD102C43D2002C46D004F016
:109A6800030CA0084FF0000242D000F003006B1C6A
:109A7800CDE90364AA46A2EB800E6FF003041E1919
:109A8800043496F9031096F9065096F9050011F179
:109A9800410F96F90460C8BF013216F1410FC8BFE3
:109AA800013210F1410FC8BF013215F1410F0EEB21
:109AB8000400C8BF01320430E1D1211D039E049C7B
:109AC80010460A465546BCF1000F15D12CE0EB684C
:109AD80020460599324607B0BDE8000FBDE8F040C2
:109AE80018472846214604F08AFB1DE000201BE0A9
:109AF8000020BCF1000F17D0A95611F1410FC8BFC3
:109B08000130BCF1010F0FD02A4492F9011011F174
:109B1800410FC8BF0130BCF1020F05D092F9021005
:109B280011F1410FC8BF01308044B9F80CA0D045ED
:109B3800BFF47FAF5FEACB1004940ED4CBF341702F
:109B48000396AAEB08026FF35F5B0024AA46DFE8DE
:109B580000F040023E0214463BE0D9E902102B46D1
:109B6800D9E900B401900020C9F6E07002910840DC
:109B7800214640F0005040F03000C9F80800049831
:109B880000905846069AFFF70AFF002842D1AAEB30
:109B980008000396002586B2A8B2B04207D222690F
:109BA80058463021904701350028F5D032E0059914
:109BB8005846039AE368984760BBDDE90110002422
:109BC800C9E90201204607B0BDE8000FF0BD90B218
:109BD8004408D9E9005800260292A0B2B1B28142E5
:109BE80008D2D8F810202846594690470136002850
:109BF800F3D00FE00498414600902846069A534651
:109C0800FFF7CDFE30B905992846039AD8F80C30ED
:109C1800984728B10124204607B0BDE8000FF0BDE1
:109C280002980026001B1FFA80F90024B0B24845AC
:109C380038BF0124BFF40AAFD8F810202846594687
:109C4800904701360028F0D000E70000F0B503AFD8
:109C58002DE9000F87B085890A468046002D47D038
:109C680092E80B00D8E90296D268069203AA0096F9
:109C78000BC25FEAC910CDF8089042D4049801904D
:109C8800069900295BD005984FF6F67B0022C0F2B2
:109C9800050B031D4FF0010A04E01C6822440C3335
:109CA80001394DD033F8044C002CF6D0012C1BD1CF
:109CB80033F8024CD4B14DF6F0004FF69C76C0F262
:109CC8000700C0F2070604EB000C4FF61840C0F27C
:109CD8000D0004EB000E26445C440EEA0C002640FE
:109CE80070400AEB5044D9E75C68D7E70124D5E710
:109CF800D8E9000107B0BDE8000FBDE8F04000F06A
:109D080073B8D8E90002DDE90314D36822469847FE
:109D180000284FD100200299C9F6E070D5FA54F511
:109D2800084040F0005040F03009002001900490B5
:109D38000120C8F80890039006990029A3D10022B1
:109D48000198A9B2104488420CD2A5EB000BC9F3C4
:109D580041706FF35F590025DFE800F01602130227
:109D68005D4611E0D8E9000103AA00F03DF8054678
:109D780000980299C8E90210284607B0BDE8000F0C
:109D8800F0BD1FFA8BF04508D8E9006A0024A8B294
:109D9800A1B2814208D2DAF81020304649469047ED
:109DA80001340028F3D005E003AA3046514600F0FC
:109DB8001BF828B10125284607B0BDE8000FF0BD03
:109DC800ABEB050000241FFA80FB0025A0B2584524
:109DD80038BF0125CCD2DAF81020304649469047E2
:109DE80001340028F1D0C3E7F0B503AF2DE9000F27
:109DF80083B0144652688A46064662B121683046E6
:109E0800DAF80C30984730B14FF00108404603B0FB
:109E1800BDE8000FF0BDE0684FF000080028F5D05D
:109E2800A46800EB400041F2846BC2F2200B04EB03
:109E380080000090204634F80C1B11B301292FD163
:109E480040888DF80880CDF80480B8B34DF6F0014D
:109E58004FF61842C0F20701C0F20D020144024455
:109E68004FF6F67311404FF69C72C0F20503C0F22C
:109E78000702034402441A405140012202EB5142B6
:109E88001DE04568412D11D3DAF80C90304659464B
:109E98004022C8470028B7D1403D402DF6D807E0FA
:109EA800D0E901123046DAF80C3070E0002D72D09B
:109EB800DAF80C30304659462A4668E001224CF65A
:109EC800CD41012A00FB01F301A911444FEAD34314
:109ED80003EB8305A0EB450545F0300501F8015C6F
:109EE80051D041F69A15022A03FB05F54FEA1545AC
:109EF80005EB8505A3EB450343F0300301F8023C6D
:109F080041D0830841F27B456B4341F69A15032AF9
:109F18004FEA534303FB05F54FEA154505EB850565
:109F2800A3EB450343F0300301F8033C2BD0C308EF
:109F380042F2C5056B4341F69A15042A4FEA1353BA
:109F480003FB05F54FEA154505EB8505A3EB45032E
:109F580043F0300301F8043C15D0000940F24733C0
:109F68005843052A4FEAD04000F1300001F8050CAB
:109F780009D03020062A01F8060C1EBF01F8070C8C
:109F8800072A01F8080CDAF80C3001A9304698477E
:109F980000287FF439AF009884427FF44BAF4FF02C
:109FA8000008404603B0BDE8000FF0BDF0B503AFB0
:109FB8002DE9000F81B0D0F808909346884619F033
:109FC800C05F00F079805FEAC9013CD4BBF1100F93
:109FD80057D2BBF1000F00F0B3800BF0030C5FEA1F
:109FE8009B014FF0000300F0AD8001F0030108F180
:109FF800010A6FF00305A3EB810E00210AEB0504AB
:10A00800043594F9033094F9062094F9056013F1A6
:10A01800410F94F90440C8BF013114F1410FC8BF82
:10A02800013116F1410FC8BF013112F1410F0EEB9A
:10A038000502C8BF01310432E0D12B1DBCF1000F6D
:10A0480040F0848029E0C18919B308EB0B034FF075
:10A05800000B45460A4607E0F02D2CBF351DF51CC0
:10A06800AE1B013AB34416D09D4215D02E4615F9C1
:10A07800014BB4F1FF3FF3DCE5B2E02DECD2B51CA7
:10A08800EEE704464046594604F0B9F80146204632
:10A0980003E04FF0000B0022891A828991420BD20B
:10A0A800531AC9F341716FF35F590026DFE801F0D5
:10A0B80011020F111E460CE0D0E900015A46CB6888
:10A0C800414601B0BDE8000FBDE8F040184799B21D
:10A0D8004E08D0E9005A00240093B0B2A1B28142E0
:10A0E8000DD2DAF810202846494690470134002856
:10A0F800F3D00126304601B0BDE8000FF0BDDAF814
:10A108000C30284641465A46984728B10126304621
:10A1180001B0BDE8000FF0BD00980024801B1FFAB5
:10A1280080F80026A0B2404538BF0126E2D2DAF80E
:10A13800102028464946904701340028F1D0D9E735
:10A148000021AAE70021BCF1000FA6D018F90320CE
:10A1580012F1410FC8BF0131BCF1010F9DD043443A
:10A1680093F9012012F1410FC8BF0131BCF1020F70
:10A178003FF493AF93F9022012F1410FC8BF0131A8
:10A188008BE780B56F46D0E90003DB68BDE8804007
:10A198001847F0B503AF2DE9000FADB005AE8B46FB
:10A1A8008046A0213046914604F0FFFED8F8A01062
:10A1B80049456AD2292980F00A8109F1010008EB92
:10A1C800810100904FEA890E00204FF0000ACDF877
:10A1D8001080884500F0BA80424652F8043BE3B943
:10A1E8008A4200F0B380D8F8043008F10802D3B9E5
:10A1F8008A4200F0AB80D8F8083008F10C02B3B9F5
:10A208008A4200F0A380D8F80C30043008F1100816
:10A21800002BDED0441E01900DE008F1040804462E
:10A22800421C019207E0851C0195441C02E0C51CF4
:10A238000195841C90464FF0000C20465D46CDE900
:10A2480002E4282880F0CB8055F8042BBEF1040ED8
:10A2580056F82040E2FB634C46F8204000F101002C
:10A26800EFD1039A4846BCF1000F07D002EB090072
:10A27800282880F0B48046F820C000981044824511
:10A2880098BF8246DDE9010EA3E7292980F09F8067
:10A298000BEB8902002967D0481C01904FEA810E18
:10A2A80000204FF0000A934552D05D4655F8043B14
:10A2B800CBB995424CD0DBF804300BF10804C3B994
:10A2C800944245D0DBF808300BF10C04ABB994424A
:10A2D8003ED0DBF80C3004300BF1100B002BE2D031
:10A2E800451E02900DE0451C0BF1040B0295054636
:10A2F80007E0851C0295451C02E0C51C0295851CDB
:10A30800A3460024CDE903E528464546282866D219
:10A3180058F804CBBEF1040E56F82090ECFB639479
:10A3280046F8209000F10100F0D1049B0846A846A9
:10A338002CB15818282852D246F8204001981844C1
:10A34800824598BF8246DDE9020EACE7DDF8108051
:10A3580005A94046A02204F07FFEC8F8A0A0404608
:10A368002DB0BDE8000FF0BD002100208A469345BE
:10A37800EED00346584650F8041BC9B99042E7D0BE
:10A38800DBF804000BF10806B8B99642E0D0DBF818
:10A3980008000BF10C0698B99642D9D0DBF80C10DE
:10A3A800181D0BF1100B00295146DFD0411E0AE0A1
:10A3B8000BF1040B581C194605E0981C591C01E0C8
:10A3C800D81C991CB3468A4588BF5146CEE741F24E
:10A3D800FC630020C2F22003282204F0A9F941F20C
:10A3E800FC622821C2F2200204F044FAF0B503AF5F
:10A3F8002DE9000F83B0B1F5A06F80F0BC80D0F8D4
:10A40800A0C082464FEA5118BCF1000F16D0AAF13D
:10A418000406A8F1010406EB880263465D1EBCF140
:10A42800290F80F0BD80E018282880F0AF8056F80A
:10A438002300002D42F823002B46EFD101F01F0B1B
:10A44800202904D34FEA8801504604F0AEFDDAF81B
:10A45800A050BBF1000F05EB080000F08580A0F1CB
:10A468000109B9F1270F00F2A3805AF82940CBF16E
:10A47800200C014634FA0CF405D0272800F2898014
:10A488004AF82040411C08F1010ECDE90118864523
:10A4980062D205F00301AA1E01292ED0AAF10806EE
:10A4A8005AF82930022956F8204003FA0BF324FA07
:10A4B8000CF443EA04034AF8293001D148461CE069
:10A4C800811E56F829305AF8219023FA0CF409FA1B
:10A4D8000BF323434AF82130EB439B0701D108468D
:10A4E8000BE0033856F821305AF8205023FA0CF3C1
:10A4F80005FA0BF52B434AF82030032A2CD30AEB34
:10A508008003043B1D461968043853F8042C86451B
:10A5180053E9034601FA0BF922FA0CF149EA010959
:10A5280006FA0BF124FA0CF848EA010855F8101D50
:10A5380002FA0BF226FA0CF642EA060204FA0BF4C7
:10A5480021FA0CF143F8042C41EA040143E9031809
:10A55800C3F800902B46D6D302985AF8201001FA77
:10A568000BF14AF820100198CAF8A000504603B031
:10A57800BDE8000FF0BD41F20C7041F2FC62C2F27E
:10A588002000C2F220021D2104F0D0F908EB0300DC
:10A59800013841F2FC622821C2F2200204F06AF973
:10A5A80041F2FC622846C2F22002282104F062F936
:10A5B80041F2FC624846C2F22002282104F05AF90E
:10A5C800D0B502AF002958D08446007830285FD92A
:10A5D800F868032867D9B86802240FFA82FEBEF12A
:10A5E800010F04801CDB92B29142C0F804C030D93C
:10A5F800891A0CEB02044FF0020E4FF0010CC0E96F
:10A60800074141F28064C2F220048B42A0F818E0AE
:10A61800C0E9044CA0F80CE0826018D95B1A27E066
:10A628000022C0E907C1CEF1000C828141F27E729E
:10A638008B42C2F220020483C0F810C0C0E9012492
:10A6480005D9591A614502D901EB0E0310E003211F
:10A65800D0BD521A026100228160022182815BB161
:10A6680041F280640122C2F220040183C0E907425A
:10A678000021836281840421D0BD41F2807041F2BF
:10A68800A472C2F22000C2F22002212104F04EF985
:10A6980041F2B47041F2D472C2F22000C2F2200238
:10A6A8001F2104F043F941F2297041F2E472C2F229
:10A6B8002000C2F22002222104F038F9F0B503AFDD
:10A6C8002DE9000F4DF8042DD7E9084ED7E906CA41
:10A6D800B4EB0C057EEB0A053FD2BCEB04056AEB34
:10A6E8000E06651B7EEB060537D2D7E904825600B5
:10A6F80046EAD876BCEB48096AEB060BBCEB0806C1
:10A708006AEB0205B8EB060672EB050515D24FEAAF
:10A718004E05660045EAD475B9EB06067BEB0505E0
:10A728000BD3009A934200F29980BA680281C0E97B
:10A73800001301B0BDE8000FF0BDB4EB08057EEBD7
:10A7480002050AD2B8EB040462EB0E02BCEB040665
:10A758006AEB0205A61BAA4105D20021016001B0DF
:10A76800BDE8000FF0BD009A934200F2818001EB32
:10A778000309D7F80C8000264FF0020C4FF0030EA7
:10A788004C46B34221D0254615F8012D392A3DD132
:10A79800A9421AD0254615F8022D392A3CD1A942DA
:10A7A80013D0254615F8032D392A3BD1A9420CD0E0
:10A7B80014F8042D0EF1040E0CF1040C0436392A99
:10A7C800DFD08046981B421C31E031246BB18C46A7
:10A7D8000D460CF8014B591E0646302260469B4632
:10A7E800302404F074FB304601E00D469B46B968FE
:10A7F80001310BB20FFA88F18B420BDD009A5946F2
:10A8080093453CBF89F8004001311DE09A1B804602
:10A81800501E0CE0594617E0F2438046A3EB0C00AB
:10A828001A4404E08046A3EB0E00A3EB0C020E5C76
:10A838000D461C4601360E548818991A302204F029
:10A8480046FB21464046BB68009A914215D80381D1
:10A85800C0E9005101B0BDE8000FF0BD41F6605CF1
:10A86800C2F2200C009A19460020634603F060FFEC
:10A8780041F6505CC2F2200CF4E7009A41F64053CE
:10A88800C2F22003002003F053FFF0B503AF2DE917
:10A89800000F95B01392D1E9002652EA060500F0A0
:10A8A800F881B6F1005F80F0FF81002B00F007828D
:10A8B800B2FA82F5098B05F120040D901493002E4D
:10A8C80018BFB6FA86F40B1B6FF05F0145F2B0357E
:10A8D800C91AC0F2010509B201EB810105EB0111AA
:10A8E8004CF69315C7F64D3551FB05F18D1205EB66
:10A8F800D171502900F2FE8141F6300C02FA04F5BC
:10A90800C2F2200C0CEB011909014FF000085CF8A9
:10A9180001B0B4F1200CD9F804A058BF0025ABFB56
:10A92800051E4FF00001EAFB05E806FA04F5C4F13C
:10A93800200422FA04F444EA050458BF02FA0CF48D
:10A94800ABFB0406B9F808504FF6A07210EB0E00E6
:10A9580056EB080641F10001EAFB046116EBD07CD6
:10A9680041F100005919511A01F1200404F03F0582
:10A97800C5F12003B5F120062CFA05F200FA03F11F
:10A9880041EA02014FF0010222FA03F858BF20FA07
:10A9980006F10C93129658BF02FA06F802FA05F669
:10A9A800119558BF0026721E68F10003B9F80A50C5
:10A9B8000F9303EA000E149B02EA0C0B10925BEA59
:10A9C8000E0212D042F2107291420E9420D26429E3
:10A9D80031D24FF000094FF0010A092988BF4FF022
:10A9E800010988BF4FF00A0A52E00A2B09D842F23F
:10A9F800CC02C2F2200202EB830252F8042C8A42F3
:10AA0800E0D90D990020086015B0BDE8000FF0BD31
:10AA180044F24024C0F20F04A14219D248F2A06ABD
:10AA28004FF00509C0F2010A51453CBF4FF0040937
:10AA380042F2107A2CE04FF003094FF47A7AB1F51C
:10AA48007A7F38BF4FF0020938BF4FF0640A1FE021
:10AA58004EF2001AC0F2F55A51450DD249F2806201
:10AA68004FF00709C0F29802914228BF144638BF38
:10AA78004FF00609A2460BE04CF600224FF00909F8
:10AA8800C3F69A32914228BF924638BF4FF0080960
:10AA9800A9EB0502BD68013212B22CB2A2422FDD29
:10AAA8000E980A920B9680B20990501B121B002434
:10AAB8009A421A4638BF02B2139E4CF6CD40551E34
:10AAC800CCF6CC400E92A34200F00481B1FBFAF21E
:10AAD800A54202FB1A1102F13002325550D0A145AD
:10AAE80079D0AAFB002C0134BAF10A0F4FEADC0234
:10AAF8009246E8D241F6F050C2F2200003F098FEE8
:10AB08004FEA5C01914641EAC0714CF6CD4C11EB1D
:10AB18005002CCF6CC4C42F10002AE46CDE90668B4
:10AB28004008A2FB0C54129ECDE9009E24F00305B8
:10AB380005EB94054FF0CC34521B891A119A60F139
:10AB48000000002E0AFA02F258BF00220492A1FB6C
:10AB58000C2501FB045100FB0C100C992AFA01F199
:10AB680058BF0AFA06F105911399CDE902201A4651
:10AB78000D980023FFF7A2FD15B0BDE8000FF0BD4A
:10AB8800DDF8449012980AFA09FC002858BF4FF0E3
:10AB9800000C0C9D2AFA05F221FA05F458BF0AFAAE
:10ABA80000F258BF01FA00F401FA09F158BF002178
:10ABB8000A9811EB0B050090B868314644EB0E0675
:10ABC8000DF1040E8EE861100B9805921A46CDE936
:10ABD80006080D9856E00998611C0C9B0124013861
:10ABE800CDF8208000F03F0C4FF000084FF00A0924
:10ABF800CCF1200624FA0CF208FA06F63243BCF12E
:10AC0800200658BF28FA06F228FA0CF658BF002684
:10AC180032437FF4F6AE1498814263D2ABFB092627
:10AC28000EEB8E051198A4FB094A06EB450622FA9D
:10AC380000FB129806FA03F545EA0B05002858BFF1
:10AC480026FA00F513983035455408EB8800013191
:10AC58000AEB4008109802EA000B0F9806EA000E6B
:10AC68000E988842C4D10A9801A90090B86881E872
:10AC7800014805A90B980490089881E811010D98DE
:10AC8800DDE913120E9BFFF719FD15B0BDE8000FA3
:10AC9800F0BD41F6705041F68C52C2F22000C2F26B
:10ACA80020021C2103F042FE41F69C5041F6C0529E
:10ACB800C2F22000C2F22002242103F037FE41F242
:10ACC800807041F6D052C2F22000C2F22002212147
:10ACD80003F02CFE41F600621846C2F22002194623
:10ACE80003F0C8FD0846149941F61062C2F220022A
:10ACF80003F0C0FD41F6E0520846C2F2200251219D
:10AD080003F0B8FDF0B503AF2DE9000F9BB0D1E912
:10AD18000069139256EA090200F09F83D1E902EC18
:10AD28005EEA0C0500F0A483D1E9044554EA050263
:10AD380000F0A98314EB06084FF0000255EB090454
:10AD480052F1000240F0AA83B6EB0E0279EB0C0236
:10AD5800C0F0AF83102B40F2B783B4F1005F80F0EE
:10AD6800BE83B8FA88F2002C02F120050C93CDF8C6
:10AD78004880109418BFB4FA84F5B6EB0E03C5F1F9
:10AD8800200A69EB0C0BA5F1200E03FA05F223FA51
:10AD98000AF40BFA05FCBEF1000F58BF00224CEA7A
:10ADA800040C22FA05F458BF03FA0EFC0CFA0AF850
:10ADB800119244EA08022CFA05F458BF2CFA0EF254
:10ADC80058BF0024098BCDE9143B5340CDE9182422
:10ADD80084EA0B021A43ADF8581040F03383079009
:10ADE80009FA05F026FA0AF242EA0008ADF8581006
:10ADF800BEF1000F58BF06FA0EF828FA05F208FA55
:10AE08000AF006FA05FB58BF002258BF4FF0000BA6
:10AE18002BFA05F440EA0400199282EA0902CDE906
:10AE2800146958BF28FA0EF018907040104340F08B
:10AE38000983491B6FF05F00401A0F9145F2B0314A
:10AE480000B2C0F2010100EB800001EB00104CF6EB
:10AE58009311C7F64D3150FB01F0811201EBD0710F
:10AE6800502900F2578341F630040801C2F2200449
:10AE780004EB011622584FF000097068A2FB0B146E
:10AE8800E0FB0B49A2FB081B091959EB0B044FF017
:10AE9800000949F10003E0FB0843DDF8488014EBA2
:10AEA800D171049143F10001059108FA05F1BEF151
:10AEB800000F58BF0021A2FB01344FF00003E0FB54
:10AEC8000143109901FA05F128FA0AF541EA05014A
:10AED80058BF08FA0EF1A2FB015E641953EB0E038A
:10AEE80049F10005E0FB013513EBD47145F100038E
:10AEF80011F1010943F1000B31890F9B119D194490
:10AF0800494201F03F04C4F1200829FA04F30BFA7E
:10AF180008F143EA010AA2FB05130021E0FB053111
:10AF2800A2FB0C2ED21851EB0E034FF0000141F199
:10AF38000005B4F12001E0FB0C354FF0010058BFCB
:10AF48002BFA01FACDF840800F914FEAE27C129576
:10AF580020FA08F558BF00FA01F500FA04F0119438
:10AF680058BF002009900138718909EA00060B9042
:10AF780065F100004C460BEA00090A9042F2107095
:10AF88008245069108950FD2DDF83080BAF1640F3A
:10AF98001FD24FF0000E0122BAF1090F88BF4FF0FF
:10AFA800010E88BF0A2240E0DDF8308044F24020DC
:10AFB800C0F20F00824518D248F2A0624FF0050E89
:10AFC800C0F2010292453CBF4FF0040E42F21072EB
:10AFD8002BE04FF0030E4FF47A72BAF57A7F38BF40
:10AFE8004FF0020E38BF64221FE04EF20012C0F28A
:10AFF800F55292450DD249F280624FF0070EC0F229
:10B008009802924528BF104638BF4FF0060E0246F8
:10B018000BE04CF600204FF0090EC3F69A3082453B
:10B0280028BF024638BF4FF0080E1299BCEB030048
:10B03800CDF80CB06CEB0101001941EB0B01431C7E
:10B048000A9841F100010D91084012900B98029462
:10B0580003EA000B06980E93AEEB0001481C002192
:10B068000690884500F04682BAFBF2F3139803FB7A
:10B0780012AA03F13004445410982AFA00F30F98E6
:10B08800002858BF0AFA00F311980AFA00F558BFC9
:10B0980000250E98AD1943EB0903B5EB000C0D988C
:10B0A80073EB000014D38E4500F088804CF6CD4039
:10B0B8000131CCF6CC400A2AA2FB00034FEAD300A8
:10B0C8000246CED241F6DC60C2F2200003F0B0FBAB
:10B0D8000E98B0EB05090D9860EB030E109822FA54
:10B0E80000FC0F98002858BF02FA00FC119802FAD9
:10B0F80000F84FF0000258BF4FF00008B9EB080005
:10B108007EEB0C0038BF01220498029EB6EB000AC1
:10B11800059E039860EB06061AF10100119046F1AE
:10B128000000BAF1010A109066F1000BB5EB0A00B5
:10B1380073EB0B0080F0FA80B9EB08007EEB0C0093
:10B14800C0F0F480CDF848C015EB080943EB0C06B5
:10B15800B9EB0A0276EB0B0211D3B9EB0A0E4046A3
:10B1680066EB0B0CBAEB05026BEB0308B2EB0E02B5
:10B1780078EB0C02DDF848C08046C0F0D680139802
:10B18800013C44540E98B0EB09030D9860EB06059A
:10B19800B3EB080275EB0C024FF0000238BF012236
:10B1A800B9EB0A0076EB0B0080F0C280B3EB080025
:10B1B800334675EB0C004D46C6D2B9E04FF0000E91
:10B1C8004FF00108DA4601F1010B0C98834580F035
:10B1D800998132464E464FF00A0906EB8604A2FBD7
:10B1E8000903119E45460EEB8E0CA8FB098203EB62
:10B1F8004403109C20FA06F602EB4C0E03FA04F402
:10B2080034430F9E002E58BF23FA06F4139E3034A1
:10B21800129A31444C70AAFB09A102EB820201EB9D
:10B2280042010A9A129103EA02090B9A00EA0206FD
:10B23800B6EB0A0079EB01005946C4D21298BAEB72
:10B248000601089A60EB09030998CDE90BC54FF090
:10B25800000C081A119173EB02000D9338BF4FF0E0
:10B26800010C04980299039B081A059963EB0105E0
:10B27800A8FB003108FB05110EFB001013EB0801B9
:10B288000F9140EB0E01B3EB08050E9160EB0E0138
:10B29800701B109179EB010043D2119896460999D9
:10B2A800401A0D9890417ED3099B1098119516EB82
:10B2B800030849EB0E01B8EB050271EB00020FD34E
:10B2C800B8EB050CDDF820E061EB00031198851B55
:10B2D800109860EB0902B5EB0C05119D9A4160D3FB
:10B2E800139A013C099BBAEB080628464FF0000C5C
:10B2F80002F80B40129A62EB0105F21A75EB0E0286
:10B3080038BF4FF0010CB8EB0002109871EB000247
:10B318004BD2F21A464675EB0E02119D8946C6D2EB
:10B3280043E0B046494696463FE00022A9461E46FD
:10B338001198109CB9EB000376EB040311D282B983
:10B3480019EB080246EB0C03151A73EB040572D3CC
:10B35800121AA341B0EB0905B441AA1A74EB03020F
:10B3680069D20E98021F0D9860F10003B9F1020529
:10B3780076F10005079D0ED3B2EB090073EB0600CA
:10B3880009D3481C069929811399C5E900101BB0F7
:10B39800BDE8000FF0BD002028601BB0BDE8000F1D
:10B3A800F0BD4FF0000CB04649460F9C0E9BB8EB21
:10B3B800040271EB030216D2BCF1000F13D1099AF3
:10B3C80018EB020641EB0E05321B75EB030232D374
:10B3D800321B65EB030CB4EB080663EB0105B21AEC
:10B3E80075EB0C0227D20C9D6FF0270214260B98E0
:10B3F800A5FB0223A5FB06645B1B1AEB020C129A41
:10B40800A3EBC0035A4104EB8003B8EB060571EBCC
:10B41800030310D3BCEB080072EB01000BD3DDE98A
:10B4280006210BF101000A81139AC1E900201BB023
:10B43800BDE8000FF0BD0799002008601BB0BDE80B
:10B44800000FF0BD42F2901018A9C2F2200014AA11
:10B4580001900020002303F0FFF941F6705041F6F7
:10B468002062C2F22000C2F220021C2103F05EFA20
:10B4780041F6306041F65062C2F22000C2F220026A
:10B488001D2103F053FA41F6606041F67C62C2F276
:10B498002000C2F220021C2103F048FA41F6547041
:10B4A80041F68C72C2F22000C2F22002362103F06B
:10B4B8003DFA41F60C7041F64472C2F22000C2F225
:10B4C8002002372103F032FA41F24B7041F68C62C8
:10B4D800C2F22000C2F220022D2103F027FA41F621
:10B4E8009C6041F6CC62C2F22000C2F220022D21FB
:10B4F80003F01CFA41F6EC624046C2F220024146D3
:10B5080003F0B8F90C9941F6FC62C2F220025846E1
:10B5180003F0B0F941F6E0520846C2F22002512188
:10B5280003F0A8F9F0B503AF2DE9000FADF55D7D87
:10B53800D1E90065089056EA05000A9301F00A81EE
:10B548000992D1E9022C52EA0C0301F00E81D1E9EB
:10B55800044354EA030001F01381A4194FF00000DA
:10B568006B4150F1000041F01681B01A75EB0C00E8
:10B57800C1F01C812846B1F91840002D18BF284693
:10B58800CDE910604FF0020008BF01200DF1400B1B
:10B5980038900BF10800982103F007FD39A89C2189
:10B5A800043003F002FD701E44F64252B0FA80F0F7
:10B5B80075F1000100F12000C4F6105218BFB1FA6D
:10B5C80081F045F28001201AC4F213411325002CA2
:10B5D800C0FB02154FF001003990619028B20B9022
:10B5E8000CD410A82146FEF701FF0B98B0F1FF3FDD
:10B5F8000DDD6FF3DF3539A829460BE0604201B253
:10B6080039A8FEF7F3FE0B98B0F1FF3FF1DC40429A
:10B6180081B210A802F03EFCB4A839A9A42203F014
:10B628001BFD0A9E0A2EC0F082800A9E4CF600245A
:10B63800C3F69A3402E0093E092E78D9DC99292903
:10B6480081F06E800029F6D0B4A80D9600EB810A2F
:10B658006FF0030000EB810001210C2801EB900141
:10B668000C9101D2002136E04FF6FC70C7F6FF704E
:10B6780001EA000800215AF8100D22460F90002315
:10B68800DAF80C50DAE90169284603F033FD00FBCB
:10B6980014510E9048462246002303F02BFD00FB70
:10B6A80014918346304622460023354603F022FD96
:10B6B80000FB145106460E980F9D22460023CAE946
:10B6C80002B0284603F016FD00FB1451B8F1040837
:10B6D800CAE90006CFD10C980DF1400B0D9E10F071
:10B6E8000308A8D05AF8045C22460023284603F031
:10B6F80001FDB8F1010F4AF8040C9CD000FB14516D
:10B708005AF8085C22460023284603F0F3FCB8F1F7
:10B71800020F4AF8080C8ED000FB14515AF80C0C92
:10B728002246002303F0E6FC4AF80C0C83E742F2B9
:10B73800CC00C2F2200050F826005FEA400901F070
:10B748004080DC99292980F0EB8781B1B4A800EB0F
:10B7580081066FF0030000EB810101200C2900EB4A
:10B76800910000F003020E9203D2002135E000217F
:10B778005AE04FF6FC71C7F6FF7100EA0108002194
:10B7880056F8100D4A460F900023F468D6E901B523
:10B79800204603F0AFFC00FB1941824628464A4682
:10B7A800002303F0A7FC00FB1951044658464A46FB
:10B7B800002303F09FFC00FB19B1C6E9024A0F9C65
:10B7C80005464A460023204603F094FC00FB194135
:10B7D800B8F10408C6E90005D2D10E9C0CB356F89E
:10B7E800045C4A460023284603F084FC012C46F8F2
:10B7F800040C16D000FB195156F8085C4A46002381
:10B80800284603F077FC022C46F8080C09D000FB08
:10B81800195156F80C0C4A46002303F06BFC46F805
:10B828000C0CDC990DF1400B389AB4A80DF1E40C1E
:10B838008A4288BF1146282900F2728700290F9290
:10B848003FD001F0030588084FF0000E3BD000F010
:10B858000F000DF5347A00240023AEEB8008002099
:10B868000E955AF8002003F001035BF80050013BE5
:10B878000BEB0006A4F104046A414AF800200AEB25
:10B888000002D6E901B900F11000D2E90153F668C7
:10B8980055EB0B05D2F80CC053EB09030DF1400B27
:10B8A80056EB0C06D660C2E901534EF10003A045E1
:10B8B800D7D10E9DC4F100080DF1E40C9E462DB9B8
:10B8C8003CE0002147E04FF00008BDB3B4AC5BF8A2
:10B8D8002830002054F82820D21840F1000312EB39
:10B8E8000E0244F8282040F100021343012D25D010
:10B8F80008F101020DF5347E5EF822605BF8224003
:10B90800361940F100049B1940F100004EF822302E
:10B9180044EA0003022D11D008F10200B4AC00255E
:10B9280054F820205BF82060921945F10006D218DF
:10B9380044F8202045F1000046EA0003D80709D062
:10B94800282900F06E87B4AA012042F821000131AD
:10B95800104600E0B4A8619ADC918A4288BF11467B
:10B96800292980F0DD860E9202460C20A0EB810E7C
:10B978006FF0070000EB81060420D7F808A0A0EBC1
:10B9880081080020A0EB810902EB8105B9F1000FC5
:10B9980032D00CEB06002A4652F8043D4468A34214
:10B9A80023D1B4A991422AD02A465CF8064052F81D
:10B9B800083DA34219D1B4A9914225D02A4650F88E
:10B9C800044C52F80C3DA3420FD1B4A9914219D0AE
:10B9D80055F8103D0EF1100E50F8084C103E08F1C5
:10B9E800100809F11009A342D0D00B9DA342DDE94C
:10B9F8000E810FD301357AE0ACEB090004E0ACEB23
:10BA0800080001E0ACEB0E000B9D84450F99DDF8B2
:10BA18003880EFD071B18800021F01200DF1400E6F
:10BA280000EB92000C2A00F0030605D200247246AF
:10BA3800BEBB50E0002159E04FF6FC724FF0000AFF
:10BA4800C7F6FF72104010AA4FF00A090D96D2E906
:10BA58000063D2E90245A3FB093CA6FB0968A4FBE5
:10BA6800094E16EB0A06A5FB095B53EB080354EBDA
:10BA78000C04C2E9006355EB0E054BF1000A0438CB
:10BA8800C2E9024502F11002E1D10B9D0DF1400B14
:10BA9800DDE90E810DF1E40C0D9E0DF1400E5446CA
:10BAA800CEB113684FF00A094FF0000A0020012EAA
:10BAB800E3FB094A14600ED05368022EE3FB09A089
:10BAC800C2F804A0824606D093684FF0000A0A26FE
:10BAD800E3FB060A9060BAF1000F05D0282900F0B0
:10BAE800A0864EF821A00131D7F808A038910FFAA6
:10BAF8008AF22BB293420B95CDE9063205DA4FF064
:10BB0800000A01200D9000F09FBCDDF82890A5EBFD
:10BB18000A009A1A4FF0000A4A4538BF0FFA80F90E
:10BB28000120B9F1000F0D9000F08E8462AD6146DE
:10BB3800A4226446284603F08FFA28460121FEF71E
:10BB480055FC8BAD2146A422284603F085FA2846E9
:10BB58000221FEF74BFCB4AD2146A422284603F08F
:10BB68007BFA28460321FEF741FC8A980190B39896
:10BB780038990290DC9803900020292980F0D0851C
:10BB8800DDF824C00BEB8102DDF82CE080468B0049
:10BB98005D4601300590002B00F06A842E4656F869
:10BBA800044BACB9964200F063846E6886B905F11F
:10BBB8000806964200F05C84AE684EB905F10C06A2
:10BBC800964200F05584EE68103B1035002EE2D006
:10BBD80003988E46884288BF8646BEF1290F80F0BA
:10BBE800B0850C20A0EB8E036FF0070000EB8E05EC
:10BBF8000420A0EB8E06AAEB8E040BEB8E0CCDF87E
:10BC08000080CDF81090002C00F0B080B4A86246F7
:10BC180000EB050852F8049DD8F804A0D14521D1BD
:10BC2800934500F0A880B4AA52F805A0624652F8DD
:10BC3800089DD14516D1934500F0A280624658F878
:10BC480004AC52F80C9DD1450CD1934500F09B8073
:10BC58005CF8109D103358F808AC103D10361034BD
:10BC6800D145D0D0D1450DF53479C0F09380AEF1EF
:10BC780001010020032905D2002201211EF003033F
:10BC88003BD16AE00EF03C010023C1F1000C012118
:10BC9800002409EB040559F8046005F104095BF870
:10BCA800045001F0010199E8040301396FEA06061E
:10BCB80055EB06014BF804106FEA02010BEB040286
:10BCC80002F1040A02F1040204F11004A3F10403CE
:10BCD8009AE8600469416FEA080575416FEA090648
:10BCE80056EB0A0662C240F100010DF534799C4515
:10BCF800CFD15A421EF003032FD059F822605BF8C7
:10BD08002250F643761940F1000589194BF82210A4
:10BD180040F100012943012B1FD0561C59F8265029
:10BD28005BF82640ED432D1940F1000449194BF802
:10BD3800261040F100012143022B0ED0023259F89F
:10BD480022305BF82260DB439B1940F10006C918DA
:10BD58004BF8221040F100013143C90700F0568525
:10BD68000821F046CDF8E0E00C9117E00DF53479A4
:10BD7800A9EB04080BE00DF53479A9EB060806E0F9
:10BD88000DF5347903E00DF53479A9EB0308C145C5
:10BD98003FF46DAF002200200C9288460299CDF83E
:10BDA8003C80414588BF8846B8F1290F80F01C8542
:10BDB8000C21A1EB88096FF0070101EB880E014601
:10BDC8000420A0EB880A0846A1EB880C0BEB88043A
:10BDD8008BA9BCF1000F6DD001EB0E02254655F87A
:10BDE800046D53689E4221D1AB4568D0254651F871
:10BDF8000E3055F8086D9E4218D1AB4561D02546E6
:10BE080052F8043C55F80C6D9E420FD1AB455DD0FD
:10BE180054F8106D09F1100952F8083CAEF1100EF3
:10BE28000AF1100A0CF1100C9E42D2D09E424AD35D
:10BE3800B8F1000F00F094805FEA98024FF0000A12
:10BE480049D002F00F02012300260020AAEB820C41
:10BE58008C198D59D4E9012ED4F80C9003F0010304
:10BE68005BF80640013B6FEA05056FEA0202AAF19A
:10BE7800040A54EB05034BF806300BEB0603D3E931
:10BE8800014506F11006D96862416FEA0E04654162
:10BE98006FEA09046141D960C3E9012540F1000353
:10BEA8008BA9D445D4D1CAF1000A002018F00302A6
:10BEB80015D152E0A1EB0C02914204D1B8E7A1EBF5
:10BEC8000A029142B4D0DDF83C804FE0A1EB0902B0
:10BED8009142F8D1ACE7012318F003023DD08BA8BA
:10BEE8005BF82A60002550F82A100020C9438919F8
:10BEF80045F10006C9184BF82A1045F1000146EA39
:10BF08000103012A29D00AF101018BA8002450F865
:10BF1800216000205BF82150F643761944F10005B2
:10BF28009B194BF8213044F1000145EA0103022A2C
:10BF380013D00AF102018BA8002550F82120002017
:10BF48005BF82160D243921945F10006D2184BF8EC
:10BF5800212045F1000146EA0103D90700F0568483
:10BF68000C99CDF8E08041F004010C910199C64686
:10BF7800414588BF8E46BEF1290F80F0E2830C212F
:10BF8800A1EB8E096FF0070101EB8E050421A1EBEF
:10BF98008E0AA0EB8E0C0BEB8E04BCF1000F70D058
:10BFA80062AA26462A4456F8041D5368994220D1AD
:10BFB80062A9B34569D04B59264656F8081D9942DF
:10BFC80017D1B34564D0264652F8043C56F80C1DE8
:10BFD80099420ED1B3455DD054F8101D09F11009EE
:10BFE80052F8083C103D0AF1100A0CF1100C994265
:10BFF800D3D0994253D30E9CBEF1000F00F0988025
:10C0080000205FEA9E024FF0000A4BD002F00F02B8
:10C0180062A80024AAEB820C01220519065905F131
:10C0280004095BF8045002F0010299E80803013A98
:10C038006FEA060655EB06024BF804206FEA030286
:10C048000BEB0403D3E9015604F11004D968AAF1F3
:10C05800040A6A416FEA080575416FEA09067141E9
:10C06800D960C3E901254FF0000141F10002D44530
:10C07800D3D10E9CCAF1000A00201EF0030315D18B
:10C0880053E062A9A1EB0C0207E0A1EB0A0204E06D
:10C0980062A902E062A9A1EB09029142ABD0C646AF
:10C0A8000E9C4AE001221EF003033ED062A85BF812
:10C0B8002A60002550F82A100020C943891945F143
:10C0C800000689184BF82A1045F1000146EA0102DA
:10C0D800012B2AD00AF1010162A84FF0000C50F898
:10C0E800216000205BF82150F64376194CF10005D9
:10C0F80092194BF821204CF1000145EA0102022B6C
:10C1080013D00AF1020162A8002550F8213000205E
:10C118005BF82160DB439B1945F10006D2184BF808
:10C12800212045F1000146EA0102D10700F06E83A3
:10C138000C99CDF8E0E002310C917445714688BF46
:10C148002146292980F0EC820A460C21A1EB8208BD
:10C158006FF0070101EB820C0421A1EB8209A0EB2F
:10C16800820A0BEB820501460F92BAF1000F7ED0CE
:10C1780039A82E4600EB0C0256F8043D5468A34239
:10C1880022D1B34577D039A82E4656F8083D50F845
:10C198000C40A34218D1B34571D02E4652F8044C36
:10C1A80056F80C3DA3420FD1B3456BD055F8103D5E
:10C1B80008F1100852F8084CACF1100C09F11009FC
:10C1C8000AF1100AA342D0D0A342099CDDF83880B6
:10C1D80039AEDDF810908A465FD30F99002900F038
:10C1E800A0808B084FF0000E5DD003F00F03B4461B
:10C1F8000025AEEB830001235CF805400CEB050637
:10C2080006F104095BF8056003F00103013B99E8B6
:10C2180004036FEA040456EB04034BF805300BEBF8
:10C2280005036FEA0202D3E901465146D3F80CA090
:10C2380003F1040362416FEA080474416FEA0906D6
:10C2480056EB0A0654C341F10003AEF1040E103553
:10C258008A467045D0D1099CCEF1000EDDE90E81E9
:10C268006646DDF8109011F0030020D156E039AE93
:10C27800A6EB0A0209E039AEA6EB090205E0099C23
:10C2880039AE03E039AEA6EB0802099CDDF8109040
:10C298008A46DDF8388096429FD0714600980A9AFF
:10C2A800904247D1C5E2012311F0030036D056F879
:10C2B8002E205BF82E50D24352194AF10005D218AD
:10C2C8004BF82E204AF1000245EA0203012825D046
:10C2D8000EF1010256F8225039AE5BF822C0ED4348
:10C2E80015EB0C054AF1000C5B194BF822304AF1AA
:10C2F80000024CEA0203022810D00EF1020256F89E
:10C3080022605BF82250F64376194AF100059B1922
:10C318004BF822304AF1000245EA0203DA0700F03E
:10C3280075820C98389101300C9000980A9A9042C6
:10C3380000F07F820C9A292902F13002225480F001
:10C34800EF8171B18800012204380C2802EB9002B9
:10C358000ED2002610A812F003034FF00A053ED1B2
:10C368005AE000210598484538917FF406AC67E00B
:10C378004FF6FC704FF0000EC7F6FF7002EA000699
:10C3880010A84FF00A0C0F92D0E900A4D0E90232AD
:10C39800A4FB0C45A2FB0C98AAFB0C2AA3FB0C3BA4
:10C3A80012EB0E0254EB0A046B41C0E9002459EB6E
:10C3B8000B0548F1000E043EC0E9023500F11000FB
:10C3C800E2D1DDF810900DF1400BDDE90E827646E2
:10C3D8004FF0000A12F003034FF00A051CD0026860
:10C3E8004FF0000E012BE2FB056E4FF00A020660CB
:10C3F80012D0154642680026022BE2FB05E64FF0F4
:10C408000A02C0F804E0B64606D0134682684FF028
:10C41800000EE2FB036E8660BEF1000F0BD005989C
:10C42800282900F0FE814BF821E001314845389178
:10C438007FF4A3AB04E00598484538917FF49DABA1
:10C448000020CA46FFF75EBBB8F1000F2BD04FEAB9
:10C458008800031F01200DF1E40C00EB93000C2B66
:10C4680000F0030622D200246346002E4DD165E079
:10C478000A9A914500F2B081C1450AD00CEB080038
:10C48800A9EB0801302202F022FDDDF82CE0DDF8EE
:10C4980024C00898A0F808E0C0E900C90DF55D7D42
:10C4A800BDE8000FF0BD4FF0000852E04FF6FC72F7
:10C4B80039ABC7F6FF7200EA02050F9151464FF0FB
:10C4C80000094FF005080C9693E85500A2FB082BCD
:10C4D800A0FB080EA4FB084C10EB0900A6FB086A99
:10C4E80052EB0E0254EB0B0456EB0C0655C34AF103
:10C4F8000009043DE8D18A46DDE90E810C9E0DF164
:10C50800400B0DF1E40C4C46C6B11A6805204FF0FB
:10C5180000090025012EE2FB00491C600ED05A6874
:10C52800022EE2FB0095C3F80490A94606D098684D
:10C538004FF000090522E0FB02599D60B9F1000F98
:10C5480007D0B8F1280F00F06C814CF8289008F15A
:10C5580001088845CDF8848188BF4146292980F0A3
:10C56800DF800C20A0EB810C6FF0070000EB81024C
:10C578000420A0EB810E0020A0EB81060BEB8103C9
:10C58800002E44D039A81946851851F8044D68681A
:10C5980084421FD139A88B453CD01946805851F8A0
:10C5A800084D844216D18B4537D0194655F8040CEE
:10C5B80051F80C4D84420DD18B4531D053F8104DB4
:10C5C8000CF1100C55F8080C103A0EF1100E10363C
:10C5D8008442D5D084424FF000004FF0000138BFAC
:10C5E800012088BF0121081A099EDDE90A1CC0B292
:10C5F80018BB0D9810B14FF0000A87E0AAF10100AE
:10C60800884280F01E81305CC00718D17CE039A8D0
:10C61800851B08E0A0EB0E0505E0099E39A803E09C
:10C6280039A8A0EB0C05099E401B18BF4FF0FF303E
:10C63800DDE90A1CC0B20028DBD0012864D18A4594
:10C6480000F2DB8006EB0A0800200221032245469F
:10C6580082451FD02B4613F8014D392C37D19E4205
:10C6680018D02B4613F8024D392C36D19E4211D0E2
:10C678002B4613F8034D392C35D19E420AD015F8B4
:10C68800043D043204310430392BE1D0AAEB000216
:10C69800511C2CE00D98312458B93046AAF10101FB
:10C6A80000F8014B3022302402F011FCDDF82CC0D8
:10C6B800099EDDE906100CF1010C81420BDB0A9999
:10C6C8008A453CBF88F800400AF1010A1CE0AAEB41
:10C6D80000014A1E0BE00A9916E0AAEB0102C043CA
:10C6E80000EB0A0103E0AAEB0202AAEB0101B05C2D
:10C6F8000130B0547018AAEB0101302202F0E7FBB8
:10C70800DDE90961DDF82CC08A4511D80898A0F840
:10C7180008C0C0E9006A0DF55D7DBDE8000FF0BDF9
:10C7280041F2FC630020C2F22003282202F000F844
:10C7380041F6EC730A46C2F220030020514601F08C
:10C74800F7FF41F2FC630020C2F220037146282261
:10C7580001F0EEFF41F6705041F69C72C2F22000E3
:10C76800C2F220021C2102F0E1F841F6306041F6E5
:10C77800AC72C2F22000C2F220021D2102F0D6F8EB
:10C7880041F6606041F6BC72C2F22000C2F220029B
:10C798001C2102F0CBF841F6547042F22C02C2F28E
:10C7A8002000C2F22002362102F0C0F841F60C70D7
:10C7B80042F21C02C2F22000C2F22002372102F02B
:10C7C800B5F841F2C46041F2FC62C2F22000C2F244
:10C7D80020021B2102F0AAF842F20C034046C2F2E2
:10C7E8002003494601F0A4FF41F2FC630020C2F295
:10C7F80020034146282201F09BFF0A9A41F6DC7388
:10C80800C2F220030020514601F092FF41F2DF609E
:10C8180041F2FC62C2F22000C2F220021A2102F0A8
:10C8280085F841F2FC622820C2F22002282102F099
:10C8380021F80A9841F6FC72C2F22002014602F081
:10C8480019F841F6CC72C2F2200202F013F8F0B5E2
:10C8580003AF2DE9000FADF2645DD1E900B5019099
:10C868005BEA0500099201F0B382D1E902860893D8
:10C8780058EA060001F0B782D1E904A45AEA040094
:10C8880001F0BC821BEB0A024FF0000055EB0402DA
:10C8980050F1000041F0BD82BBEB080075EB0600CB
:10C8A800C1F0C2820898102841F2C98291F91A0091
:10C8B800002D07904FF00209B1F918004FF09801C8
:10C8C8001090284618BF2846CDE911B04FF0020055
:10C8D80008BF0120399011A8083002F066FB002E2D
:10C8E80018BF36464FF002003B96109E4FF0980155
:10C8F800CDF8E88008BF012062903AA8083002F01D
:10C9080054FB2046002C18BF20460DF5C6786490CD
:10C9180008F108004FF0980108BF4FF00109CDF861
:10C928002C92CDF88CA102F040FB8CA89C210430FD
:10C9380002F03BFB1BEB0A0044F6425245EB0401B4
:10C948000138B0FA80F071F1000100F12000C4F65E
:10C95800105218BFB1FA81F045F28001301AC4F2C2
:10C9680013411325002EC0FB02154FF001008C90D7
:10C97800B4902CB20AD411A83146FDF737FD3AA875
:10C988003146FDF733FD63A8314602E0704201B23B
:10C998008CA8FDF72BFD0DF50C7AB4F1FF3F02943E
:10C9A80004DD6FF3DF358CA829460BE0604284B2C2
:10C9B80011A8214601F06EFA3AA8214601F06AFA58
:10C9C80063A8214601F066FAA7F1C00011A9A422C4
:10C9D80002F042FB57F8201CDDF82CB28B4588BFCB
:10C9E8005946282901F29E81002941D001F003050A
:10C9F80088084FF00009CDF840B03DD000F00F0096
:10CA0800A7F1C00B0F950025A9EB800A0024002090
:10CA18005BF8042000F0010058F80460013808EBC6
:10CA28000403A5F1040572414BF804200BEB040242
:10CA3800D3E9010C04F11004D2E9016EDB687041FE
:10CA4800D2F80C805CEB0E0653EB08030DF5C678A4
:10CA5800C2E9010649F10000AA45D360D8D16E4267
:10CA68000F9D0DF50C7A8146DDF81CC045B93EE0F6
:10CA78000021DDF81CC048E00026DDF81CC0B5B375
:10CA8800A7F1C00358F826204FF0000B53F82600F2
:10CA980080184BF1000210EB090043F826004BF117
:10CAA80000001043012D22D0721CA7F1C00E5EF8C1
:10CAB800223058F822401B194BF10004C0184EF8D8
:10CAC80022004BF100002043022D10D0B21CA7F128
:10CAD800C004002554F8223058F822609B1945F10B
:10CAE8000006C01844F8220045F100003043DDF884
:10CAF80040B0C00709D0282901F0B581A7F1C008C6
:10CB0800012048F82100013101E0A7F1C008B498DC
:10CB180047F8201C81420C9098BF0146292981F0D2
:10CB280001810C20A0EB810E6FF0070000EB810360
:10CB38000420A0EB810900200AEB8105A0EB81000D
:10CB4800002800F06B8108EB0306294651F8044DD4
:10CB58007268944222D18A4500F06381294658F8C8
:10CB6800032051F8084D944218D18A4500F05E819F
:10CB7800294656F8042C51F80C4D94420ED18A459A
:10CB880000F0528155F8104D0EF1100E56F8082C91
:10CB9800103B09F1100910309442D1D00020002137
:10CBA800944238BF012188BF0120401A40B2604535
:10CBB800C0F245813999292981F0B48071B1880082
:10CBC800021F01200DF1440C00EB92000C2A00F02A
:10CBD800030605D2002460465EBB42E0002149E01E
:10CBE800CDE90F614FF6FC71C7F6FF7100EA010548
:10CBF80011A84FF000090A2190E85C00A3FB013C52
:10CC0800A2FB0128A4FB014E12EB0902A6FB016A54
:10CC180053EB080354EB0C0456EB0E065CC04AF1C8
:10CC28000009043DE8D110990DF1440C0F9E4C46C3
:10CC3800BEB103680A224FF000090025012EE3FB6C
:10CC4800024904600DD04368022EE3FB0295C0F848
:10CC58000490A94605D083684FF00009E3FB025908
:10CC68008560B9F1000F05D0282901F0FC804CF847
:10CC780021900131629E3991292E81F0EB8076B1A5
:10CC8800B000021F01200DF1E80C00EB92000C2A05
:10CC980000F0030305D20024604693BB49E0002658
:10CCA80050E04FF6FC714FF00009C7F6FF7100EA3B
:10CCB80001053AA80A21CDE90F36D0E90043D0E9A9
:10CCC8000226A3FB013CA4FB0148A2FB012E14EBA6
:10CCD8000904A6FB016A53EB080352EB0C02C0E9F6
:10CCE800004356EB0E064AF10009043DC0E902264E
:10CCF80000F11000E1D1109E0DF1E80C0F9B4C469D
:10CD0800BBB101680A224FF000090025012BE1FBA5
:10CD1800024904600DD04168022BE1FB0295C0F87E
:10CD28000490A94605D081684FF00009E1FB02593B
:10CD38008560B9F1000F05D0282E01F094804CF8D9
:10CD480026900136BBF1000F62960ED04FEA8B0099
:10CD5800031F012063AC00EB93000C2B00F00302CF
:10CD680008D20025204692BB4AE04FF0000BCDF8D0
:10CD78002CB267E04FF6FC714FF00009C7F6FF715F
:10CD880000EA010663A84FF00A081092D0E90041B2
:10CD9800D0E90225A1FB081CA4FB084EA2FB08232E
:10CDA80014EB0904A5FB085A51EB0E0152EB0C02D7
:10CDB800C0E900416B414AF10009043EC0E9022381
:10CDC80000F11000E2D1109A63AC4D46C2B101687F
:10CDD8000A234FF000090026012AE1FB03590560E8
:10CDE8000ED04168022AE1FB0396C0F80490B146D0
:10CDF80006D081684FF000090A22E1FB02698660CB
:10CE0800B9F1000F07D0BBF1280F01F02C8044F8CE
:10CE18002B900BF1010BCDF82CB213E0A8EB000618
:10CE280004E0A8EB090601E0A8EB0E06B8EB060043
:10CE380018BF4FF0FF3040B26045BFF6BBAE029856
:10CE480001300290B5AD8CACA4222846214602F0F0
:10CE580003F928460121FDF7C9FADEAD2146A422CF
:10CE6800284602F0F9F828460221FDF7BFFA0DF22C
:10CE78001C4A2146A422504602F0EEF850460321EF
:10CE8800FDF7B4FA399DDDF8BC040490A8422946A0
:10CE980088BF0146282900F24587DD984FF0000930
:10CEA80005900022DDF8180406900AE000240B9A89
:10CEB800049829468B94A84288BF0146292980F006
:10CEC80031870C20A0EB810C6FF0070000EB810389
:10CED8000420A0EB810E11A8A846CB46A9EB810936
:10CEE80000EB81050D921091B9F1000F79D00AEB92
:10CEF80003042E4656F8040D6268904223D111A807
:10CF0800B04273D02E465AF8032056F8080D9042C6
:10CF180019D111A8B0426BD02E4654F8042C56F8FB
:10CF28000C0D90420FD111A8B04266D055F8100DE3
:10CF38000CF1100C54F8082C103B0EF1100E09F1EE
:10CF480010099042D0D0904254D3DDF840805C461E
:10CF5800B8F1000F00F09D805FEA98024FF0000AD8
:10CF680050D002F00F020DF21C4B0DF1440C0026BC
:10CF7800AAEB82010122A0460BEB06045BF80650DF
:10CF880002F00102D4E9013ED4F80C90013A5CF8B1
:10CF98000640AAF1040A6FEA050554EB05024CF8AD
:10CFA80006206FEA03020CEB060306F11006D3E92C
:10CFB8000145D86862416FEA0E0465416FEA0904C9
:10CFC80060414446C3E9012548F100025145D86053
:10CFD800D1D1DDF84080CAF1000A18F0030315D159
:10CFE80052E0AAEB0904A24504D1AEE7AAEB0E046D
:10CFF800A245AAD000225C464EE0AAEB0C04A2454A
:10D00800F8D1A2E7012218F003033DD00DF21C402D
:10D0180011A950F82A0051F82A60C043801944F138
:10D028000006801841F82A0044F1000046EA000290
:10D03800012B29D00AF101000DF21C4611A956F85E
:10D04800206051F82050F643761944F100059219F2
:10D0580041F8202044F1000045EA0002022B13D0D9
:10D068000AF102000DF21C4311A953F8203051F8BF
:10D078002060DB439B1944F10006D21841F82020B8
:10D0880044F1000046EA0002DDF84080D00700F0D5
:10D0980094860822CDF8E4800698C646404588BFA5
:10D0A8008646BEF1290F80F06D860C200421A0EB86
:10D0B8008E096FF00700A1EB8E0A11A900EB8E0014
:10D0C800A4EB8E0601EB8E0CA3460F92002E77D0B0
:10D0D800DEAA6446024454F8043D5568AB4222D1A6
:10D0E80011A9A14275D0DEAB64461D5854F8083D1D
:10D0F800AB4218D111A9A14272D0644652F8045C1F
:10D1080054F80C3DAB420ED111A9A1426DD05CF888
:10D11800103D09F1100952F8085C10380AF1100A9C
:10D128001036AB42D2D0AB42DEAC11AD4DD3A7F135
:10D13800C008BEF1000F00F0A1805FEA9E004FF02A
:10D14800000159D000F00F0000234FF0000BA84653
:10D15800A1EB800C0120E518E658D5E9014AD5F87D
:10D168000C9000F0010058F8035001386FEA0606E9
:10D17800A1F1040155EB060048F803006FEA04002A
:10D1880008EB030403F11003D4E90156E26868418F
:10D198006FEA0A0575416FEA09067241E260C4E95F
:10D1A80001054BF10000DEAC8C45D4D1454649421F
:10D1B800A7F1C0084FF0000B1EF0030220D15AE07F
:10D1C800DEACA21B11AD9442B1D0C646A7F1C0088F
:10D1D8005AE0DEACA4EB0A0211AD9442F5D1A6E701
:10D1E800DEAC11AD9442F0D1A1E7DEACA4EB0902AC
:10D1F80011AD9442E9D19AE701201EF003023AD01A
:10D2080054F821304FF0000C55F821604FF0000B16
:10D21800DB439B194CF10006C01845F821004CF17E
:10D2280000003043012A26D04B1CC14654F8236025
:10D2380055F823C0F64316EB0C064FF0000C4CF1E2
:10D248000008801945F823004CF1000040EA080066
:10D25800C846022A0FD00231002654F8212055F87A
:10D268002130D243D21846F10003801845F8210036
:10D2780046F100001843C00700F09F850F98CDF8CD
:10D28800E4E040F004000F9005987446704588BFAC
:10D298000446292C80F07F850C20A0EB84096FF0D0
:10D2A8000700042100EB8400A1EB840AABEB840C9B
:10D2B80005EB84061094BCF1000F7DD0B5AA344666
:10D2C800024454F8043D5568AB4223D111A9A14248
:10D2D8007BD0B5AB34461D5854F8083DAB4219D144
:10D2E80011A9A14279D0344652F8045C54F80C3D97
:10D2F800AB420FD111A9A14275D056F8103D09F1E2
:10D30800100952F8085C10380AF1100A0CF1100CD8
:10D31800AB42D0D00DF1440AAB4254D3DDF840E023
:10D328005C46BEF1000F00F0A9805FEA9E004FF056
:10D33800000A60D000F00F000DF5357B0DF1440CAC
:10D348000026AAEB80010120A0460BEB06045BF83F
:10D35800065000F00100D4E9013ED4F80C900138E1
:10D368005CF80640AAF1040A6FEA050554EB0500CB
:10D378004CF806006FEA03000CEB060306F11006F2
:10D38800D3E90145DA6860416FEA0E0465416FEA46
:10D39800090462414446C3E9010548F100005145CA
:10D3A800DA60D1D1DDF840E0CAF1000AA7F1C0087F
:10D3B8001EF0030323D15AE0B5A8A0EB0C020DF12F
:10D3C800440A9042AAD05C465DE0B5A8A0EB0A02E8
:10D3D8000DF1440A9042F6D1A0E7B5A80DF1440A30
:10D3E8009042F0D19AE7B5A8A0EB09020DF1440AE2
:10D3F8009042E8D192E701201EF0030337D0B5AA86
:10D4080011A952F82A2051F82A60D243921944F1FE
:10D418000006801841F82A0044F100003043012B2F
:10D4280025D00AF10102B5AE11A956F8226051F8CB
:10D438002250F643761944F10005801941F822007C
:10D4480044F100002843022B11D00AF10202B5ABC7
:10D4580011A953F8223051F82260DB439B1944F19B
:10D468000006C01841F8220044F100003043DDF8FE
:10D4780040E00DF1440AC00700F09F840F98CDF8F2
:10D48800E4E002300F900C987246704588BF02465F
:10D49800292A80F089840C20F346A0EB820E6FF0D5
:10D4A8000700042100EB8200A1EB8209A4EB820CA7
:10D4B8000AEB82061092BCF1000F7AD08CAB35468D
:10D4C8001C1855F8042D63689A4222D1AA4500F029
:10D4D80081808CAA3546135855F8082D9A4218D1E0
:10D4E800AA4500F08080354654F8043C55F80C2DC8
:10D4F8009A420ED1AA457DD056F8102D0EF1100E85
:10D5080054F8083C103809F110090CF1100C9A4233
:10D51800D1D0DDF834E09A420F9952D3109D0024FF
:10D52800002D00F0AF80A8084FF000016BD000F08C
:10D538000F000DF50C7B0023D046A1EB800C0120D9
:10D548000BEB03055BF8036005F1040E58F8035074
:10D5580000F00100A2469EE8104201386FEA060674
:10D5680055EB060048F803006FEA040008EB0304D3
:10D5780003F11003D4E90156A1F10401E2686841FE
:10D588006FEA090575416FEA0E067241E260C4E967
:10D5980001054AF1000054468C45D1D1DDF834E04C
:10D5A8004942109DA7F1C00BC24615F003022FD1C6
:10D5B80063E08CA8A0EB0C04DDF834E0A0420F99DE
:10D5C800ACD05D46002408980DF1E80B864561D182
:10D5D80000F051BC8CA8A0EB0904DDF834E0A042AF
:10D5E8000F99EED19AE78CA8DDF834E0A0420F99A4
:10D5F800E7D193E78CA8A0EB0E04DDF834E0A04255
:10D608000F99DED18AE7C346012015F0030234D012
:10D618008CAB5AF8216053F82130DB439B1944F155
:10D628000006C0184AF8210044F100003043012ADE
:10D6380023D04B1C8CAE56F823605AF823C0F6430F
:10D6480016EB0C0644F1000C80194AF8230044F14B
:10D65800000040EA0C00022A0FD002318CAA52F8CE
:10D6680021205AF82130D243D21844F100038018FF
:10D678004AF8210044F1000018430F99D846C00722
:10D6880000F09B830131399508980DF1E80B864528
:10D6980000F0F18301F130000999629A0F9201F8C4
:10D6A8000E00AA42294688BF1146292980F03A83EC
:10D6B8000EF101000B900C20A0EB810C6FF007001D
:10D6C80000EB81030420A0EB810EA4EB81060AEB9A
:10D6D8008102A146109596B30BEB0305114651F84C
:10D6E800044D686884421FD18A452BD011465BF8E7
:10D6F800030051F8084D844216D18A4527D01146B7
:10D7080055F8040C51F80C4D84420DD18A451CD0B3
:10D7180052F8104D0CF1100C55F8080C103B0EF196
:10D72800100E10368442D6D084424FF0000038BF25
:10D7380001204FF0000188BF0121081A0CE0ABEB73
:10D74800060504E0ABEB0E0501E0ABEB0C05BBEB0B
:10D75800050018BF4FF0FF300A9040465146A422FA
:10D7680001F07AFC8B9857F8201C0E90884288BFED
:10D778000146282900F2D682E1B388084FF0000359
:10D788003CD000F00F0003910DF5C67B0022A3EBFF
:10D798008001002058F8005002F001025BF8006098
:10D7A800013A0BEB0004CE46754148F8005008EBEF
:10D7B8000005D4E9012900F11000D5E9016CA3F1B5
:10D7C8000403E4687241D5F80CA059EB0C06F14645
:10D7D80054EB0A04EC60C5E901264EF100029942B7
:10D7E800D8D103995E421346DDF81CC011F003003E
:10D7F8000AD13AE00021DDF81CC047E00026DDF838
:10D808001CC011F0030030D063AD58F8262055F83D
:10D818002650521949F10005D21848F8262049F136
:10D8280000022A43012820D0731C63AC58F8235007
:10D8380054F823402D1949F10004521948F82320BF
:10D8480049F10002224302280FD0B01C63AE58F8F9
:10D85800203056F820609B1949F10006D21848F884
:10D86800202049F1000046EA00020DF1E80B0DF115
:10D87800440A4346D00708D0282900F0F482012042
:10D88800984643F82100013100E098460C9847F883
:10D89800201C814298BF0146292980F043820C2030
:10D8A800A0EB810E6FF0070000EB81050420A0EBD0
:10D8B80081038CA8A9EB810600EB8109D6B308EB9C
:10D8C8000504494651F8040D6268904221D18CA89C
:10D8D800884232D0494658F8052051F8080D904240
:10D8E80017D18CA888422DD0494654F8042C51F8F9
:10D8F8000C0D90420DD18CA8884221D059F8100DFA
:10D908000EF1100E54F8082C103D103310369042CA
:10D91800D4D090424FF000004FF0000138BF0120F2
:10D9280088BF0121081A109D0A9940B249B2614581
:10D9380014DA56E1A8EB060404E0A8EB030401E0BE
:10D94800A8EB0E04109DB8EB04000A9918BF4FF01D
:10D95800FF3040B249B26145C0F243816045C0F230
:10D96800908185B1A800012104384FF00A0C0C28D9
:10D9780001EB90020DD2002611A94FF0000912F018
:10D9880003003BD151E000254FF000094FF00A0C8D
:10D9980054E04FF6FC7011A9C7F6FF704FF0000E67
:10D9A80010400D92D1E902434FF00A08D1E9006511
:10D9B800A3FB0CA9A4FB0C42A5FB0C53A6FB086C0B
:10D9C80016EB0E0655EB0C05C446634152EB0A02F2
:10D9D800C1E9006549F1000E0438C1E9023201F1DC
:10D9E8001001DFD1109D0DF1E80B0D9A0DF1440ADD
:10D9F80076464FF0000912F0030016D00A684FF07F
:10DA0800000E0128E2FB0C6E0E600ED04A6800235F
:10DA18000228E2FB0CE3C1F804E09E4605D08868C2
:10DA28004FF0000EE0FB0C3E8B60BEF1000F05D0FE
:10DA3800282D00F018824AF825E001350F9C399509
:10DA480064B1A000012104380C2801EB900807D22A
:10DA580000263AA918F0030036D14CE0002453E020
:10DA68004FF6FC703AA9C7F6FF704FF0000E00EAB7
:10DA780008001095D1E902434FF00A0BD1E900657F
:10DA8800A3FB0CA9A4FB0C42A5FB0C53A6FB0B6C37
:10DA980016EB0E0655EB0C05DC46634152EB0A0209
:10DAA800C1E9006549F1000E0438C1E9023201F10B
:10DAB8001001DFD1DDE90F450DF1E80B76464FF097
:10DAC800000918F0030016D00A684FF0000E01286C
:10DAD800E2FB0C6E0E600ED04A6800230228E2FBBF
:10DAE8000CE3C1F804E09E4605D088684FF0000EAC
:10DAF800E0FB0C3E8B60BEF1000F05D0282C00F037
:10DB0800B2814BF824E0013462940DF21C4A0E9C59
:10DB1800002C3FF4CBA9A000012104380C2801EB0C
:10DB2800900805D2002663A918F0030034D14AE012
:10DB38004FF6FC7063A9C7F6FF704FF0000E00EABD
:10DB480008001095D1E902434FF00A0BD1E90065AE
:10DB5800A3FB0CA9A4FB0C42A5FB0C53A6FB0B6C66
:10DB680016EB0E0655EB0C05DC46634152EB0A0238
:10DB7800C1E9006549F1000E0438C1E9023201F13A
:10DB88001001DFD1109D0DF21C4A0E9C76464FF015
:10DB9800000918F0030016D00A684FF0000E01289B
:10DBA800E2FB0C6E0E600ED04A6800230228E2FBEE
:10DBB8000CE3C1F804E09E4605D088684FF0000EDB
:10DBC800E0FB0C3E8B60BEF1000F3FF470A90B9A8E
:10DBD800282C00F0488163A840F824E00134FFF7BE
:10DBE80067B9DDF820806045029D80F2B58011A8F4
:10DBF8000121FCF7FBFB39990C9A8A4288BF114630
:10DC0800292980F08F800C22A2EB810C6FF007028B
:10DC180002EB81030422A2EB810E0022A2EB810811
:10DC280000EB8105B8F1000F00F084808CAC294628
:10DC38001C4451F8042D6668B24220D188427DD038
:10DC48008CA9CE58294651F8082DB24217D18842DE
:10DC580078D0294654F8046C51F80C2DB2420ED1F4
:10DC6800884271D055F8102D0CF1100C54F8086C3E
:10DC7800103B0EF1100E08F11008B242D2D0B24299
:10DC880067D30998DDF82CC00D9900EB0C09DDF875
:10DC98002080029D0C464846621C1FD0034613F89C
:10DCA800016D392E2CD1099A9A4217D0024612F8E2
:10DCB800023D392B27D1099B93420FD0024612F817
:10DCC800033D392B21D1099B934207D010F8042D2D
:10DCD800043C392AE0D0601C023418E0099831224B
:10DCE80030260C4600F8012B302201F0F0F80B9892
:10DCF800404580F0C88089F800600135A11C2CE0FF
:10DD08002046144603E0601E01E0A01E013C099B6A
:10DD1800ACEB04011A5C01321A541819302201F0D4
:10DD2800D6F819E041F2FC630020C2F22003282251
:10DD380000F0FEFC8CA8A0EB080408E08CA8A0EB7F
:10DD48000E0404E08CA802E08CA8A0EB0C04A0420E
:10DD580097D0DDF82080029D0B9941459FBF019A1D
:10DD680015810998C2E900019EBF0DF2645DBDE806
:10DD7800000FF0BD42F29C030020C2F2200342468D
:10DD880000F0D6FC41F2FC630020C2F22003714689
:10DD9800282200F0CDFC41F2FC630020C2F22003EF
:10DDA8002146282200F0C4FC41F2FC631146C2F26D
:10DDB80020030020282200F0BBFC41F2DF6041F282
:10DDC800FC62C2F22000C2F220021A2100F0AEFD6D
:10DDD80041F6705042F23C02C2F22000C2F2200228
:10DDE8001C2100F0A3FD41F6306042F24C02C2F261
:10DDF8002000C2F220021D2100F098FD41F660606B
:10DE080042F25C02C2F22000C2F220021C2100F0A1
:10DE18008DFD41F6547042F2BC02C2F22000C2F2FB
:10DE28002002362100F082FD41F60C7042F2AC026D
:10DE3800C2F22000C2F22002372100F077FD41F241
:10DE48004B7042F26C02C2F22000C2F220022D2175
:10DE580000F06CFD41F2FC630020C2F22003314661
:10DE6800282200F065FC41F2FC622820C2F2200260
:10DE7800282100F0FFFC089842F27C02C2F220023E
:10DE8800014600F0F7FC42F28C024146C2F2200241
:10DE980000F0F0FCF0B503AF2DE9000F85B00E4699
:10DEA8008346082919D2DBF8A010292980F0978128
:10DEB800A1B342F2CC000123C2F2200050F826E0C0
:10DEC800880004380C2803EB900303F0030227D2E0
:10DED80000235D46002A4CD162E016F0070272D09A
:10DEE800DBF8A010292980F07A81002968D042F255
:10DEF800CC03C2F2200353F8223023FA02F08B003D
:10DF08001D1F01230C2D03EB950303F003047BD2A3
:10DF180000255B46002C40F0A480BBE0002148E0CF
:10DF280023F003064FF000085D460392CDF810B0C9
:10DF3800D5E900A3D5E90224A4FB0EB9AAFB0E0A71
:10DF4800A3FB0E3410EB0800A2FB0E2C53EB0A03C4
:10DF5800C5E9000362415BEB0C0449F10008043E8B
:10DF6800C5E9022405F11005E2D1DDE9032B43469A
:10DF7800B2B128684FF000080026012AE0FB0E38ED
:10DF88002B600DD06868022AE0FB0E86C5F8048075
:10DF9800B04605D0A8684FF00008E0FB0E68AE60F8
:10DFA800B8F1000F05D0282900F021814BF8218015
:10DFB8000131CBF8A010584605B0BDE8000FF0BD00
:10DFC8000021CBF8A010310771D4F00600F1DA80F7
:10DFD800B00600F1E280700600F1EA80300600F138
:10DFE800F280F00507D542F244115846C2F22001EA
:10DFF8001322FCF7CEF858463146FCF7F7F9584695
:10E0080005B0BDE8000FF0BD23F003054FF0000A8E
:10E018005B46CDE901410396CDF810B0D3E900E2A3
:10E02800D3E90246A2FB0028A6FB009BAEFB0061D9
:10E03800A4FB004C16EB0A06514154EB0802C3E955
:10E04800006159EB0C044BF1000A043DC3E90224BA
:10E0580003F11003E2D1DDE9036B5546DDE9014127
:10E06800C4B11A684FF0000A4FF0000E012CE2FB11
:10E07800005A1D600ED05A68022CE2FB00AEC3F8AD
:10E0880004A0F24606D09A684FF0000AE2FB00EAC4
:10E09800C3F808E0BAF1000F05D0282900F0A780DE
:10E0A8004BF821A00131CBF8A01031078DD5DBF852
:10E0B800A010292980F0938081B1880001220438BA
:10E0C8004FF2E158C0F205080C2802EB900303F068
:10E0D800030205D200255C4672BB46E000214CE0F5
:10E0E80023F003054FF000095C46CDE90226CDF880
:10E0F80010B0D4E900A6D4E90223A3FB08BEAAFB0A
:10E10800080AA6FB086310EB0900A2FB082C56EBD3
:10E118000A06C4E900065A415BEB0C034EF10009FC
:10E12800043DC4E9022304F11004E2D10DF1080B07
:10E138004D469BE84408C2B120684FF000094FF0F3
:10E14800000E012AE0FB085925600ED06068022AFB
:10E15800E0FB089EC4F80490F14606D0A0684FF092
:10E168000009E0FB08E9C4F808E0B9F1000F04D0A1
:10E1780028293CD04BF821900131CBF8A010F006AB
:10E188007FF526AF42F2F4015846C2F2200102227E
:10E19800FBF7FFFFB0067FF51EAF42F2FC015846C1
:10E1A800C2F220010322FBF7F4FF70067FF516AFD9
:10E1B80042F208115846C2F220010522FBF7E9FF96
:10E1C80030067FF50EAF42F21C115846C2F220010C
:10E1D8000A22FBF7DEFFF0053FF505AF0BE741F23A
:10E1E800FC630020C2F22003282200F0A1FA41F2C9
:10E1F800FC622820C2F22002282100F03BFBF0B587
:10E2080003AF2DE9000F82B08146033020F00300F0
:10E21800A0EB090A514537D2002948D001F0030C78
:10E2280088084FF0000100F03B82A1EB800E09F155
:10E2380001066FF003057219043592F9033092F95B
:10E24800064092F9050013F1410F92F90420C8BF66
:10E25800013112F1410FC8BF013110F1410FC8BFA0
:10E26800013114F1410F0EEB0500C8BF0131043034
:10E27800E1D12A1D08461146BCF1000F40F0158275
:10E2880002B0BDE8000FF0BDA1EB0A085FEA980BE9
:10E29800C2D008F0030E484501D100204BE0A9EB9D
:10E2A800000010F1040F07D90026002029E0002003
:10E2B80002B0BDE8000FF0BD09F1010C00206FF0BD
:10E2C80003010CEB010696F9035096F9062096F91E
:10E2D800054015F1410F96F90460C8BF013016F1E9
:10E2E800410FC8BF013014F1410FC8BF013012F10E
:10E2F800410F01F10402C8BF013011F108061146AF
:10E30800DFD119F9061011F1410FC8BF0130BAF178
:10E31800010F10D009EB060191F9012012F1410F0C
:10E32800C8BF0130BAF1020F05D091F9021011F1FE
:10E33800410FC8BF01304FF6FC7109EB0A02C1F664
:10E34800FF710025BEF1000F1CD001F1C04101EAA8
:10E358000801114491F9004014F1410FC8BF01258B
:10E36800BEF1010F0ED091F9014014F1410FC8BF61
:10E378000135BEF1020F05D091F9021011F1410FDC
:10E38800C8BF0135284411E000263FFA86F33FFA5A
:10E3980096F63344ABEB090B08EB890219F003013D
:10E3A80003EB034300EB134040F04981BBF1000F3E
:10E3B8003FF466AF9046BBF1C00FD94628BF4FF077
:10E3C800C009BBF1040FDFD36FF00F01012201EB8D
:10E3D8008901302902EB1112CDE9002802D200266A
:10E3E8004546AEE04FF6FC710026C1F6FF7102EA21
:10E3F800010A454695E81450BAF1040A69696FEABA
:10E4080002084FEAD81343EA92126FEA040322F093
:10E41800FE324FEAD313324443EA94132E6923F0B1
:10E42800FE33D5F83C8013446FEA0C024FEAD2144D
:10E43800AA6B44EA9C1424F0FE3423446FEA0E04C9
:10E448004FEAD41444EA9E1424F0FE3404EB030C7F
:10E458006FEA06044FEAD41444EA9616AB696FEAE9
:10E46800010426F0FE364FEAD41444EA9111B4446C
:10E47800EE696FEA030421F0FE314FEAD41444EA4E
:10E4880093138C44296A6FEA060423F0FE334FEA9B
:10E49800D41444EA96169C446B6A6FEA010426F089
:10E4A800FE364FEAD41444EA9111B444AE6A6FEAD6
:10E4B800030421F0FE314FEAD41444EA93138C4448
:10E4C800E96A6FEA060423F0FE334FEAD4149C4449
:10E4D8002B6B44EA96166FEA010426F0FE364FEAE3
:10E4E800D41444EA91116FEA0304B4446E6B21F02A
:10E4F800FE314FEAD41444EA9313614423F0FE3307
:10E5080005F1400519446FEA06034FEAD31343EABD
:10E51800961323F0FE3319446FEA02034FEAD3132C
:10E5280043EA921222F0FE3211446FEA08024FEADF
:10E53800D21242EA981222F0FE3202EB01067FF470
:10E5480059AF0099DDF8048011F0030C3FF41DAFBA
:10E5580095E81C40BCF1010F6FEA02014FEAD111A6
:10E5680041EA92116FEA03024FEAD21221F0FE311A
:10E5780042EA9312314422F0FE3211446FEA040257
:10E588004FEAD21242EA941222F0FE3211446FEAA4
:10E598000E024FEAD21242EA9E1222F0FE3202EB3B
:10E5A80001063FF4F2AE05F1100EBCF1020F9EE831
:10E5B8000E406FEA01044FEAD41444EA91116FEA5D
:10E5C800020421F0FE314FEAD41444EA9212314495
:10E5D80022F0FE3211446FEA03024FEAD21242EAF5
:10E5E800931222F0FE3211446FEA0E024FEAD21261
:10E5F80042EA9E1222F0FE3202EB01063FF4C5AE5B
:10E6080020352ECDCC43E40944EA911121F0FE31A6
:10E618003144D643F60946EA921222F0FE321144FA
:10E62800DA43D20942EA931222F0FE321144EA4355
:10E63800D20942EA951222F0FE325618A5E609F0F0
:10E64800FC03012958F823206FEA02064FEAD61680
:10E6580046EA921222F0FE3215D008EB8303022913
:10E668005E686FEA06054FEAD51545EA961626F064
:10E67800FE36324407D09968CB43DB0943EA91114F
:10E6880021F0FE310A443FFA82F13FFA92F2114436
:10E6980001EB014100EB114002B0BDE8000FF0BDF5
:10E6A8000020BCF1000F3FF4EBAD19F9012012F185
:10E6B800410FC8BF0130BCF1010F3FF4E1AD49443F
:10E6C80091F9012012F1410FC8BF0130BCF1020FCE
:10E6D8003FF4D6AD91F9021011F1410FC8BF0130D6
:10E6E80002B0BDE8000FF0BD80B56F4684B00246A9
:10E6F8004CF2D160C0F2000001A90290781E01908E
:10E7080040F2A150C2F2200000F016F980B56F4621
:10E7180084B002464CF2B960C0F2000001A9029030
:10E72800781E019040F2A150C2F2200000F004F9D6
:10E7380080B56F4686B0904213D9CDE9000246F6FF
:10E74800997001A9C0F200000590CDE9030168465F
:10E75800029040F67100C2F2200002A91A4600F0A9
:10E76800EBF8914215D8884213D9CDE9000146F655
:10E77800997001A9C0F200000590CDE9030168462F
:10E78800029040F20260C2F2200002A91A4600F08C
:10E79800D3F846F69970CDE90012C0F2000001A93D
:10E7A800059003906846029040F2EB700491C2F223
:10E7B800200002A91A4600F0BFF880B56F4684B061
:10E7C800CDE9000146F6D720C0F2000002A9039067
:10E7D8006846029040F2A150C2F2200000F0ACF866
:10E7E80080B56F46024642F2A010C2F220002B21EB
:10E7F80000F09CF880B56F4688B08DE80F0002A83D
:10E8080040F2000CD7F808E046F6B324069046F626
:10E81800D720C0F20000C2F2200C0590684604A977
:10E82800C0F20004049060467246079400F084F831
:10E8380080B56F46024642F2CB10C2F22000332167
:10E8480000F07AF880B56F46024642F2E410C2F250
:10E858002000472100F070F8FEB506AF00F0F2F88E
:10E86800034A0092CDE9013104A905AB00F016F87E
:10E8780008222020FEB506AFCDE90001694605480B
:10E888000590CDE9030101A8029002A9024800F011
:10E8980053F800BF996F00009206202080B56F469C
:10E8A80090B0CDE90012C0B2B9687A69CDE90231F9
:10E8B800174951F820100591164951F82000049085
:10E8C800F86870B914480D9002A9CDE90B016846A3
:10E8D8000A901348099004A8089008A9124800F063
:10E8E8002BF83969CDE906010B480F9002A9CDE94B
:10E8F8000D0168460C9009480B9006A80A90084834
:10E90800099004A8089008A9064800F015F800BF67
:10E91800582220204C222020B36A0000A5C60000FF
:10E92800D76A0000AB012020EB02202080B56F469B
:10E938004900013100F000F880B56F4686B0CDE996
:10E9480001010120ADF8140001A8039003A8049266
:10E95800FAF7C0F880B56F46D0E90023D1E9000185
:10E96800BDE88040FAF795BF80B56F46084640F687
:10E978009461C2F220012022BDE88040FBF716BB5B
:10E9880080B56F46084642F22321C2F220011822C0
:10E99800BDE88040FBF70ABBF0B503AF4DF8048D26
:10E9A80088B0D1E9005442F23B21E6688046C2F2C1
:10E9B80020010C222846B04720B1012008B05DF89C
:10E9C800048BF0BDD8F8040002ABD0E90012CDE901
:10E9D800001200F10C02083046F69971049046F6D0
:10E9E800D720C0F20001C0F20000CDE9051240F6C0
:10E9F8006712039068460791C2F2200202902846E7
:10EA08002146FAF746FF20B1012008B05DF8048BD3
:10EA1800F0BD42F247212846C2F220010222B04747
:10EA280020B1012008B05DF8048BF0BDD8F80000D3
:10EA38002146D0E900232846FAF72BFF08B05DF8F5
:10EA4800048BF0BDCDE90412F9680391B9687047E9
:10EA5800002A04BF00207047F0B503AF2DE9000B72
:10EA6800A2F1010EC2F1000C00240B5D055D9D4270
:10EA780024D1A6451ED001EB040800EB040998F840
:10EA8800013099F801509D4218D10CEB0406B31CD3
:10EA980010D098F8023099F802509D420ED1F31C1C
:10EAA80008D098F8033099F803509D4206D10434F1
:10EAB800A242DAD10020BDE8000BF0BDE81ABDE89B
:10EAC800000BF0BD80B56F46B4EE600AF1EE10FAA7
:10EAD800F4EE600A48BFF0EE400AF1EE10FA68BFA3
:10EAE800F0EE400AB0EE600A80BD80B56F46B4EE25
:10EAF800600AF1EE10FAB4EE400A48BFB0EE600AC0
:10EB0800F1EE10FA68BFB0EE600A80BDB0B502AF92
:10EB180010293FD3424202F003054219904220D205
:10EB2800A5F1010C8DB1002386460EF8013B012D9D
:10EB380007D04370022D1ABF837000F1030E00F155
:10EB4800020EBCF1030F04D20BE08646BCF1030FA2
:10EB580007D3AEF10400002340F8043F041D94429B
:10EB6800FAD1491B21F003001044824210D200233D
:10EB780042F8043B82420BD242F8043B82423CBF3B
:10EB880042F8043B824203D242F8043B8242EFD36C
:10EB980001F00301421890421FD24B1E11F00304EA
:10EBA8000CD04FF0000C014601F801CB012C0AD023
:10EBB800022C80F801C003D1811C04E0014602E068
:10EBC80000218170C11C032B38BFB0BD081F002174
:10EBD80040F8041F031D9342FAD1B0BD80B56F46BB
:10EBE800BDE8804000F000B8F0B503AF2DE9000F94
:10EBF8008CB0102A1ED3434203F0030800EB08032D
:10EC0800984233D2A8F1010C06460C46B8F1000F21
:10EC18001AD00C46064614F801EBB8F1010F06F8B5
:10EC280001EB11D04E78B8F1020F467008D18C1C58
:10EC3800861C09E084460CEB02039C4540D36CE03B
:10EC48008E78CC1C8670C61CBCF1030F0ED3043C16
:10EC5800043E14F8045F06F8045F65787570A578BB
:10EC6800B570E578F570351D9D42F2D1A2EB080E1E
:10EC780001EB08042EF0030214F0030603EB020C68
:10EC880059D1634515D221460D6843F8045B6345A5
:10EC98000FD24D6843F8045B63453EBF8D6843F867
:10ECA800045B634505D2CD68103143F8045B6345C6
:10ECB800EAD3A1180EF003020CEB02039C452CD2F8
:10ECC800A2F1010E12F0030413D00A46654612F8A9
:10ECD800016B012C05F8016B0DD04A78022C8CF8D9
:10ECE80001201ED18A1C0CF10205BEF1030F05D2CA
:10ECF80013E065460A46BEF1030F0ED3111F2A1F03
:10ED080011F8046F02F8046F4E7856708E7896707A
:10ED1800CE78D670161D9E42F2D10CB0BDE8000F19
:10ED2800F0BD8A780CF103058CF80220CA1CBEF1EC
:10ED3800030FE3D2F1E74FF00009C6F1040A0BAD67
:10ED4800CDF82C9005EB060B5FEACA751EBF257837
:10ED58008BF800504FF00109A51B0795F5000195A8
:10ED68005FEA8A7544BF34F809502BF809501D1D15
:10ED7800DDF82CB06545019DAA46C5F100055CD2B9
:10ED88007342009501EB030905F018010546079148
:10ED9800CDF81090C144079B2BFA0AFBD9F8041050
:10EDA800089101FA03F305EB080143EA0B038B46CC
:10EDB8004BF8083BE34542D2089B0395CDF81890E1
:10EDC80023FA0AF5D9F80890079B059109FA03F385
:10EDD8002B434B6001F10C03634536D2069DED6869
:10EDE800089529FA0AF50295DDE9075101FA05F9AE
:10EDF8000599029D103145EA09056145CBF8005097
:10EE08002DD20699079DDDF81090D1F810B0089919
:10EE180009F110090BFA05F521FA0AF12943039DB6
:10EE28001960103505EB0803191D6145B0D309EBCE
:10EE380008010791DDF800A018E0AA4616E00B4685
:10EE480009F10401079104330CE00699CB46DDF87B
:10EE580000A008310791059901F1080306E0069919
:10EE68000C310791DDF800A0DDF820B00025012E57
:10EE78008DF8285007F8265C05D10DF128084FF0C9
:10EE88000009002109E00799A7F126080D794979B9
:10EE98008DF828504FEA01290221E60701D1002107
:10EEA80009E0079D0435695C88F8001017F8261CEE
:10EEB8009DF82850090441EA0901019E29430AF0F6
:10EEC8001805A9402BFA06F631431960F1E6D0B5CA
:10EED80002AF102946D3434203F0030C00EB0C03A6
:10EEE800984222D2ACF1010EBCF1000F10D00446BA
:10EEF800BCF1010F04F8012B06D04270BCF1020FDF
:10EF08001ABF8270C41C841CBEF1030F04D20CE02B
:10EF18000446BEF1030F08D3201F00F8042F041D78
:10EF28009C42C27082704270F7D1A1EB0C0C2CF09D
:10EF380003001844834213D2D1B24FF00134614325
:10EF480043F8041B83420BD243F8041B83423CBFA3
:10EF580043F8041B834203D243F8041B8342EFD3D4
:10EF68000CF00301431898421ED2A1F1010C11F0D4
:10EF780003040BD00146012C01F8012B07D0427085
:10EF8800022C1ABF8270C11C811C00E00146BCF132
:10EF9800030F38BFD0BD081F00F8042F011D994288
:10EFA800C27082704270F7D1D0BD80B56F46042917
:10EFB80005D30B1FDA4312F00C0F02D11AE00246F8
:10EFC80024E04FF0000C024642F804CB13F00C0F7B
:10EFD80008D003F00C02C0F804C0042A05D108398F
:10EFE800083006E01946104604E000220C39826019
:10EFF8000C3002460C2B09D3002302461039C2E913
:10F008000033C2E9023310320329F7D8501882427C
:10F0180021D2A1F1010C11F003030CD04FF0000E26
:10F02800114601F801EB012B0AD0022B82F801E00E
:10F0380003D1911C04E0114602E000219170D11C1B
:10F04800BCF1030F38BF80BD0439002241F8042FFA
:10F058000B1D8342FAD180BD042A09D3D0B502AF73
:10F06800A2F1040E6FEA0E0313F00C0F06D123E091
:10F078000B46844660461946FFF7B6BD0B468446E4
:10F0880053F8044B1EF00C0F4CF8044B09D04B6896
:10F0980043600EF00C03042B07D1083A08310830FE
:10F0A80008E072466046194606E08B680C3A8360B1
:10F0B8000C310C3084460B46BEF10C0F14D3844639
:10F0C8000B461868103ACCF80000032A5868CCF8A8
:10F0D80004009868CCF80800D86803F11003CCF84D
:10F0E8000C000CF1100CECD8BDE8D0406046194675
:10F0F800FFF77ABD10B584B002AC009400F004F8B4
:10F10800029A039B04B010BD80B56F4686B0844652
:10F1180002A8CDE9002362460B4600F00DF8D7F8A7
:10F1280008C0DDE90201BCF1000F1CBFDDE90432B3
:10F13800CCE9003206B080BDF0B503AF2DE9000B75
:10F14800D7E902E8BEF1000F72D0B8F1000F6FD115
:10F15800002B00F0FC80734580F00781B3FA83F13F
:10F16800BEFA8EF6711A01F1200608BF1F26C6F1F5
:10F17800200508FA06F10EFA06F82EFA05F52943D5
:10F18800B6F1200506F01F0658BF0EFA05F14FF03C
:10F19800010505FA06FC4FF0000558BF4FF00008BE
:10F1A80008E0224633464FEA181444EA01784FEA49
:10F1B8001C1C0909B2EB080463EB0106002E03D4FA
:10F1C80045EA0C0502D12DE014461E465FEA5103BC
:10F1D8004FEA3802A21A66EB0303002B04D445EA6F
:10F1E8005C05144602D11DE0224633464FEA9804D6
:10F1F80044EA8174141B63EB9106002E03D445EA9C
:10F208009C0502D10EE014461E464FEAD80242EA97
:10F218004172A21A66EBD103002BC2D445EADC0581
:10F228001446C0D1B4FBFEF101FB1E46294392E00F
:10F23800B2EB0E064FF0000173EB08067CD3002BEF
:10F248007AD0B3FA83F1B8FA88F6711A01F03F065A
:10F2580001F01F01C6F1200408FA06F50EFA06FCB3
:10F268002EFA04F42C43B6F1200558BF0EFA05F423
:10F278004FF0010505FA01F94FF0000158BF4FF0B2
:10F28800000C08E032462B464FEA1C1646EA047C7E
:10F298004FEA19192409B2EB0C0673EB040507D4DD
:10F2A80041EA0901B6EB0E0275EB080202D23AE018
:10F2B80016461D465FEA54034FEA3C02B21A75EB44
:10F2C800030309D4B2EB0E0541EA590173EB0805B3
:10F2D80016461D4602D226E032462B464FEA9C05CA
:10F2E80045EA8475561B63EB9405002D07D441EA63
:10F2F8009901B6EB0E0275EB080202D213E016462E
:10F308001D464FEADC0242EA4472B21A65EBD403A6
:10F31800002BB7D4B2EB0E0541EAD90173EB08050F
:10F3280016461D46B0D24FF0000CC0E9001CC0E9DB
:10F338000265BDE8000BF0BD4FF0000C16461D46F7
:10F34800C0E9001CC0E90265BDE8000BF0BDB2FBD6
:10F35800FEF101FB1E264FF0000C0025C0E9001C41
:10F36800C0E90265BDE8000BF0BD0DD1B2FBF3F1B9
:10F37800002501FB13264FF0010CC0E9001CC0E971
:10F388000265BDE8000BF0BDB3FBFEFCBEF5803F97
:10F398000CFB1E351AD22904002541EA1241B1FBA3
:10F3A800FEF303FB0EF14CEA134CC1EB1241C2EA27
:10F3B8000141B1FBFEF202FB1E1642EA0341C0E91D
:10F3C800001CC0E90265BDE8000BF0BDB2EB0E0100
:10F3D80075EB080108D200211646C0E9001CC0E9F7
:10F3E8000265BDE8000BF0BD4FEAC87141EA5E0353
:10F3F8004FEACE794FF00048002108E02246354612
:10F408004FEA191444EA03794FEA18181B09B2EBBA
:10F41800090465EB0306002E03D441EA080102D172
:10F428002DE014462E465FEA53054FEA3902A21A28
:10F4380066EB0505002D04D441EA5801144602D1B3
:10F448001DE0224635464FEA990444EA8374141BAA
:10F4580065EB9306002E03D441EA980102D10EE031
:10F4680014462E464FEAD90242EA4372A21A66EBC4
:10F47800D305002DC2D441EAD8011446C0D1B4FB4B
:10F48800FEF2002502FB1E461143C0E9001CC0E93C
:10F498000265BDE8000BF0BD80B56F46FEE70000D1
:10F4A800C0023A20C000433A5C55736572735C4BE6
:10F4B80061726D615C2E636172676F5C726567690A
:10F4C800737472795C7372635C696E6465782E63B9
:10F4D80072617465732E696F2D31393439636638FA
:10F4E8006336623562353537665C727469632D6DD3
:10F4F8006F6E6F746F6E6963732D312E352E305CAD
:10F508007372635C7379737469636B2E72730043EF
:10F518003A5C55736572735C4B61726D615C2E6306
:10F528006172676F5C72656769737472795C737214
:10F53800635C696E6465782E6372617465732E69A5
:10F548006F2D313934396366386336623562353543
:10F5580037665C7465656E7379342D6273702D300F
:10F568002E352E325C7372635C626F6172642E7228
:10F578007300433A5C55736572735C4B61726D61DD
:10F588005C2E636172676F5C726567697374727908
:10F598005C7372635C696E6465782E63726174650E
:10F5A800732E696F2D3139343963663863366235A5
:10F5B80062353537665C696D7872742D68616C2DBB
:10F5C800302E352E31345C7372635C636869705C0D
:10F5D800696D787274313078785C63636D5C616EE4
:10F5E800616C6F672E727300433A5C557365727372
:10F5F8005C4B61726D615C2E636172676F5C7265F2
:10F608006769737472795C7372635C696E64657838
:10F618002E6372617465732E696F2D3139343963C5
:10F6280066386336623562353537665C696D78727F
:10F63800742D646D612D302E312E315C7372635CD4
:10F648006368616E6E656C2E72730010617373650A
:10F658007274696F6E20606C65667420C0102072C9
:10F668006967687460206661696C65643A20C009DE
:10F678000A20206C6566743A20C0090A20726967FE
:10F6880068743A20C0002F72757374632F65343024
:10F6980038393437626664323030616634326462D5
:10F6A8003332326461663066616466653765323666
:10F6B80064336264312F6C6962726172792F636F8F
:10F6C80072652F7372632F6E756D2F666C7432645A
:10F6D80065632F73747261746567792F67726973D4
:10F6E800752E7273002F72757374632F65343038FA
:10F6F800393437626664323030616634326462337A
:10F7080032326461663066616466653765323664D4
:10F71800336264312F6C6962726172792F636F7220
:10F72800652F7372632F6E756D2F6469795F666CD0
:10F738006F61742E7273002F72757374632F653442
:10F748003038393437626664323030616634326456
:10F758006233323264616630666164666537653289
:10F768003664336264312F6C6962726172792F6317
:10F778006F72652F7372632F6E756D2F666C74329E
:10F788006465632F6D6F642E727300106173736507
:10F798007274696F6E20606C65667420C017207281
:10F7A8006967687460206661696C65640A20206C0A
:10F7B8006566743A20C0090A2072696768743A203D
:10F7C800C0007372635C6D61696E2E727300433A98
:10F7D8005C55736572735C4B61726D615C2E63611D
:10F7E80072676F5C72656769737472795C73726350
:10F7F8005C696E6465782E6372617465732E696FD7
:10F808002D313934396366386336623562353537B8
:10F81800665C696D7872742D68616C2D302E352E9A
:10F8280031345C7372635C636869705C696D7872AB
:10F8380074313078785C74656D706D6F6E2E72738C
:10F8480000433A5C55736572735C4B61726D615C21
:10F858002E636172676F5C72656769737472795C35
:10F868007372635C696E6465782E63726174657324
:10F878002E696F2D313934396366386336623562E3
:10F88800353537665C7465656E7379342D70616ED5
:10F8980069632D302E322E335C7372635C6C69623F
:10F8A8002E7273002F72757374632F653430383974
:10F8B80034376266643230306166343264623332BF
:10F8C8003264616630666164666537653236643312
:10F8D8006264312F6C6962726172792F636F72652D
:10F8E8002F7372632F6E756D2F6269676E756D2E3B
:10F8F800727300015BC00120C0035D3A20C0020D95
:10F908000A00433A5C55736572735C4B61726D61B2
:10F918005C2E636172676F5C726567697374727974
:10F928005C7372635C696E6465782E63726174657A
:10F93800732E696F2D313934396366386336623511
:10F9480062353537665C7573622D64657669636503
:10F958002D302E322E395C7372635C636F6E747255
:10F968006F6C5F706970652E7273000A426173650F
:10F978006C696E653A20C006207061697273004335
:10F988003A5C55736572735C4B61726D615C2E6392
:10F998006172676F5C72656769737472795C7372A0
:10F9A800635C696E6465782E6372617465732E6931
:10F9B8006F2D3139343963663863366235623535CF
:10F9C80037665C696D7872742D757362642D302E9C
:10F9D800322E325C7372635C6275732E72730043ED
:10F9E8003A5C55736572735C4B61726D615C2E6332
:10F9F8006172676F5C72656769737472795C737240
:10FA0800635C696E6465782E6372617465732E69D0
:10FA18006F2D31393439636638633662356235356E
:10FA280037665C696D7872742D757362642D302E3B
:10FA3800322E325C7372635C73746174652E7273F8
:10FA480000C000433A5C55736572735C4B61726D1C
:10FA5800615C2E636172676F5C726567697374724B
:10FA6800795C7372635C696E6465782E6372617425
:10FA780065732E696F2D31393439636638633662A0
:10FA88003562353537665C727469632D74696D65E6
:10FA98002D312E332E305C7372635C6C69622E726A
:10FAA800730016736C69636520696E6465782073EA
:10FAB800746172747320617420C00D2062757420A3
:10FAC800656E647320617420C000433A5C557365A9
:10FAD80072735C4B61726D615C2E636172676F5CFF
:10FAE80072656769737472795C7372635C696E645A
:10FAF80065782E6372617465732E696F2D313934A0
:10FB0800396366386336623562353537665C696DE8
:10FB18007872742D6C6F672D302E312E325C7372B3
:10FB2800635C6C6F675C66726F6E74656E642E7270
:10FB3800730020696E646578206F7574206F662085
:10FB4800626F756E64733A20746865206C656E2008
:10FB5800697320C012206275742074686520696E0C
:10FB680064657820697320C0002F72757374632FE1
:10FB7800653430383934376266643230306166341F
:10FB88003264623332326461663066616466653756
:10FB980065323664336264312F6C696272617279DE
:10FBA8002F636F72652F7372632F6E756D2F666C7E
:10FBB80074326465632F73747261746567792F6436
:10FBC8007261676F6E2E727300433A5C557365728B
:10FBD800735C4B61726D615C2E636172676F5C72FE
:10FBE800656769737472795C7372635C696E646566
:10FBF800782E6372617465732E696F2D31393439CB
:10FC08006366386336623562353537665C757362AC
:10FC18002D6465766963652D302E322E395C7372DA
:10FC2800635C6275732E7273000200433A5C55730D
:10FC38006572735C4B61726D615C2E636172676F94
:10FC48005C72656769737472795C7372635C696E00
:10FC58006465782E6372617465732E696F2D31390E
:10FC680034396366386336623562353537665C69C0
:10FC78006D7872742D757362642D302E322E325C5D
:10FC88007372635C72616C2E7273001072616E67BE
:10FC98006520656E6420696E64657820C022206FD7
:10FCA8007574206F662072616E676520666F7220BA
:10FCB800736C696365206F66206C656E6774682075
:10FCC800C0003D696E7465726E616C206572726FFA
:10FCD800723A20656E746572656420756E7265612E
:10FCE800636861626C6520636F64653A20454E44C1
:10FCF80050544354524C207265676973746572207E
:10FD0800C00E20646F65736E2774206578697374FC
:10FD1800001272616E676520737461727420696E77
:10FD280064657820C022206F7574206F6620726128
:10FD38006E676520666F7220736C696365206F66F5
:10FD4800206C656E67746820C000433A5C55736523
:10FD580072735C4B61726D615C2E636172676F5C7C
:10FD680072656769737472795C7372635C696E64D7
:10FD780065782E6372617465732E696F2D3139341D
:10FD8800396366386336623562353537665C757354
:10FD9800622D6465766963652D302E322E395C7369
:10FDA80072635C6465766963652E7273002F727581
:10FDB8007374632F6534303839343762666432308F
:10FDC800306166343264623332326461663066614F
:10FDD8006466653765323664336264312F6C6962F4
:10FDE800726172792F636F72652F7372632F666DFC
:10FDF800742F6E756D2E7273007372635C66696C16
:10FE08007465722E727300C0013AC0013AC0004393
:10FE18003A5C55736572735C4B61726D615C2E63FD
:10FE28006172676F5C72656769737472795C73720B
:10FE3800635C696E6465782E6372617465732E699C
:10FE48006F2D31393439636638633662356235353A
:10FE580037665C696D7872742D757362642D302E07
:10FE6800322E325C7372635C6472697665722E72CC
:10FE78007300433A5C55736572735C4B61726D61D4
:10FE88005C2E636172676F5C7265676973747279FF
:10FE98005C7372635C696E6465782E637261746505
:10FEA800732E696F2D31393439636638633662359C
:10FEB80062353537665C7573622D6465766963658E
:10FEC8002D302E322E395C7372635C656E64706FF0
:10FED800696E742E727300433A5C55736572735C75
:10FEE8004B61726D615C2E636172676F5C726567EE
:10FEF80069737472795C7372635C696E6465782E79
:10FF08006372617465732E696F2D31393439636694
:10FF1800386336623562353537665C7573622D64D1
:10FF280065766963652D302E322E395C7372635C99
:10FF380064657363726970746F722E727300000067
:10FF4800290720205F000000DE0000000E000000EE
:10FF5800290720205F000000B400000024000000F2
:10FF6800290720205F000000AE00000012000000FA
:10FF7800290720205F000000AB00000020000000DF
:10FF8800290720205F000000C200000024000000B4
:10FF98002A2A2A20414D4249454E5420544553545B
:10FFA800204D4F444520E28094206C616D7020689C
:10FFB800656C64204C4F57202A2A2A00303132338E
:10FFC800343536373839414243444546456E6470C6
:10FFD8006F696E744F766572666C6F77050C000EEC
:10FFE8000006010C03010303050D060768656C6C28
:08FFF8006F5F776F726C643AD1
:02000004600199
:100000003A617070303132333435363738396162A5
:10001000636465660000000050000000494E464FD2
:100020005741524E524157206864723A2074696DAC
:10003000652C70682C6163745F722C7265665F72E8
:100040002C746D705F722C6163745F6D2C726566C9
:100050005F6D2C746D705F6D2C6163745F662C72C4
:1000600065665F662C746D705F662C7261696C509A
:10007000524F43206864723A2074696D652C626C3B
:100080002C61646966662C72646966662C726174A0
:10009000696F5F722C726174696F5F662C62617345
:1000A000652C7273705F722C7273705F662C616264
:1000B000735F722C6162735F662C746176670452A1
:1000C00041572CC0012EC3200000690300012CC041
:1000D000012CC0012CC0012CC0012CC0012CC0017E
:1000E0002CC0012CC5200000700100012CC520008F
:1000F00000700100012CC5200000700100012CC01F
:10010000000550524F432CC0012EC320000069034C
:1001100000012CC0012CC0012CC0012CC520000006
:10012000700400012CC5200000700400012CC520C3
:100130000000700400012CC5200020700200012C7A
:10014000C5200020700200012CC5200000700400B2
:10015000012CC5200000700400012CC0000000002C
:10016000000000000000000001000000D5150000A4
:1001700063616C6C65642060526573756C743A3AA7
:10018000756E77726170282960206F6E20616E2015
:1001900060457272602076616C75650022032020D4
:1001A0000B000000920000001E0000000000000094
:1001B0000C000000040000007B1800002203202037
:1001C0000B000000770000004C000000060020201B
:1001D00068000000880000004100000028295468E1
:1001E000652074696D657220717565756520697328
:1001F000206E6F7420696E697469616C697A6564D8
:1002000020776974682061206D6F6E6F746F6E69FE
:10021000632C20796F75206E65656420746F207281
:10022000756E2060696E697469616C697A656000D9
:10023000A30520205E000000DC0000000D0000008F
:10024000A30520205E000000DA0000003D00000051
:10025000A30520205E000000CD0000003900000052
:10026000537461636B206F766572666C6F77206183
:100270006674657220616C6C6F636174696E67206F
:100280006578656375746F72730000002203202027
:100290000B0000001900000001000000DF04202016
:1002A0005F000000F30000001F000000456E647056
:1002B0006F696E7420737461746520616C7265611E
:1002C00064792061737369676E6564006F0920202B
:1002D00062000000540000002E0000006661696C9E
:1002E000656420746F20616C6C6F6320636F6E7443
:1002F000726F6C20656E64706F696E740A00000026
:100300000A0000000E0000001000000016000000AF
:100310000F0000000B0000000C000000456E647030
:100320006F696E74206D656D6F727920616C726596
:100330006164792061737369676E656452656643B1
:10034000656C6C20616C7265616479206D75746197
:10035000626C7920626F72726F77656401080104C4
:10036000050304080409040A040B010D000F020D23
:100370000306010F0606050F050E06006F09202073
:10038000620000005A00000012000000000000009F
:10039000010000000100000051180000AA08202000
:1003A000620000005B0000000E000000AA08202090
:1003B00062000000520000000E00000059092020D9
:1003C0000D0000006600000009000000590920200F
:1003D0000D0000006D0000000A000000616C6C6FF1
:1003E000635F6570206661696C6564002907202081
:1003F0005F000000040100000E000000290720201B
:100400005F000000160100000E000000576F756CC1
:1004100064426C6F636B50617273654572726F7288
:100420004275666665724F766572666C6F77456E6B
:1004300064706F696E744D656D6F72794F76657219
:10044000666C6F77496E76616C6964456E64706F37
:10045000696E74556E737570706F72746564496EF1
:1004600076616C696453746174656C6F67676572FB
:1004700020616C726561647920736574696D78724E
:10048000742D6C6F67000000640F20206E0F202019
:10049000780F20202C0B2020860F20209C0F20205E
:1004A000AB0F2020B60F2020DF0420205F000000CB
:1004B000F30000001F000000370A20206600000043
:1004C0006500000009000000370A202066000000D7
:1004D0006600000009000000370A202066000000C6
:1004E0005D00000025000000370A202066000000A3
:1004F0003B0100001B0000005573624275732069C8
:100500006E697469616C697A6174696F6E206E6F6F
:100510007420636F6D706C6574650000D2092020D3
:1005200064000000510000000D0000000000000009
:10053000040000000400000063210000B720000058
:100540004B2100002A062020670000003200000036
:100550002100000000100100000000001000000059
:10056000040000003D240000772300003724000031
:100570000000000030000000040000008B26000096
:10058000892000007B2000008727000091200000C8
:100590006F250000B32400008320000083200000AA
:1005A0008320000062042020680000008500000015
:1005B0004100000062042020680000004F0000009D
:1005C000310000006204202068000000CF0000001D
:1005D0003300000062042020680000003E0000009C
:1005E00012000000556E6B6E6F776E20737461742D
:1005F00065206265666F72652073757370656E64E1
:10060000AA08202062000000B00000001A000000CC
:10061000020302040205060C0100010101020103AC
:100620000106010A000C010B000D0106010A000C75
:10063000010B000D010D000F020D0306060005035E
:10064000050F050E0203020501000101010201036D
:100650000303010C000E00060607050C050D03013F
:1006600004080409040A040B050103000706010835
:10067000010406060509050A050B617373657274AA
:10068000696F6E206661696C65643A202154414B44
:10069000454E2E7377617028747275652C204F72E9
:1006A000646572696E673A3A5365714373742900E1
:1006B0006F00202062000000B10000000500000073
:1006C000417564696F20504C4C206469766964659B
:1006D000722073656C656374696F6E206D757374D9
:1006E00020626520696E2072616E67652066726F98
:1006F0006D20323720746F20353420696E636C753D
:1007000073697665D2002020750000007700000034
:1007100009000000504C4C20726571756972657358
:10072000206E756D657261746F72206265206C65F4
:100730007373207468616E207468652064656E6FE1
:100740006D696E61746F7200D20020207500000028
:100750007B00000009000000D2002020750000008E
:10076000660000000F0000004D6178696D756D2016
:10077000504C4C34206F75747075742072616E67C4
:10078000652069732066726F6D203635304D487A6A
:1007900020746F20312E3347487A0000D200202089
:1007A000750000008000000009000000000000004B
:1007B0000000000001000000010000000100000036
:1007C00000001000000008000000100000000800F9
:1007D000000000002E03202072000000A000000096
:1007E00016000000DF0420205F000000F30000007E
:1007F0001F000000DF0420205F000000E500000073
:100800001B0000006F09202062000000CC000000E7
:10081000470000006F09202062000000680100000E
:100820000E0000006F09202062000000F4000000AC
:10083000450000006F092020620000000201000056
:10084000470000006F0920206200000052010000F4
:100850000E0000006F09202062000000120100005D
:10086000370000006F0920206200000040010000F6
:10087000370000006F092020620000002B010000FB
:10088000370000008B0720205F00000025000000DB
:10089000160000003F052020610000000701000055
:1008A000210000003F052020610000000E01000033
:1008B000210000003F05202061000000CD00000065
:1008C000210000003F05202061000000BB00000067
:1008D0001D000000370A20206600000065000000AF
:1008E00009000000370A20206600000066000000B2
:1008F00009000000370A2020660000005D000000AB
:1009000025000000370A20206600000004010000D6
:100910001F000000370A202066000000A30000002E
:1009200011000000370A2020660000005801000076
:1009300009000000370A202066000000590100006D
:1009400009000000370A2020660000006201000054
:1009500015000000370A2020660000009301000007
:100960001B000000370A2020660000009E010000E6
:1009700009000000370A2020660000009F010000E7
:1009800009000000370A202066000000A0010000D6
:1009900009000000370A202066000000A3010000C3
:1009A00018000000370A202066000000AC0100009B
:1009B00018000000480120206200000067000000CD
:1009C0000A000000C7670000BD670000BD670000A7
:1009D000B76700007465656E7379345F70616E6926
:1009E000634F46464552524F524445425547545232
:1009F0004143450039152020030000003C1520200C
:100A000005000000780B202004000000740B20205B
:100A1000040000004115202005000000461520209C
:100A200005000000000000000000000001000000C0
:100A3000336A0000276A00002D6A00003030303130
:100A4000303230333034303530363037303830397A
:100A50003130313131323133313431353136313772
:100A60003138313932303231323232333234323558
:100A7000323632373238323933303331333233333E
:100A80003334333533363337333833393430343124
:100A9000343234333434343534363437343834390A
:100AA0003530353135323533353435353536353702
:100AB00035383539363036313632363336343635E8
:100AC00036363637363836393730373137323733CE
:100AD00037343735373637373738373938303831B4
:100AE000383238333834383538363837383838399A
:100AF0003930393139323933393439353936393792
:100B0000393839392D3000000D0920204B00000004
:100B10005E020000050000000D0920204B000000CF
:100B20005F020000050000002E2B3078303030309E
:100B300030303030303030303030303030303030B5
:100B400030303030303030303030303030303030A5
:100B50003030303030303030303030303030303095
:100B60003030303030303030303030306173736599
:100B70007274696F6E206661696C65643A206F7487
:100B8000686572203E2030617373657274696F6EA0
:100B9000206661696C65643A206E6F626F72726F75
:100BA00077000000040420204E00000084010000B3
:100BB00001000000617373657274696F6E20666175
:100BC000696C65643A20646967697473203C2034F9
:100BD00030617373657274696F6E206661696C65EC
:100BE000643A2070617274732E6C656E2829203E01
:100BF0003D2034617373657274696F6E206661693C
:100C00006C65643A206275662E6C656E2829203EFC
:100C10003D204D41585F5349475F4449474954532C
:100C20004E614E696E66302E617373657274696FC2
:100C30006E206661696C65643A20216275662E6972
:100C4000735F656D70747928290000009702202079
:100C500053000000B70000000500000061737365D9
:100C60007274696F6E206661696C65643A206275A2
:100C7000665B305D203E20622730270097022020EF
:100C800053000000B800000005000000970220207B
:100C900053000000B9000000050000006173736597
:100CA0007274696F6E206661696C65643A20627562
:100CB000662E6C656E2829203E3D206D61786C653E
:100CC0006E00000097022020530000007A0200000E
:100CD0000D000000000000FFDF451A3D03CF1AE6BB
:100CE000C1FBCCFE00000000CAC69AC717FE70AB5D
:100CF000DCFBD4FE000000004FDCBCBEFCB177FF83
:100D0000F6FBDCFE000000000CD66B41EF9156BEF6
:100D100011FCE4FE000000003CFC7F90AD1FD08D74
:100D20002CFCECFE00000000839A5531285C51D366
:100D300046FCF4FE00000000B5C9A6AD8FAC719D65
:100D400061FCFCFE00000000CB8BEE2377229CEAC6
:100D50007BFC04FF000000006D5378409149CCAE4D
:100D600096FC0CFF0000000057CEB65D79123C8265
:100D7000B1FC14FF000000003756FB4D369410C242
:100D8000CBFC1CFF000000004F9848386FEA96909B
:100D9000E6FC24FF00000000C73A8225CB8574D70B
:100DA00000FD2CFF00000000F497BF97CDCF86A078
:100DB0001BFD34FF00000000E5AC2A17980A34EF51
:100DC00035FD3CFF000000008EB2352AFB6738B2CB
:100DD00050FD44FF000000003B3FC6D2DFD4C88472
:100DE0006BFD4CFF00000000BACDD31A2744DDC5CF
:100DF00085FD54FF0000000096C925BBCE9F6B9374
:100E0000A0FD5CFF0000000084A5627D246CACDBCB
:100E1000BAFD64FF00000000F6DA5F0D5866ABA370
:100E2000D5FD6CFF0000000026F1C3DE93F8E2F36D
:100E3000EFFD74FF00000000B880FFAAA8ADB5B5B3
:100E40000AFE7CFF000000008B4A7C6C055F628715
:100E500025FE84FF000000005330C13460FFBCC990
:100E60003FFE8CFF000000005526BA918C854E96FF
:100E70005AFE94FF00000000BD7E29702477F9DF40
:100E800074FE9CFF000000008FB8E5B89FBDDFA690
:100E90008FFEA4FF00000000947D7488CF5FA9F846
:100EA000A9FEACFF00000000CF9BA88F937044B94F
:100EB000C4FEB4FF000000006B150FBFF8F0088AF5
:100EC000DFFEBCFF00000000B63131655525B0CD16
:100ED000F9FEC4FF00000000AC7F7BD0C6E23F9962
:100EE00014FFCCFF00000000063B2B2AC4105CE47A
:100EF0002EFFD4FF00000000D3927369992424AA26
:100F000049FFDCFF000000000ECA0083F2B587FD38
:100F100063FFE4FF00000000EB1A11926408E5BCD7
:100F20007EFFECFF00000000CC88506F09CCBC8C29
:100F300099FFF4FF000000002C6519E25817B7D1A3
:100F4000B3FFFCFF00000000000000000000409C18
:100F5000CEFF0400000000000000000010A5D4E84F
:100F6000E8FF0C0000000000000062ACC5EB78ADAB
:100F70000300140000000000840994F878393F81D0
:100F80001E001C0000000000B31507C97BCE97C0EF
:100F90003800240000000000705CEA7BCE327E8FB7
:100FA00053002C00000000006880E9ABA438D2D5C3
:100FB0006D0034000000000045229A1726274F9F3D
:100FC00088003C000000000027FBC4D431A263ED80
:100FD000A200440000000000A8ADC88C3865DEB057
:100FE000BD004C0000000000DB65AB1A8E08C78313
:100FF000D8005400000000009A1D7142F91D5DC424
:10100000F2005C000000000058E71BA62C694D921E
:101010000D01640000000000EA8D701A64EE01DA30
:1010200027016C00000000004A77EF9A99A36DA297
:101030004201740000000000856B7DB47B7809F2EA
:101040005C017C00000000007718DD79A1E454B455
:101050007701840000000000C2C59B5B92865B861E
:1010600092018C00000000003D5D96C8C55335C854
:10107000AC01940000000000B3A097FA5CB42A957C
:10108000C7019C0000000000E35FA099BD9F46DE01
:10109000E101A40000000000258C39DB34C29BA5CF
:1010A000FC01AC00000000005C9F98A3729AC6F699
:1010B0001602B40000000000CEBEE95453BFDCB7F6
:1010C0003102BC0000000000E24122F217F3FC886C
:1010D0004C02C40000000000A5785CD39BCE20CC5D
:1010E0006602CC0000000000DF53217BF35A169803
:1010F0008102D400000000003A301F97DCB5A0E266
:101100009B02DC000000000096B3E35C53D1D9A839
:10111000B602E400000000003C44A7A4D97C9BFB7D
:10112000D002EC00000000001044A4A74C4C76BB99
:10113000EB02F400000000001A9C40B6EF8EAB8B6F
:101140000603FC00000000002C8457A610EF1FD0FF
:101150002003040100000000293191E9E5A4109B5F
:101160003B030C01000000009D0C9CA1FB9B10E7C1
:10117000550314010000000029F43B62D92028AC7B
:1011800070031C010000000085CFA77A5E4B4480ED
:101190008B032401000000002DDDAC0340E421BFDF
:1011A000A5032C01000000008FFF445E2F9C678E7A
:1011B000C00334010000000041B88C9C9D1733D45B
:1011C000DA033C0100000000A91BE3B492DB199E86
:1011D000F503440100000000D977DFBA6EBF96EB3B
:1011E0000F044C0100000000E60120205E0000001A
:1011F000EF02000026000000E60120205E00000053
:10120000E302000026000000E60120205E0000004E
:10121000CC02000026000000617373657274696F70
:101220006E206661696C65643A20642E6D616E742F
:10123000203E2030E60120205E000000DC0100009E
:1012400005000000617373657274696F6E206661DA
:10125000696C65643A20642E6D616E74203C2028B0
:1012600031203C3C20363129E60120205E00000080
:10127000DD01000005000000E60120205E00000006
:10128000DE01000005000000E60120205E000000F5
:101290007D00000015000000E60120205E00000037
:1012A0003302000011000000E60120205E00000073
:1012B0003602000009000000E60120205E00000068
:1012C0006C02000009000000E60120205E00000022
:1012D000A900000005000000617373657274696FF6
:1012E0006E206661696C65643A20642E6D696E7566
:1012F00073203E2030000000E60120205E00000048
:10130000AA00000005000000617373657274696FC4
:101310006E206661696C65643A20642E706C75732A
:10132000203E2030E60120205E000000AB000000DF
:1013300005000000E60120205E000000AE00000075
:1013400005000000617373657274696F6E206661D9
:10135000696C65643A20642E6D616E74202B206484
:101360002E706C7573203C202831203C3C20363197
:1013700029000000E60120205E000000AF00000010
:1013800005000000E60120205E0000000A010000C8
:1013900011000000E60120205E0000000D010000A9
:1013A00009000000E60120205E000000400100006E
:1013B00009000000617373657274696F6E20666165
:1013C000696C65643A20642E6D616E742E63686585
:1013D000636B65645F73756228642E6D696E7573E7
:1013E000292E69735F736F6D65282900E60120203F
:1013F0005E000000AD000000050000006173736531
:101400007274696F6E206661696C65643A20642E3F
:101410006D616E742E636865636B65645F6164649F
:1014200028642E706C7573292E69735F736F6D65F8
:1014300028290000E60120205E000000AC0000002A
:1014400005000000C90620205F0000000B0100001D
:1014500005000000C90620205F0000000C0100000C
:1014600005000000C90620205F0000000D010000FB
:1014700005000000C90620205F0000007201000086
:1014800024000000C90620205F0000007701000052
:101490002F000000C90620205F000000840100002A
:1014A00012000000C90620205F0000006601000055
:1014B0000D000000C90620205F0000004C01000064
:1014C00022000000C90620205F0000000F0100007C
:1014D00005000000C90620205F0000000E0100008A
:1014E00005000000C90620205F0000007600000013
:1014F00005000000C90620205F0000007700000002
:1015000005000000C90620205F00000078000000F0
:1015100005000000C90620205F0000007B000000DD
:1015200005000000C90620205F000000C200000086
:1015300009000000C90620205F000000FB00000039
:101540000D000000C90620205F000000020100001D
:1015500012000000C90620205F0000007A00000091
:1015600005000000C90620205F000000790000008F
:1015700005000000010000000A00000064000000F7
:10158000E803000010270000A086010040420F0081
:101590008096980000E1F50500CA9A3BC16FF2867B
:1015A0002300000081EFAC855B416D2DEE0400004F
:1015B000011F6ABF64ED386EED97A7DAF4F93FE9D1
:1015C000034F1800013E952E0999DF03FD38150FD2
:1015D0002FE47423ECF5CFD308DC04C4DAB0CDBC1F
:1015E000197F33A603261FE94E020000017C2E98C6
:1015F0005B87D3BE729FD9D8872F1512C650DE6B7A
:10160000706E4ACF0FD895D56E71B226B066C6AD52
:101610002436151D5AD3423C0E54FF63C07355CC7B
:1016200017EFF965F228BC55F7C7DC80DCED6EF4E6
:10163000CEEFDC5FF753050045022020510000008B
:101640002E0000000900000063616C6C656420607E
:101650004F7074696F6E3A3A756E777261702829AF
:1016600060206F6E206120604E6F6E656020766135
:101670006C7565617474656D707420746F20646935
:1016800076696465206279207A65726F606173792A
:101690006E6320666E6020726573756D656420618F
:1016A0006674657220636F6D706C6574696F6E002F
:1016B0000000000004000000040000009F6A000019
:1016C0003D3D213D6D617463686573526566436598
:1016D0006C6C20616C726561647920626F72726FEC
:1016E00077656470616E69636B6564206174203A2C
:1016F0000A000000182220201A2220201C2220206C
:0C170000020000000200000007000000D2
:10170C0000000000000000000000000000000000CD
:10171C0000000000000000000000000000000000BD
:10172C0000000000000000000000000000000000AD
:10173C00000000000000000000000000000000009D
:10174C00000000000000000000000000000000008D
:10175C00000000000000000000000000000000007D
:10176C00000000000000000000000000000000006D
:10177C00000000000000000000000000000000005D
:10178C00000000000000000000000000000000004D
:10179C00000000000000000000000000000000003D
:1017AC00000000000000000000000000000000002D
:1017BC00000000000000000000000000000000001D
:1017CC00000000000000000000000000000000000D
:1017DC0000000000000000000000000000000000FD
:1017EC0000000000000000000000000000000000ED
:1017FC0000000000000000000000000000000000DD
:10180C0000000000000000000000000000000000CC
:10181C0000000000000000000000000000000000BC
:10182C0000000000000000000000000000000000AC
:10183C00000000000000000000000000000000009C
:10184C00000000000000000000000000000000008C
:10185C00000000000000000000000000000000007C
:10186C00000000000000000000000000000000006C
:10187C00000000000000000000000000000000005C
:10188C0000800E4000C00E4001000000010000006E
:04189C007C15202077
:040000056000103156
:00000001FF
